ISO-10303-21;
HEADER;
FILE_DESCRIPTION(('Open CASCADE Model'),'2;1');
FILE_NAME('Open CASCADE Shape Model','2026-09-25T11:10:26',('Author'),(
    'Open CASCADE'),'Open CASCADE STEP processor 8.0','build123d',
  'Unknown');
FILE_SCHEMA(('AUTOMOTIVE_DESIGN { 1 0 10303 214 1 1 1 1 }'));
ENDSEC;
DATA;
#1 = APPLICATION_PROTOCOL_DEFINITION('international standard',
  'automotive_design',2000,#2);
#2 = APPLICATION_CONTEXT(
  'core data for automotive mechanical design processes');
#3 = SHAPE_DEFINITION_REPRESENTATION(#4,#10);
#4 = PRODUCT_DEFINITION_SHAPE('','',#5);
#5 = PRODUCT_DEFINITION('design','',#6,#9);
#6 = PRODUCT_DEFINITION_FORMATION('','',#7);
#7 = PRODUCT('COMPOUND','COMPOUND','',(#8));
#8 = PRODUCT_CONTEXT('',#2,'mechanical');
#9 = PRODUCT_DEFINITION_CONTEXT('part definition',#2,'design');
#10 = SHAPE_REPRESENTATION('',(#11,#15,#19,#23,#27,#31,#35,#39,#43),#47
  );
#11 = AXIS2_PLACEMENT_3D('',#12,#13,#14);
#12 = CARTESIAN_POINT('',(0.,0.,0.));
#13 = DIRECTION('',(0.,0.,1.));
#14 = DIRECTION('',(1.,0.,-0.));
#15 = AXIS2_PLACEMENT_3D('',#16,#17,#18);
#16 = CARTESIAN_POINT('',(0.,0.,0.));
#17 = DIRECTION('',(0.,0.,1.));
#18 = DIRECTION('',(1.,0.,-0.));
#19 = AXIS2_PLACEMENT_3D('',#20,#21,#22);
#20 = CARTESIAN_POINT('',(0.,0.,0.));
#21 = DIRECTION('',(0.,0.,1.));
#22 = DIRECTION('',(1.,0.,-0.));
#23 = AXIS2_PLACEMENT_3D('',#24,#25,#26);
#24 = CARTESIAN_POINT('',(0.,0.,0.));
#25 = DIRECTION('',(0.,0.,1.));
#26 = DIRECTION('',(1.,0.,-0.));
#27 = AXIS2_PLACEMENT_3D('',#28,#29,#30);
#28 = CARTESIAN_POINT('',(-3.325,0.,2.9));
#29 = DIRECTION('',(0.,0.,1.));
#30 = DIRECTION('',(1.,0.,-0.));
#31 = AXIS2_PLACEMENT_3D('',#32,#33,#34);
#32 = CARTESIAN_POINT('',(0.,0.,7.05));
#33 = DIRECTION('',(0.,0.,1.));
#34 = DIRECTION('',(1.,0.,-0.));
#35 = AXIS2_PLACEMENT_3D('',#36,#37,#38);
#36 = CARTESIAN_POINT('',(11.1,0.,1.5));
#37 = DIRECTION('',(0.,0.,1.));
#38 = DIRECTION('',(1.,0.,-0.));
#39 = AXIS2_PLACEMENT_3D('',#40,#41,#42);
#40 = CARTESIAN_POINT('',(0.,0.,0.));
#41 = DIRECTION('',(0.,0.,1.));
#42 = DIRECTION('',(1.,0.,-0.));
#43 = AXIS2_PLACEMENT_3D('',#44,#45,#46);
#44 = CARTESIAN_POINT('',(0.,0.,0.));
#45 = DIRECTION('',(0.,0.,1.));
#46 = DIRECTION('',(1.,0.,-0.));
#47 = ( GEOMETRIC_REPRESENTATION_CONTEXT(3) 
GLOBAL_UNCERTAINTY_ASSIGNED_CONTEXT((#51)) GLOBAL_UNIT_ASSIGNED_CONTEXT(
(#48,#49,#50)) REPRESENTATION_CONTEXT('Context #1',
  '3D Context with UNIT and UNCERTAINTY') );
#48 = ( LENGTH_UNIT() NAMED_UNIT(*) SI_UNIT(.MILLI.,.METRE.) );
#49 = ( NAMED_UNIT(*) PLANE_ANGLE_UNIT() SI_UNIT($,.RADIAN.) );
#50 = ( NAMED_UNIT(*) SI_UNIT($,.STERADIAN.) SOLID_ANGLE_UNIT() );
#51 = UNCERTAINTY_MEASURE_WITH_UNIT(LENGTH_MEASURE(1.E-07),#48,
  'distance_accuracy_value','confusion accuracy');
#52 = PRODUCT_RELATED_PRODUCT_CATEGORY('part',$,(#7));
#53 = SHAPE_DEFINITION_REPRESENTATION(#54,#60);
#54 = PRODUCT_DEFINITION_SHAPE('','',#55);
#55 = PRODUCT_DEFINITION('design','',#56,#59);
#56 = PRODUCT_DEFINITION_FORMATION('','',#57);
#57 = PRODUCT('COMPOUND','COMPOUND','',(#58));
#58 = PRODUCT_CONTEXT('',#2,'mechanical');
#59 = PRODUCT_DEFINITION_CONTEXT('part definition',#2,'design');
#60 = ADVANCED_BREP_SHAPE_REPRESENTATION('',(#11,#61),#3011);
#61 = MANIFOLD_SOLID_BREP('',#62);
#62 = CLOSED_SHELL('',(#63,#183,#551,#772,#1000,#1433,#1527,#1621,#1819,
    #2020,#2027,#2077,#2153,#2202,#2251,#2278,#2328,#2378,#2428,#2480,
    #2532,#2581,#2630,#2683,#2736,#2805,#2852,#2899,#2924,#2934,#2944,
    #2971,#2998));
#63 = ADVANCED_FACE('',(#64),#78,.F.);
#64 = FACE_BOUND('',#65,.F.);
#65 = EDGE_LOOP('',(#66,#101,#129,#157));
#66 = ORIENTED_EDGE('',*,*,#67,.F.);
#67 = EDGE_CURVE('',#68,#70,#72,.T.);
#68 = VERTEX_POINT('',#69);
#69 = CARTESIAN_POINT('',(-15.,-17.,10.));
#70 = VERTEX_POINT('',#71);
#71 = CARTESIAN_POINT('',(-15.,17.,10.));
#72 = SURFACE_CURVE('',#73,(#77,#89),.PCURVE_S1.);
#73 = LINE('',#74,#75);
#74 = CARTESIAN_POINT('',(-15.,-20.,10.));
#75 = VECTOR('',#76,1.);
#76 = DIRECTION('',(-0.,1.,0.));
#77 = PCURVE('',#78,#83);
#78 = PLANE('',#79);
#79 = AXIS2_PLACEMENT_3D('',#80,#81,#82);
#80 = CARTESIAN_POINT('',(-15.,-20.,0.));
#81 = DIRECTION('',(1.,0.,-0.));
#82 = DIRECTION('',(0.,0.,1.));
#83 = DEFINITIONAL_REPRESENTATION('',(#84),#88);
#84 = LINE('',#85,#86);
#85 = CARTESIAN_POINT('',(10.,0.));
#86 = VECTOR('',#87,1.);
#87 = DIRECTION('',(0.,-1.));
#88 = ( GEOMETRIC_REPRESENTATION_CONTEXT(2) 
PARAMETRIC_REPRESENTATION_CONTEXT() REPRESENTATION_CONTEXT('2D SPACE',''
  ) );
#89 = PCURVE('',#90,#95);
#90 = PLANE('',#91);
#91 = AXIS2_PLACEMENT_3D('',#92,#93,#94);
#92 = CARTESIAN_POINT('',(-15.,-20.,10.));
#93 = DIRECTION('',(0.,0.,1.));
#94 = DIRECTION('',(1.,0.,-0.));
#95 = DEFINITIONAL_REPRESENTATION('',(#96),#100);
#96 = LINE('',#97,#98);
#97 = CARTESIAN_POINT('',(0.,0.));
#98 = VECTOR('',#99,1.);
#99 = DIRECTION('',(0.,1.));
#100 = ( GEOMETRIC_REPRESENTATION_CONTEXT(2) 
PARAMETRIC_REPRESENTATION_CONTEXT() REPRESENTATION_CONTEXT('2D SPACE',''
  ) );
#101 = ORIENTED_EDGE('',*,*,#102,.F.);
#102 = EDGE_CURVE('',#103,#68,#105,.T.);
#103 = VERTEX_POINT('',#104);
#104 = CARTESIAN_POINT('',(-15.,-17.,0.));
#105 = SURFACE_CURVE('',#106,(#110,#117),.PCURVE_S1.);
#106 = LINE('',#107,#108);
#107 = CARTESIAN_POINT('',(-15.,-17.,0.));
#108 = VECTOR('',#109,1.);
#109 = DIRECTION('',(0.,0.,1.));
#110 = PCURVE('',#78,#111);
#111 = DEFINITIONAL_REPRESENTATION('',(#112),#116);
#112 = LINE('',#113,#114);
#113 = CARTESIAN_POINT('',(0.,-3.));
#114 = VECTOR('',#115,1.);
#115 = DIRECTION('',(1.,0.));
#116 = ( GEOMETRIC_REPRESENTATION_CONTEXT(2) 
PARAMETRIC_REPRESENTATION_CONTEXT() REPRESENTATION_CONTEXT('2D SPACE',''
  ) );
#117 = PCURVE('',#118,#123);
#118 = CYLINDRICAL_SURFACE('',#119,3.);
#119 = AXIS2_PLACEMENT_3D('',#120,#121,#122);
#120 = CARTESIAN_POINT('',(-12.,-17.,0.));
#121 = DIRECTION('',(0.,0.,1.));
#122 = DIRECTION('',(-1.,-0.,0.));
#123 = DEFINITIONAL_REPRESENTATION('',(#124),#128);
#124 = LINE('',#125,#126);
#125 = CARTESIAN_POINT('',(0.,0.));
#126 = VECTOR('',#127,1.);
#127 = DIRECTION('',(0.,1.));
#128 = ( GEOMETRIC_REPRESENTATION_CONTEXT(2) 
PARAMETRIC_REPRESENTATION_CONTEXT() REPRESENTATION_CONTEXT('2D SPACE',''
  ) );
#129 = ORIENTED_EDGE('',*,*,#130,.T.);
#130 = EDGE_CURVE('',#103,#131,#133,.T.);
#131 = VERTEX_POINT('',#132);
#132 = CARTESIAN_POINT('',(-15.,17.,0.));
#133 = SURFACE_CURVE('',#134,(#138,#145),.PCURVE_S1.);
#134 = LINE('',#135,#136);
#135 = CARTESIAN_POINT('',(-15.,-20.,0.));
#136 = VECTOR('',#137,1.);
#137 = DIRECTION('',(-0.,1.,0.));
#138 = PCURVE('',#78,#139);
#139 = DEFINITIONAL_REPRESENTATION('',(#140),#144);
#140 = LINE('',#141,#142);
#141 = CARTESIAN_POINT('',(0.,0.));
#142 = VECTOR('',#143,1.);
#143 = DIRECTION('',(0.,-1.));
#144 = ( GEOMETRIC_REPRESENTATION_CONTEXT(2) 
PARAMETRIC_REPRESENTATION_CONTEXT() REPRESENTATION_CONTEXT('2D SPACE',''
  ) );
#145 = PCURVE('',#146,#151);
#146 = PLANE('',#147);
#147 = AXIS2_PLACEMENT_3D('',#148,#149,#150);
#148 = CARTESIAN_POINT('',(-15.,-20.,0.));
#149 = DIRECTION('',(0.,0.,1.));
#150 = DIRECTION('',(1.,0.,-0.));
#151 = DEFINITIONAL_REPRESENTATION('',(#152),#156);
#152 = LINE('',#153,#154);
#153 = CARTESIAN_POINT('',(0.,0.));
#154 = VECTOR('',#155,1.);
#155 = DIRECTION('',(0.,1.));
#156 = ( GEOMETRIC_REPRESENTATION_CONTEXT(2) 
PARAMETRIC_REPRESENTATION_CONTEXT() REPRESENTATION_CONTEXT('2D SPACE',''
  ) );
#157 = ORIENTED_EDGE('',*,*,#158,.T.);
#158 = EDGE_CURVE('',#131,#70,#159,.T.);
#159 = SURFACE_CURVE('',#160,(#164,#171),.PCURVE_S1.);
#160 = LINE('',#161,#162);
#161 = CARTESIAN_POINT('',(-15.,17.,0.));
#162 = VECTOR('',#163,1.);
#163 = DIRECTION('',(0.,0.,1.));
#164 = PCURVE('',#78,#165);
#165 = DEFINITIONAL_REPRESENTATION('',(#166),#170);
#166 = LINE('',#167,#168);
#167 = CARTESIAN_POINT('',(0.,-37.));
#168 = VECTOR('',#169,1.);
#169 = DIRECTION('',(1.,0.));
#170 = ( GEOMETRIC_REPRESENTATION_CONTEXT(2) 
PARAMETRIC_REPRESENTATION_CONTEXT() REPRESENTATION_CONTEXT('2D SPACE',''
  ) );
#171 = PCURVE('',#172,#177);
#172 = CYLINDRICAL_SURFACE('',#173,3.);
#173 = AXIS2_PLACEMENT_3D('',#174,#175,#176);
#174 = CARTESIAN_POINT('',(-12.,17.,0.));
#175 = DIRECTION('',(0.,0.,1.));
#176 = DIRECTION('',(-1.,-0.,0.));
#177 = DEFINITIONAL_REPRESENTATION('',(#178),#182);
#178 = LINE('',#179,#180);
#179 = CARTESIAN_POINT('',(-0.,0.));
#180 = VECTOR('',#181,1.);
#181 = DIRECTION('',(-0.,1.));
#182 = ( GEOMETRIC_REPRESENTATION_CONTEXT(2) 
PARAMETRIC_REPRESENTATION_CONTEXT() REPRESENTATION_CONTEXT('2D SPACE',''
  ) );
#183 = ADVANCED_FACE('',(#184,#383,#414,#520),#90,.T.);
#184 = FACE_BOUND('',#185,.T.);
#185 = EDGE_LOOP('',(#186,#187,#211,#239,#272,#300,#329,#357));
#186 = ORIENTED_EDGE('',*,*,#67,.F.);
#187 = ORIENTED_EDGE('',*,*,#188,.T.);
#188 = EDGE_CURVE('',#68,#189,#191,.T.);
#189 = VERTEX_POINT('',#190);
#190 = CARTESIAN_POINT('',(-12.,-20.,10.));
#191 = SURFACE_CURVE('',#192,(#197,#204),.PCURVE_S1.);
#192 = CIRCLE('',#193,3.);
#193 = AXIS2_PLACEMENT_3D('',#194,#195,#196);
#194 = CARTESIAN_POINT('',(-12.,-17.,10.));
#195 = DIRECTION('',(0.,0.,1.));
#196 = DIRECTION('',(0.,-1.,0.));
#197 = PCURVE('',#90,#198);
#198 = DEFINITIONAL_REPRESENTATION('',(#199),#203);
#199 = CIRCLE('',#200,3.);
#200 = AXIS2_PLACEMENT_2D('',#201,#202);
#201 = CARTESIAN_POINT('',(3.,3.));
#202 = DIRECTION('',(0.,-1.));
#203 = ( GEOMETRIC_REPRESENTATION_CONTEXT(2) 
PARAMETRIC_REPRESENTATION_CONTEXT() REPRESENTATION_CONTEXT('2D SPACE',''
  ) );
#204 = PCURVE('',#118,#205);
#205 = DEFINITIONAL_REPRESENTATION('',(#206),#210);
#206 = LINE('',#207,#208);
#207 = CARTESIAN_POINT('',(-4.712388980385,10.));
#208 = VECTOR('',#209,1.);
#209 = DIRECTION('',(1.,0.));
#210 = ( GEOMETRIC_REPRESENTATION_CONTEXT(2) 
PARAMETRIC_REPRESENTATION_CONTEXT() REPRESENTATION_CONTEXT('2D SPACE',''
  ) );
#211 = ORIENTED_EDGE('',*,*,#212,.T.);
#212 = EDGE_CURVE('',#189,#213,#215,.T.);
#213 = VERTEX_POINT('',#214);
#214 = CARTESIAN_POINT('',(12.,-20.,10.));
#215 = SURFACE_CURVE('',#216,(#220,#227),.PCURVE_S1.);
#216 = LINE('',#217,#218);
#217 = CARTESIAN_POINT('',(-15.,-20.,10.));
#218 = VECTOR('',#219,1.);
#219 = DIRECTION('',(1.,0.,-0.));
#220 = PCURVE('',#90,#221);
#221 = DEFINITIONAL_REPRESENTATION('',(#222),#226);
#222 = LINE('',#223,#224);
#223 = CARTESIAN_POINT('',(0.,0.));
#224 = VECTOR('',#225,1.);
#225 = DIRECTION('',(1.,0.));
#226 = ( GEOMETRIC_REPRESENTATION_CONTEXT(2) 
PARAMETRIC_REPRESENTATION_CONTEXT() REPRESENTATION_CONTEXT('2D SPACE',''
  ) );
#227 = PCURVE('',#228,#233);
#228 = PLANE('',#229);
#229 = AXIS2_PLACEMENT_3D('',#230,#231,#232);
#230 = CARTESIAN_POINT('',(-15.,-20.,0.));
#231 = DIRECTION('',(-0.,1.,0.));
#232 = DIRECTION('',(0.,0.,1.));
#233 = DEFINITIONAL_REPRESENTATION('',(#234),#238);
#234 = LINE('',#235,#236);
#235 = CARTESIAN_POINT('',(10.,0.));
#236 = VECTOR('',#237,1.);
#237 = DIRECTION('',(0.,1.));
#238 = ( GEOMETRIC_REPRESENTATION_CONTEXT(2) 
PARAMETRIC_REPRESENTATION_CONTEXT() REPRESENTATION_CONTEXT('2D SPACE',''
  ) );
#239 = ORIENTED_EDGE('',*,*,#240,.F.);
#240 = EDGE_CURVE('',#241,#213,#243,.T.);
#241 = VERTEX_POINT('',#242);
#242 = CARTESIAN_POINT('',(15.,-17.,10.));
#243 = SURFACE_CURVE('',#244,(#249,#260),.PCURVE_S1.);
#244 = CIRCLE('',#245,3.);
#245 = AXIS2_PLACEMENT_3D('',#246,#247,#248);
#246 = CARTESIAN_POINT('',(12.,-17.,10.));
#247 = DIRECTION('',(-0.,-0.,-1.));
#248 = DIRECTION('',(0.,-1.,0.));
#249 = PCURVE('',#90,#250);
#250 = DEFINITIONAL_REPRESENTATION('',(#251),#259);
#251 = ( BOUNDED_CURVE() B_SPLINE_CURVE(2,(#252,#253,#254,#255,#256,#257
,#258),.UNSPECIFIED.,.T.,.F.) B_SPLINE_CURVE_WITH_KNOTS((1,2,2,2,2,1),(
    -2.094395102393,0.,2.094395102393,4.188790204786,6.28318530718,
8.377580409573),.UNSPECIFIED.) CURVE() GEOMETRIC_REPRESENTATION_ITEM() 
RATIONAL_B_SPLINE_CURVE((1.,0.5,1.,0.5,1.,0.5,1.)) REPRESENTATION_ITEM(
  '') );
#252 = CARTESIAN_POINT('',(27.,0.));
#253 = CARTESIAN_POINT('',(21.803847577293,0.));
#254 = CARTESIAN_POINT('',(24.401923788647,4.5));
#255 = CARTESIAN_POINT('',(27.,9.));
#256 = CARTESIAN_POINT('',(29.598076211353,4.5));
#257 = CARTESIAN_POINT('',(32.196152422707,4.440892098501E-15));
#258 = CARTESIAN_POINT('',(27.,0.));
#259 = ( GEOMETRIC_REPRESENTATION_CONTEXT(2) 
PARAMETRIC_REPRESENTATION_CONTEXT() REPRESENTATION_CONTEXT('2D SPACE',''
  ) );
#260 = PCURVE('',#261,#266);
#261 = CYLINDRICAL_SURFACE('',#262,3.);
#262 = AXIS2_PLACEMENT_3D('',#263,#264,#265);
#263 = CARTESIAN_POINT('',(12.,-17.,0.));
#264 = DIRECTION('',(0.,0.,1.));
#265 = DIRECTION('',(1.,0.,-0.));
#266 = DEFINITIONAL_REPRESENTATION('',(#267),#271);
#267 = LINE('',#268,#269);
#268 = CARTESIAN_POINT('',(4.712388980385,10.));
#269 = VECTOR('',#270,1.);
#270 = DIRECTION('',(-1.,0.));
#271 = ( GEOMETRIC_REPRESENTATION_CONTEXT(2) 
PARAMETRIC_REPRESENTATION_CONTEXT() REPRESENTATION_CONTEXT('2D SPACE',''
  ) );
#272 = ORIENTED_EDGE('',*,*,#273,.T.);
#273 = EDGE_CURVE('',#241,#274,#276,.T.);
#274 = VERTEX_POINT('',#275);
#275 = CARTESIAN_POINT('',(15.,17.,10.));
#276 = SURFACE_CURVE('',#277,(#281,#288),.PCURVE_S1.);
#277 = LINE('',#278,#279);
#278 = CARTESIAN_POINT('',(15.,-20.,10.));
#279 = VECTOR('',#280,1.);
#280 = DIRECTION('',(-0.,1.,0.));
#281 = PCURVE('',#90,#282);
#282 = DEFINITIONAL_REPRESENTATION('',(#283),#287);
#283 = LINE('',#284,#285);
#284 = CARTESIAN_POINT('',(30.,0.));
#285 = VECTOR('',#286,1.);
#286 = DIRECTION('',(0.,1.));
#287 = ( GEOMETRIC_REPRESENTATION_CONTEXT(2) 
PARAMETRIC_REPRESENTATION_CONTEXT() REPRESENTATION_CONTEXT('2D SPACE',''
  ) );
#288 = PCURVE('',#289,#294);
#289 = PLANE('',#290);
#290 = AXIS2_PLACEMENT_3D('',#291,#292,#293);
#291 = CARTESIAN_POINT('',(15.,-20.,0.));
#292 = DIRECTION('',(1.,0.,-0.));
#293 = DIRECTION('',(0.,0.,1.));
#294 = DEFINITIONAL_REPRESENTATION('',(#295),#299);
#295 = LINE('',#296,#297);
#296 = CARTESIAN_POINT('',(10.,0.));
#297 = VECTOR('',#298,1.);
#298 = DIRECTION('',(0.,-1.));
#299 = ( GEOMETRIC_REPRESENTATION_CONTEXT(2) 
PARAMETRIC_REPRESENTATION_CONTEXT() REPRESENTATION_CONTEXT('2D SPACE',''
  ) );
#300 = ORIENTED_EDGE('',*,*,#301,.T.);
#301 = EDGE_CURVE('',#274,#302,#304,.T.);
#302 = VERTEX_POINT('',#303);
#303 = CARTESIAN_POINT('',(12.,20.,10.));
#304 = SURFACE_CURVE('',#305,(#310,#317),.PCURVE_S1.);
#305 = CIRCLE('',#306,3.);
#306 = AXIS2_PLACEMENT_3D('',#307,#308,#309);
#307 = CARTESIAN_POINT('',(12.,17.,10.));
#308 = DIRECTION('',(0.,0.,1.));
#309 = DIRECTION('',(0.,-1.,0.));
#310 = PCURVE('',#90,#311);
#311 = DEFINITIONAL_REPRESENTATION('',(#312),#316);
#312 = CIRCLE('',#313,3.);
#313 = AXIS2_PLACEMENT_2D('',#314,#315);
#314 = CARTESIAN_POINT('',(27.,37.));
#315 = DIRECTION('',(0.,-1.));
#316 = ( GEOMETRIC_REPRESENTATION_CONTEXT(2) 
PARAMETRIC_REPRESENTATION_CONTEXT() REPRESENTATION_CONTEXT('2D SPACE',''
  ) );
#317 = PCURVE('',#318,#323);
#318 = CYLINDRICAL_SURFACE('',#319,3.);
#319 = AXIS2_PLACEMENT_3D('',#320,#321,#322);
#320 = CARTESIAN_POINT('',(12.,17.,0.));
#321 = DIRECTION('',(0.,0.,1.));
#322 = DIRECTION('',(1.,0.,-0.));
#323 = DEFINITIONAL_REPRESENTATION('',(#324),#328);
#324 = LINE('',#325,#326);
#325 = CARTESIAN_POINT('',(-1.570796326795,10.));
#326 = VECTOR('',#327,1.);
#327 = DIRECTION('',(1.,0.));
#328 = ( GEOMETRIC_REPRESENTATION_CONTEXT(2) 
PARAMETRIC_REPRESENTATION_CONTEXT() REPRESENTATION_CONTEXT('2D SPACE',''
  ) );
#329 = ORIENTED_EDGE('',*,*,#330,.F.);
#330 = EDGE_CURVE('',#331,#302,#333,.T.);
#331 = VERTEX_POINT('',#332);
#332 = CARTESIAN_POINT('',(-12.,20.,10.));
#333 = SURFACE_CURVE('',#334,(#338,#345),.PCURVE_S1.);
#334 = LINE('',#335,#336);
#335 = CARTESIAN_POINT('',(-15.,20.,10.));
#336 = VECTOR('',#337,1.);
#337 = DIRECTION('',(1.,0.,-0.));
#338 = PCURVE('',#90,#339);
#339 = DEFINITIONAL_REPRESENTATION('',(#340),#344);
#340 = LINE('',#341,#342);
#341 = CARTESIAN_POINT('',(0.,40.));
#342 = VECTOR('',#343,1.);
#343 = DIRECTION('',(1.,0.));
#344 = ( GEOMETRIC_REPRESENTATION_CONTEXT(2) 
PARAMETRIC_REPRESENTATION_CONTEXT() REPRESENTATION_CONTEXT('2D SPACE',''
  ) );
#345 = PCURVE('',#346,#351);
#346 = PLANE('',#347);
#347 = AXIS2_PLACEMENT_3D('',#348,#349,#350);
#348 = CARTESIAN_POINT('',(-15.,20.,0.));
#349 = DIRECTION('',(-0.,1.,0.));
#350 = DIRECTION('',(0.,0.,1.));
#351 = DEFINITIONAL_REPRESENTATION('',(#352),#356);
#352 = LINE('',#353,#354);
#353 = CARTESIAN_POINT('',(10.,0.));
#354 = VECTOR('',#355,1.);
#355 = DIRECTION('',(0.,1.));
#356 = ( GEOMETRIC_REPRESENTATION_CONTEXT(2) 
PARAMETRIC_REPRESENTATION_CONTEXT() REPRESENTATION_CONTEXT('2D SPACE',''
  ) );
#357 = ORIENTED_EDGE('',*,*,#358,.F.);
#358 = EDGE_CURVE('',#70,#331,#359,.T.);
#359 = SURFACE_CURVE('',#360,(#365,#376),.PCURVE_S1.);
#360 = CIRCLE('',#361,3.);
#361 = AXIS2_PLACEMENT_3D('',#362,#363,#364);
#362 = CARTESIAN_POINT('',(-12.,17.,10.));
#363 = DIRECTION('',(-0.,-0.,-1.));
#364 = DIRECTION('',(0.,-1.,0.));
#365 = PCURVE('',#90,#366);
#366 = DEFINITIONAL_REPRESENTATION('',(#367),#375);
#367 = ( BOUNDED_CURVE() B_SPLINE_CURVE(2,(#368,#369,#370,#371,#372,#373
,#374),.UNSPECIFIED.,.T.,.F.) B_SPLINE_CURVE_WITH_KNOTS((1,2,2,2,2,1),(
    -2.094395102393,0.,2.094395102393,4.188790204786,6.28318530718,
8.377580409573),.UNSPECIFIED.) CURVE() GEOMETRIC_REPRESENTATION_ITEM() 
RATIONAL_B_SPLINE_CURVE((1.,0.5,1.,0.5,1.,0.5,1.)) REPRESENTATION_ITEM(
  '') );
#368 = CARTESIAN_POINT('',(3.,34.));
#369 = CARTESIAN_POINT('',(-2.196152422707,34.));
#370 = CARTESIAN_POINT('',(0.401923788647,38.5));
#371 = CARTESIAN_POINT('',(3.,43.));
#372 = CARTESIAN_POINT('',(5.598076211353,38.5));
#373 = CARTESIAN_POINT('',(8.196152422707,34.));
#374 = CARTESIAN_POINT('',(3.,34.));
#375 = ( GEOMETRIC_REPRESENTATION_CONTEXT(2) 
PARAMETRIC_REPRESENTATION_CONTEXT() REPRESENTATION_CONTEXT('2D SPACE',''
  ) );
#376 = PCURVE('',#172,#377);
#377 = DEFINITIONAL_REPRESENTATION('',(#378),#382);
#378 = LINE('',#379,#380);
#379 = CARTESIAN_POINT('',(1.570796326795,10.));
#380 = VECTOR('',#381,1.);
#381 = DIRECTION('',(-1.,0.));
#382 = ( GEOMETRIC_REPRESENTATION_CONTEXT(2) 
PARAMETRIC_REPRESENTATION_CONTEXT() REPRESENTATION_CONTEXT('2D SPACE',''
  ) );
#383 = FACE_BOUND('',#384,.T.);
#384 = EDGE_LOOP('',(#385));
#385 = ORIENTED_EDGE('',*,*,#386,.F.);
#386 = EDGE_CURVE('',#387,#387,#389,.T.);
#387 = VERTEX_POINT('',#388);
#388 = CARTESIAN_POINT('',(0.8,-17.4,10.));
#389 = SURFACE_CURVE('',#390,(#395,#402),.PCURVE_S1.);
#390 = CIRCLE('',#391,0.8);
#391 = AXIS2_PLACEMENT_3D('',#392,#393,#394);
#392 = CARTESIAN_POINT('',(0.,-17.4,10.));
#393 = DIRECTION('',(0.,0.,1.));
#394 = DIRECTION('',(1.,0.,-0.));
#395 = PCURVE('',#90,#396);
#396 = DEFINITIONAL_REPRESENTATION('',(#397),#401);
#397 = CIRCLE('',#398,0.8);
#398 = AXIS2_PLACEMENT_2D('',#399,#400);
#399 = CARTESIAN_POINT('',(15.,2.6));
#400 = DIRECTION('',(1.,0.));
#401 = ( GEOMETRIC_REPRESENTATION_CONTEXT(2) 
PARAMETRIC_REPRESENTATION_CONTEXT() REPRESENTATION_CONTEXT('2D SPACE',''
  ) );
#402 = PCURVE('',#403,#408);
#403 = CYLINDRICAL_SURFACE('',#404,0.8);
#404 = AXIS2_PLACEMENT_3D('',#405,#406,#407);
#405 = CARTESIAN_POINT('',(0.,-17.4,6.));
#406 = DIRECTION('',(0.,0.,1.));
#407 = DIRECTION('',(1.,0.,-0.));
#408 = DEFINITIONAL_REPRESENTATION('',(#409),#413);
#409 = LINE('',#410,#411);
#410 = CARTESIAN_POINT('',(0.,4.));
#411 = VECTOR('',#412,1.);
#412 = DIRECTION('',(1.,0.));
#413 = ( GEOMETRIC_REPRESENTATION_CONTEXT(2) 
PARAMETRIC_REPRESENTATION_CONTEXT() REPRESENTATION_CONTEXT('2D SPACE',''
  ) );
#414 = FACE_BOUND('',#415,.T.);
#415 = EDGE_LOOP('',(#416,#444,#470,#496));
#416 = ORIENTED_EDGE('',*,*,#417,.T.);
#417 = EDGE_CURVE('',#418,#420,#422,.T.);
#418 = VERTEX_POINT('',#419);
#419 = CARTESIAN_POINT('',(13.5,-14.8,10.));
#420 = VERTEX_POINT('',#421);
#421 = CARTESIAN_POINT('',(-13.5,-14.8,10.));
#422 = SURFACE_CURVE('',#423,(#427,#433),.PCURVE_S1.);
#423 = LINE('',#424,#425);
#424 = CARTESIAN_POINT('',(-14.25,-14.8,10.));
#425 = VECTOR('',#426,1.);
#426 = DIRECTION('',(-1.,-0.,0.));
#427 = PCURVE('',#90,#428);
#428 = DEFINITIONAL_REPRESENTATION('',(#429),#432);
#429 = B_SPLINE_CURVE_WITH_KNOTS('',1,(#430,#431),.UNSPECIFIED.,.F.,.F.,
  (2,2),(-27.75,-0.75),.PIECEWISE_BEZIER_KNOTS.);
#430 = CARTESIAN_POINT('',(28.5,5.2));
#431 = CARTESIAN_POINT('',(1.5,5.2));
#432 = ( GEOMETRIC_REPRESENTATION_CONTEXT(2) 
PARAMETRIC_REPRESENTATION_CONTEXT() REPRESENTATION_CONTEXT('2D SPACE',''
  ) );
#433 = PCURVE('',#434,#439);
#434 = PLANE('',#435);
#435 = AXIS2_PLACEMENT_3D('',#436,#437,#438);
#436 = CARTESIAN_POINT('',(-13.5,-14.8,1.));
#437 = DIRECTION('',(-0.,1.,0.));
#438 = DIRECTION('',(0.,0.,1.));
#439 = DEFINITIONAL_REPRESENTATION('',(#440),#443);
#440 = B_SPLINE_CURVE_WITH_KNOTS('',1,(#441,#442),.UNSPECIFIED.,.F.,.F.,
  (2,2),(-27.75,-0.75),.PIECEWISE_BEZIER_KNOTS.);
#441 = CARTESIAN_POINT('',(9.,27.));
#442 = CARTESIAN_POINT('',(9.,0.));
#443 = ( GEOMETRIC_REPRESENTATION_CONTEXT(2) 
PARAMETRIC_REPRESENTATION_CONTEXT() REPRESENTATION_CONTEXT('2D SPACE',''
  ) );
#444 = ORIENTED_EDGE('',*,*,#445,.T.);
#445 = EDGE_CURVE('',#420,#446,#448,.T.);
#446 = VERTEX_POINT('',#447);
#447 = CARTESIAN_POINT('',(-13.5,14.8,10.));
#448 = SURFACE_CURVE('',#449,(#453,#459),.PCURVE_S1.);
#449 = LINE('',#450,#451);
#450 = CARTESIAN_POINT('',(-13.5,-17.4,10.));
#451 = VECTOR('',#452,1.);
#452 = DIRECTION('',(-0.,1.,0.));
#453 = PCURVE('',#90,#454);
#454 = DEFINITIONAL_REPRESENTATION('',(#455),#458);
#455 = B_SPLINE_CURVE_WITH_KNOTS('',1,(#456,#457),.UNSPECIFIED.,.F.,.F.,
  (2,2),(2.6,32.2),.PIECEWISE_BEZIER_KNOTS.);
#456 = CARTESIAN_POINT('',(1.5,5.2));
#457 = CARTESIAN_POINT('',(1.5,34.8));
#458 = ( GEOMETRIC_REPRESENTATION_CONTEXT(2) 
PARAMETRIC_REPRESENTATION_CONTEXT() REPRESENTATION_CONTEXT('2D SPACE',''
  ) );
#459 = PCURVE('',#460,#465);
#460 = PLANE('',#461);
#461 = AXIS2_PLACEMENT_3D('',#462,#463,#464);
#462 = CARTESIAN_POINT('',(-13.5,-14.8,1.));
#463 = DIRECTION('',(1.,0.,-0.));
#464 = DIRECTION('',(0.,0.,1.));
#465 = DEFINITIONAL_REPRESENTATION('',(#466),#469);
#466 = B_SPLINE_CURVE_WITH_KNOTS('',1,(#467,#468),.UNSPECIFIED.,.F.,.F.,
  (2,2),(2.6,32.2),.PIECEWISE_BEZIER_KNOTS.);
#467 = CARTESIAN_POINT('',(9.,0.));
#468 = CARTESIAN_POINT('',(9.,-29.6));
#469 = ( GEOMETRIC_REPRESENTATION_CONTEXT(2) 
PARAMETRIC_REPRESENTATION_CONTEXT() REPRESENTATION_CONTEXT('2D SPACE',''
  ) );
#470 = ORIENTED_EDGE('',*,*,#471,.F.);
#471 = EDGE_CURVE('',#472,#446,#474,.T.);
#472 = VERTEX_POINT('',#473);
#473 = CARTESIAN_POINT('',(13.5,14.8,10.));
#474 = SURFACE_CURVE('',#475,(#479,#485),.PCURVE_S1.);
#475 = LINE('',#476,#477);
#476 = CARTESIAN_POINT('',(-14.25,14.8,10.));
#477 = VECTOR('',#478,1.);
#478 = DIRECTION('',(-1.,-0.,0.));
#479 = PCURVE('',#90,#480);
#480 = DEFINITIONAL_REPRESENTATION('',(#481),#484);
#481 = B_SPLINE_CURVE_WITH_KNOTS('',1,(#482,#483),.UNSPECIFIED.,.F.,.F.,
  (2,2),(-27.75,-0.75),.PIECEWISE_BEZIER_KNOTS.);
#482 = CARTESIAN_POINT('',(28.5,34.8));
#483 = CARTESIAN_POINT('',(1.5,34.8));
#484 = ( GEOMETRIC_REPRESENTATION_CONTEXT(2) 
PARAMETRIC_REPRESENTATION_CONTEXT() REPRESENTATION_CONTEXT('2D SPACE',''
  ) );
#485 = PCURVE('',#486,#491);
#486 = PLANE('',#487);
#487 = AXIS2_PLACEMENT_3D('',#488,#489,#490);
#488 = CARTESIAN_POINT('',(-13.5,14.8,1.));
#489 = DIRECTION('',(-0.,1.,0.));
#490 = DIRECTION('',(0.,0.,1.));
#491 = DEFINITIONAL_REPRESENTATION('',(#492),#495);
#492 = B_SPLINE_CURVE_WITH_KNOTS('',1,(#493,#494),.UNSPECIFIED.,.F.,.F.,
  (2,2),(-27.75,-0.75),.PIECEWISE_BEZIER_KNOTS.);
#493 = CARTESIAN_POINT('',(9.,27.));
#494 = CARTESIAN_POINT('',(9.,0.));
#495 = ( GEOMETRIC_REPRESENTATION_CONTEXT(2) 
PARAMETRIC_REPRESENTATION_CONTEXT() REPRESENTATION_CONTEXT('2D SPACE',''
  ) );
#496 = ORIENTED_EDGE('',*,*,#497,.F.);
#497 = EDGE_CURVE('',#418,#472,#498,.T.);
#498 = SURFACE_CURVE('',#499,(#503,#509),.PCURVE_S1.);
#499 = LINE('',#500,#501);
#500 = CARTESIAN_POINT('',(13.5,-17.4,10.));
#501 = VECTOR('',#502,1.);
#502 = DIRECTION('',(-0.,1.,0.));
#503 = PCURVE('',#90,#504);
#504 = DEFINITIONAL_REPRESENTATION('',(#505),#508);
#505 = B_SPLINE_CURVE_WITH_KNOTS('',1,(#506,#507),.UNSPECIFIED.,.F.,.F.,
  (2,2),(2.6,32.2),.PIECEWISE_BEZIER_KNOTS.);
#506 = CARTESIAN_POINT('',(28.5,5.2));
#507 = CARTESIAN_POINT('',(28.5,34.8));
#508 = ( GEOMETRIC_REPRESENTATION_CONTEXT(2) 
PARAMETRIC_REPRESENTATION_CONTEXT() REPRESENTATION_CONTEXT('2D SPACE',''
  ) );
#509 = PCURVE('',#510,#515);
#510 = PLANE('',#511);
#511 = AXIS2_PLACEMENT_3D('',#512,#513,#514);
#512 = CARTESIAN_POINT('',(13.5,-14.8,1.));
#513 = DIRECTION('',(1.,0.,-0.));
#514 = DIRECTION('',(0.,0.,1.));
#515 = DEFINITIONAL_REPRESENTATION('',(#516),#519);
#516 = B_SPLINE_CURVE_WITH_KNOTS('',1,(#517,#518),.UNSPECIFIED.,.F.,.F.,
  (2,2),(2.6,32.2),.PIECEWISE_BEZIER_KNOTS.);
#517 = CARTESIAN_POINT('',(9.,0.));
#518 = CARTESIAN_POINT('',(9.,-29.6));
#519 = ( GEOMETRIC_REPRESENTATION_CONTEXT(2) 
PARAMETRIC_REPRESENTATION_CONTEXT() REPRESENTATION_CONTEXT('2D SPACE',''
  ) );
#520 = FACE_BOUND('',#521,.T.);
#521 = EDGE_LOOP('',(#522));
#522 = ORIENTED_EDGE('',*,*,#523,.F.);
#523 = EDGE_CURVE('',#524,#524,#526,.T.);
#524 = VERTEX_POINT('',#525);
#525 = CARTESIAN_POINT('',(0.8,17.4,10.));
#526 = SURFACE_CURVE('',#527,(#532,#539),.PCURVE_S1.);
#527 = CIRCLE('',#528,0.8);
#528 = AXIS2_PLACEMENT_3D('',#529,#530,#531);
#529 = CARTESIAN_POINT('',(0.,17.4,10.));
#530 = DIRECTION('',(0.,0.,1.));
#531 = DIRECTION('',(1.,0.,-0.));
#532 = PCURVE('',#90,#533);
#533 = DEFINITIONAL_REPRESENTATION('',(#534),#538);
#534 = CIRCLE('',#535,0.8);
#535 = AXIS2_PLACEMENT_2D('',#536,#537);
#536 = CARTESIAN_POINT('',(15.,37.4));
#537 = DIRECTION('',(1.,0.));
#538 = ( GEOMETRIC_REPRESENTATION_CONTEXT(2) 
PARAMETRIC_REPRESENTATION_CONTEXT() REPRESENTATION_CONTEXT('2D SPACE',''
  ) );
#539 = PCURVE('',#540,#545);
#540 = CYLINDRICAL_SURFACE('',#541,0.8);
#541 = AXIS2_PLACEMENT_3D('',#542,#543,#544);
#542 = CARTESIAN_POINT('',(0.,17.4,6.));
#543 = DIRECTION('',(0.,0.,1.));
#544 = DIRECTION('',(1.,0.,-0.));
#545 = DEFINITIONAL_REPRESENTATION('',(#546),#550);
#546 = LINE('',#547,#548);
#547 = CARTESIAN_POINT('',(0.,4.));
#548 = VECTOR('',#549,1.);
#549 = DIRECTION('',(1.,0.));
#550 = ( GEOMETRIC_REPRESENTATION_CONTEXT(2) 
PARAMETRIC_REPRESENTATION_CONTEXT() REPRESENTATION_CONTEXT('2D SPACE',''
  ) );
#551 = ADVANCED_FACE('',(#552,#601),#118,.T.);
#552 = FACE_BOUND('',#553,.T.);
#553 = EDGE_LOOP('',(#554,#578,#599,#600));
#554 = ORIENTED_EDGE('',*,*,#555,.T.);
#555 = EDGE_CURVE('',#103,#556,#558,.T.);
#556 = VERTEX_POINT('',#557);
#557 = CARTESIAN_POINT('',(-12.,-20.,0.));
#558 = SURFACE_CURVE('',#559,(#564,#571),.PCURVE_S1.);
#559 = CIRCLE('',#560,3.);
#560 = AXIS2_PLACEMENT_3D('',#561,#562,#563);
#561 = CARTESIAN_POINT('',(-12.,-17.,0.));
#562 = DIRECTION('',(0.,0.,1.));
#563 = DIRECTION('',(0.,-1.,0.));
#564 = PCURVE('',#118,#565);
#565 = DEFINITIONAL_REPRESENTATION('',(#566),#570);
#566 = LINE('',#567,#568);
#567 = CARTESIAN_POINT('',(-4.712388980385,0.));
#568 = VECTOR('',#569,1.);
#569 = DIRECTION('',(1.,0.));
#570 = ( GEOMETRIC_REPRESENTATION_CONTEXT(2) 
PARAMETRIC_REPRESENTATION_CONTEXT() REPRESENTATION_CONTEXT('2D SPACE',''
  ) );
#571 = PCURVE('',#146,#572);
#572 = DEFINITIONAL_REPRESENTATION('',(#573),#577);
#573 = CIRCLE('',#574,3.);
#574 = AXIS2_PLACEMENT_2D('',#575,#576);
#575 = CARTESIAN_POINT('',(3.,3.));
#576 = DIRECTION('',(0.,-1.));
#577 = ( GEOMETRIC_REPRESENTATION_CONTEXT(2) 
PARAMETRIC_REPRESENTATION_CONTEXT() REPRESENTATION_CONTEXT('2D SPACE',''
  ) );
#578 = ORIENTED_EDGE('',*,*,#579,.T.);
#579 = EDGE_CURVE('',#556,#189,#580,.T.);
#580 = SURFACE_CURVE('',#581,(#585,#592),.PCURVE_S1.);
#581 = LINE('',#582,#583);
#582 = CARTESIAN_POINT('',(-12.,-20.,0.));
#583 = VECTOR('',#584,1.);
#584 = DIRECTION('',(0.,0.,1.));
#585 = PCURVE('',#118,#586);
#586 = DEFINITIONAL_REPRESENTATION('',(#587),#591);
#587 = LINE('',#588,#589);
#588 = CARTESIAN_POINT('',(1.570796326795,0.));
#589 = VECTOR('',#590,1.);
#590 = DIRECTION('',(0.,1.));
#591 = ( GEOMETRIC_REPRESENTATION_CONTEXT(2) 
PARAMETRIC_REPRESENTATION_CONTEXT() REPRESENTATION_CONTEXT('2D SPACE',''
  ) );
#592 = PCURVE('',#228,#593);
#593 = DEFINITIONAL_REPRESENTATION('',(#594),#598);
#594 = LINE('',#595,#596);
#595 = CARTESIAN_POINT('',(0.,3.));
#596 = VECTOR('',#597,1.);
#597 = DIRECTION('',(1.,0.));
#598 = ( GEOMETRIC_REPRESENTATION_CONTEXT(2) 
PARAMETRIC_REPRESENTATION_CONTEXT() REPRESENTATION_CONTEXT('2D SPACE',''
  ) );
#599 = ORIENTED_EDGE('',*,*,#188,.F.);
#600 = ORIENTED_EDGE('',*,*,#102,.F.);
#601 = FACE_BOUND('',#602,.T.);
#602 = EDGE_LOOP('',(#603));
#603 = ORIENTED_EDGE('',*,*,#604,.T.);
#604 = EDGE_CURVE('',#605,#605,#607,.T.);
#605 = VERTEX_POINT('',#606);
#606 = CARTESIAN_POINT('',(-14.82842712474,-18.,2.1));
#607 = SURFACE_CURVE('',#608,(#659,#713),.PCURVE_S1.);
#608 = B_SPLINE_CURVE_WITH_KNOTS('',7,(#609,#610,#611,#612,#613,#614,
    #615,#616,#617,#618,#619,#620,#621,#622,#623,#624,#625,#626,#627,
    #628,#629,#630,#631,#632,#633,#634,#635,#636,#637,#638,#639,#640,
    #641,#642,#643,#644,#645,#646,#647,#648,#649,#650,#651,#652,#653,
    #654,#655,#656,#657,#658),.UNSPECIFIED.,.T.,.F.,(8,6,6,6,6,6,6,6,8),
  (0.,0.117133355405,0.255719423111,0.394276569908,0.530876517235,
    0.639622137958,0.7579885029,0.877409909838,1.),.UNSPECIFIED.);
#609 = CARTESIAN_POINT('',(-14.82842712474,-18.,2.1));
#610 = CARTESIAN_POINT('',(-14.86278186859,-17.90283011063,2.1));
#611 = CARTESIAN_POINT('',(-14.89306781113,-17.80477570665,
    2.112239606077));
#612 = CARTESIAN_POINT('',(-14.9185056326,-17.70826858385,2.137119925859
    ));
#613 = CARTESIAN_POINT('',(-14.93890750688,-17.61579401934,
    2.174258504594));
#614 = CARTESIAN_POINT('',(-14.95467516004,-17.52970100155,
    2.222527213418));
#615 = CARTESIAN_POINT('',(-14.96655062294,-17.4519832395,2.280000959082
    ));
#616 = CARTESIAN_POINT('',(-14.98572696462,-17.30336406942,
    2.419563649353));
#617 = CARTESIAN_POINT('',(-14.99187216033,-17.23569539178,
    2.504817598701));
#618 = CARTESIAN_POINT('',(-14.99523509446,-17.18137540844,
    2.597264958068));
#619 = CARTESIAN_POINT('',(-14.99697797621,-17.14062292884,
    2.694830337599));
#620 = CARTESIAN_POINT('',(-14.99788229031,-17.11351007233,
    2.795628765215));
#621 = CARTESIAN_POINT('',(-14.99833287011,-17.1,2.897911377452));
#622 = CARTESIAN_POINT('',(-14.99833287011,-17.1,3.102067318129));
#623 = CARTESIAN_POINT('',(-14.99788247765,-17.11350443249,
    3.204348268407));
#624 = CARTESIAN_POINT('',(-14.99697823219,-17.14061534536,
    3.305156478793));
#625 = CARTESIAN_POINT('',(-14.99523553115,-17.18137171986,3.40273410769
    ));
#626 = CARTESIAN_POINT('',(-14.99187220099,-17.23569860027,
    3.495189228193));
#627 = CARTESIAN_POINT('',(-14.98572604926,-17.3033711636,3.580443012529
    ));
#628 = CARTESIAN_POINT('',(-14.96508959191,-17.46330642212,
    3.730632217164));
#629 = CARTESIAN_POINT('',(-14.9506159397,-17.55600009924,3.796581381245
    ));
#630 = CARTESIAN_POINT('',(-14.93062999642,-17.65993110287,
    3.849337273894));
#631 = CARTESIAN_POINT('',(-14.90396094492,-17.77162044126,
    3.885976299846));
#632 = CARTESIAN_POINT('',(-14.87019725529,-17.8870380216,3.905138617842
    ));
#633 = CARTESIAN_POINT('',(-14.83021938483,-18.00203958807,
    3.906895513835));
#634 = CARTESIAN_POINT('',(-14.75075889964,-18.20097490747,
    3.881764138584));
#635 = CARTESIAN_POINT('',(-14.71228382652,-18.28784694401,3.86046934536
    ));
#636 = CARTESIAN_POINT('',(-14.67111182035,-18.37202720817,3.82920043537
    ));
#637 = CARTESIAN_POINT('',(-14.62810870103,-18.45215328293,
    3.788378699862));
#638 = CARTESIAN_POINT('',(-14.58449066977,-18.52694429765,
    3.738647988523));
#639 = CARTESIAN_POINT('',(-14.54175306783,-18.59524685955,
    3.680864340493));
#640 = CARTESIAN_POINT('',(-14.45765403549,-18.72227785987,
    3.545590064782));
#641 = CARTESIAN_POINT('',(-14.41652252354,-18.77996580657,
    3.466445804203));
#642 = CARTESIAN_POINT('',(-14.38040535629,-18.82736617078,
    3.380234176629));
#643 = CARTESIAN_POINT('',(-14.35154093964,-18.86345870463,
    3.288822510325));
#644 = CARTESIAN_POINT('',(-14.33165001713,-18.88776574997,3.19394116656
    ));
#645 = CARTESIAN_POINT('',(-14.32163735324,-18.9,3.097148622924));
#646 = CARTESIAN_POINT('',(-14.32163735324,-18.9,2.901985456448));
#647 = CARTESIAN_POINT('',(-14.33182921302,-18.88754668454,
    2.804917968212));
#648 = CARTESIAN_POINT('',(-14.35185680761,-18.86307319316,
    2.710182935542));
#649 = CARTESIAN_POINT('',(-14.38069847831,-18.82697697764,2.61914431111
    ));
#650 = CARTESIAN_POINT('',(-14.41666270025,-18.7797520355,2.533334226738
    ));
#651 = CARTESIAN_POINT('',(-14.45764461253,-18.72229209319,
    2.454425092169));
#652 = CARTESIAN_POINT('',(-14.54648826948,-18.58809437057,
    2.311519032357));
#653 = CARTESIAN_POINT('',(-14.59531802515,-18.50965495045,
    2.246663158475));
#654 = CARTESIAN_POINT('',(-14.64597789378,-18.4215306048,2.191296753255
    ));
#655 = CARTESIAN_POINT('',(-14.69631340631,-18.32485738221,
    2.147256965401));
#656 = CARTESIAN_POINT('',(-14.74442664127,-18.22110576506,
    2.116279779034));
#657 = CARTESIAN_POINT('',(-14.78880605798,-18.11206529995,2.1));
#658 = CARTESIAN_POINT('',(-14.82842712474,-18.,2.1));
#659 = PCURVE('',#118,#660);
#660 = DEFINITIONAL_REPRESENTATION('',(#661),#712);
#661 = B_SPLINE_CURVE_WITH_KNOTS('',7,(#662,#663,#664,#665,#666,#667,
    #668,#669,#670,#671,#672,#673,#674,#675,#676,#677,#678,#679,#680,
    #681,#682,#683,#684,#685,#686,#687,#688,#689,#690,#691,#692,#693,
    #694,#695,#696,#697,#698,#699,#700,#701,#702,#703,#704,#705,#706,
    #707,#708,#709,#710,#711),.UNSPECIFIED.,.T.,.F.,(8,6,6,6,6,6,6,6,8),
  (0.,0.117133355405,0.255719423111,0.394276569908,0.530876517235,
    0.639622137958,0.7579885029,0.877409909838,1.),.UNSPECIFIED.);
#662 = CARTESIAN_POINT('',(0.339836909454,2.1));
#663 = CARTESIAN_POINT('',(0.305482165607,2.1));
#664 = CARTESIAN_POINT('',(0.271301486999,2.112239606077));
#665 = CARTESIAN_POINT('',(0.238079826005,2.137119925859));
#666 = CARTESIAN_POINT('',(0.206554644767,2.174258504594));
#667 = CARTESIAN_POINT('',(0.177400512588,2.222527213418));
#668 = CARTESIAN_POINT('',(0.151201068241,2.280000959082));
#669 = CARTESIAN_POINT('',(0.101250659727,2.419563649353));
#670 = CARTESIAN_POINT('',(7.861776409343E-02,2.504817598701));
#671 = CARTESIAN_POINT('',(6.048407826926E-02,2.597264958068));
#672 = CARTESIAN_POINT('',(4.688798129046E-02,2.694830337599));
#673 = CARTESIAN_POINT('',(3.78453777874E-02,2.795628765215));
#674 = CARTESIAN_POINT('',(3.33395092613E-02,2.897911377452));
#675 = CARTESIAN_POINT('',(3.33395092613E-02,3.102067318129));
#676 = CARTESIAN_POINT('',(3.784349786593E-02,3.204348268407));
#677 = CARTESIAN_POINT('',(4.688544918084E-02,3.305156478793));
#678 = CARTESIAN_POINT('',(6.048284937203E-02,3.40273410769));
#679 = CARTESIAN_POINT('',(7.861882279501E-02,3.495189228193));
#680 = CARTESIAN_POINT('',(0.101253044058,3.580443012529));
#681 = CARTESIAN_POINT('',(0.15500675224,3.730632217164));
#682 = CARTESIAN_POINT('',(0.186267838704,3.796581381245));
#683 = CARTESIAN_POINT('',(0.221511131595,3.849337273894));
#684 = CARTESIAN_POINT('',(0.259710800758,3.885976299846));
#685 = CARTESIAN_POINT('',(0.29971517778,3.905138617842));
#686 = CARTESIAN_POINT('',(0.340257475371,3.906895513835));
#687 = CARTESIAN_POINT('',(0.411663380832,3.881764138584));
#688 = CARTESIAN_POINT('',(0.443312310679,3.86046934536));
#689 = CARTESIAN_POINT('',(0.474512401724,3.82920043537));
#690 = CARTESIAN_POINT('',(0.504788992458,3.788378699862));
#691 = CARTESIAN_POINT('',(0.533625621703,3.738647988523));
#692 = CARTESIAN_POINT('',(0.560474037022,3.680864340493));
#693 = CARTESIAN_POINT('',(0.611256276135,3.545590064782));
#694 = CARTESIAN_POINT('',(0.634858745917,3.466445804203));
#695 = CARTESIAN_POINT('',(0.654709456174,3.380234176629));
#696 = CARTESIAN_POINT('',(0.67011389747,3.288822510325));
#697 = CARTESIAN_POINT('',(0.680583219881,3.19394116656));
#698 = CARTESIAN_POINT('',(0.685852964619,3.097148622924));
#699 = CARTESIAN_POINT('',(0.685852964619,2.901985456448));
#700 = CARTESIAN_POINT('',(0.680488890472,2.804917968212));
#701 = CARTESIAN_POINT('',(0.669947713267,2.710182935542));
#702 = CARTESIAN_POINT('',(0.654547343066,2.61914431111));
#703 = CARTESIAN_POINT('',(0.634773542988,2.533334226738));
#704 = CARTESIAN_POINT('',(0.611261966085,2.454425092169));
#705 = CARTESIAN_POINT('',(0.55761473965,2.311519032357));
#706 = CARTESIAN_POINT('',(0.526828004276,2.246663158475));
#707 = CARTESIAN_POINT('',(0.492979884676,2.191296753255));
#708 = CARTESIAN_POINT('',(0.456710643069,2.147256965401));
#709 = CARTESIAN_POINT('',(0.418657133162,2.116279779034));
#710 = CARTESIAN_POINT('',(0.379457976221,2.1));
#711 = CARTESIAN_POINT('',(0.339836909454,2.1));
#712 = ( GEOMETRIC_REPRESENTATION_CONTEXT(2) 
PARAMETRIC_REPRESENTATION_CONTEXT() REPRESENTATION_CONTEXT('2D SPACE',''
  ) );
#713 = PCURVE('',#714,#719);
#714 = CYLINDRICAL_SURFACE('',#715,0.9);
#715 = AXIS2_PLACEMENT_3D('',#716,#717,#718);
#716 = CARTESIAN_POINT('',(-16.,-18.,3.));
#717 = DIRECTION('',(1.,0.,2.22044604925E-16));
#718 = DIRECTION('',(2.22044604925E-16,0.,-1.));
#719 = DEFINITIONAL_REPRESENTATION('',(#720),#771);
#720 = B_SPLINE_CURVE_WITH_KNOTS('',7,(#721,#722,#723,#724,#725,#726,
    #727,#728,#729,#730,#731,#732,#733,#734,#735,#736,#737,#738,#739,
    #740,#741,#742,#743,#744,#745,#746,#747,#748,#749,#750,#751,#752,
    #753,#754,#755,#756,#757,#758,#759,#760,#761,#762,#763,#764,#765,
    #766,#767,#768,#769,#770),.UNSPECIFIED.,.F.,.F.,(8,6,6,6,6,6,6,6,8),
  (0.,0.117133355405,0.255719423111,0.394276569908,0.530876517235,
    0.639622137958,0.7579885029,0.877409909838,1.),.UNSPECIFIED.);
#721 = CARTESIAN_POINT('',(0.,1.171572875254));
#722 = CARTESIAN_POINT('',(0.107966543734,1.137218131407));
#723 = CARTESIAN_POINT('',(0.216915815442,1.106932188861));
#724 = CARTESIAN_POINT('',(0.326201904763,1.081494367396));
#725 = CARTESIAN_POINT('',(0.435285818656,1.061092493115));
#726 = CARTESIAN_POINT('',(0.543556023418,1.045324839954));
#727 = CARTESIAN_POINT('',(0.650219754606,1.033449377058));
#728 = CARTESIAN_POINT('',(0.876748585878,1.014273035374));
#729 = CARTESIAN_POINT('',(0.99640282874,1.008127839663));
#730 = CARTESIAN_POINT('',(1.113737551433,1.004764905533));
#731 = CARTESIAN_POINT('',(1.229334641681,1.003022023781));
#732 = CARTESIAN_POINT('',(1.343717283121,1.002117709684));
#733 = CARTESIAN_POINT('',(1.457364523964,1.001667129887));
#734 = CARTESIAN_POINT('',(1.684204458049,1.001667129887));
#735 = CARTESIAN_POINT('',(1.797849838403,1.00211752235));
#736 = CARTESIAN_POINT('',(1.912241896778,1.003021767801));
#737 = CARTESIAN_POINT('',(2.027852180973,1.004764468847));
#738 = CARTESIAN_POINT('',(2.145197622141,1.008127799001));
#739 = CARTESIAN_POINT('',(2.264854880833,1.014273950737));
#740 = CARTESIAN_POINT('',(2.508631960005,1.034910408087));
#741 = CARTESIAN_POINT('',(2.633872251567,1.049384060294));
#742 = CARTESIAN_POINT('',(2.761073191911,1.069370003578));
#743 = CARTESIAN_POINT('',(2.889003727249,1.096039055074));
#744 = CARTESIAN_POINT('',(3.016684090494,1.129802744708));
#745 = CARTESIAN_POINT('',(3.143211202017,1.169780615166));
#746 = CARTESIAN_POINT('',(3.366007259257,1.249241100351));
#747 = CARTESIAN_POINT('',(3.464735833588,1.287716173472));
#748 = CARTESIAN_POINT('',(3.563460138472,1.328888179641));
#749 = CARTESIAN_POINT('',(3.66218670749,1.371891298964));
#750 = CARTESIAN_POINT('',(3.760925713398,1.415509330226));
#751 = CARTESIAN_POINT('',(3.859679822713,1.458246932162));
#752 = CARTESIAN_POINT('',(4.065868052407,1.542345964504));
#753 = CARTESIAN_POINT('',(4.173850090084,1.583477476452));
#754 = CARTESIAN_POINT('',(4.281758294805,1.619594643703));
#755 = CARTESIAN_POINT('',(4.389420444218,1.648459060352));
#756 = CARTESIAN_POINT('',(4.496898874807,1.668349982864));
#757 = CARTESIAN_POINT('',(4.604446066024,1.678362646751));
#758 = CARTESIAN_POINT('',(4.821294028776,1.678362646751));
#759 = CARTESIAN_POINT('',(4.929146812021,1.668170786971));
#760 = CARTESIAN_POINT('',(5.036517548502,1.648143192387));
#761 = CARTESIAN_POINT('',(5.143817468273,1.619301521687));
#762 = CARTESIAN_POINT('',(5.25126870636,1.583337299747));
#763 = CARTESIAN_POINT('',(5.358886805783,1.542355387469));
#764 = CARTESIAN_POINT('',(5.576707580132,1.453511730516));
#765 = CARTESIAN_POINT('',(5.688900067689,1.404681974845));
#766 = CARTESIAN_POINT('',(5.802967802651,1.354022106217));
#767 = CARTESIAN_POINT('',(5.919080561477,1.30368659369));
#768 = CARTESIAN_POINT('',(6.037511977744,1.255573358721));
#769 = CARTESIAN_POINT('',(6.158668307231,1.21119394202));
#770 = CARTESIAN_POINT('',(6.28318530718,1.171572875254));
#771 = ( GEOMETRIC_REPRESENTATION_CONTEXT(2) 
PARAMETRIC_REPRESENTATION_CONTEXT() REPRESENTATION_CONTEXT('2D SPACE',''
  ) );
#772 = ADVANCED_FACE('',(#773,#826),#172,.T.);
#773 = FACE_BOUND('',#774,.F.);
#774 = EDGE_LOOP('',(#775,#803,#824,#825));
#775 = ORIENTED_EDGE('',*,*,#776,.T.);
#776 = EDGE_CURVE('',#131,#777,#779,.T.);
#777 = VERTEX_POINT('',#778);
#778 = CARTESIAN_POINT('',(-12.,20.,0.));
#779 = SURFACE_CURVE('',#780,(#785,#792),.PCURVE_S1.);
#780 = CIRCLE('',#781,3.);
#781 = AXIS2_PLACEMENT_3D('',#782,#783,#784);
#782 = CARTESIAN_POINT('',(-12.,17.,0.));
#783 = DIRECTION('',(-0.,-0.,-1.));
#784 = DIRECTION('',(0.,-1.,0.));
#785 = PCURVE('',#172,#786);
#786 = DEFINITIONAL_REPRESENTATION('',(#787),#791);
#787 = LINE('',#788,#789);
#788 = CARTESIAN_POINT('',(1.570796326795,-0.));
#789 = VECTOR('',#790,1.);
#790 = DIRECTION('',(-1.,0.));
#791 = ( GEOMETRIC_REPRESENTATION_CONTEXT(2) 
PARAMETRIC_REPRESENTATION_CONTEXT() REPRESENTATION_CONTEXT('2D SPACE',''
  ) );
#792 = PCURVE('',#146,#793);
#793 = DEFINITIONAL_REPRESENTATION('',(#794),#802);
#794 = ( BOUNDED_CURVE() B_SPLINE_CURVE(2,(#795,#796,#797,#798,#799,#800
,#801),.UNSPECIFIED.,.T.,.F.) B_SPLINE_CURVE_WITH_KNOTS((1,2,2,2,2,1),(
    -2.094395102393,0.,2.094395102393,4.188790204786,6.28318530718,
8.377580409573),.UNSPECIFIED.) CURVE() GEOMETRIC_REPRESENTATION_ITEM() 
RATIONAL_B_SPLINE_CURVE((1.,0.5,1.,0.5,1.,0.5,1.)) REPRESENTATION_ITEM(
  '') );
#795 = CARTESIAN_POINT('',(3.,34.));
#796 = CARTESIAN_POINT('',(-2.196152422707,34.));
#797 = CARTESIAN_POINT('',(0.401923788647,38.5));
#798 = CARTESIAN_POINT('',(3.,43.));
#799 = CARTESIAN_POINT('',(5.598076211353,38.5));
#800 = CARTESIAN_POINT('',(8.196152422707,34.));
#801 = CARTESIAN_POINT('',(3.,34.));
#802 = ( GEOMETRIC_REPRESENTATION_CONTEXT(2) 
PARAMETRIC_REPRESENTATION_CONTEXT() REPRESENTATION_CONTEXT('2D SPACE',''
  ) );
#803 = ORIENTED_EDGE('',*,*,#804,.T.);
#804 = EDGE_CURVE('',#777,#331,#805,.T.);
#805 = SURFACE_CURVE('',#806,(#810,#817),.PCURVE_S1.);
#806 = LINE('',#807,#808);
#807 = CARTESIAN_POINT('',(-12.,20.,0.));
#808 = VECTOR('',#809,1.);
#809 = DIRECTION('',(0.,0.,1.));
#810 = PCURVE('',#172,#811);
#811 = DEFINITIONAL_REPRESENTATION('',(#812),#816);
#812 = LINE('',#813,#814);
#813 = CARTESIAN_POINT('',(-1.570796326795,0.));
#814 = VECTOR('',#815,1.);
#815 = DIRECTION('',(-0.,1.));
#816 = ( GEOMETRIC_REPRESENTATION_CONTEXT(2) 
PARAMETRIC_REPRESENTATION_CONTEXT() REPRESENTATION_CONTEXT('2D SPACE',''
  ) );
#817 = PCURVE('',#346,#818);
#818 = DEFINITIONAL_REPRESENTATION('',(#819),#823);
#819 = LINE('',#820,#821);
#820 = CARTESIAN_POINT('',(0.,3.));
#821 = VECTOR('',#822,1.);
#822 = DIRECTION('',(1.,0.));
#823 = ( GEOMETRIC_REPRESENTATION_CONTEXT(2) 
PARAMETRIC_REPRESENTATION_CONTEXT() REPRESENTATION_CONTEXT('2D SPACE',''
  ) );
#824 = ORIENTED_EDGE('',*,*,#358,.F.);
#825 = ORIENTED_EDGE('',*,*,#158,.F.);
#826 = FACE_BOUND('',#827,.F.);
#827 = EDGE_LOOP('',(#828));
#828 = ORIENTED_EDGE('',*,*,#829,.F.);
#829 = EDGE_CURVE('',#830,#830,#832,.T.);
#830 = VERTEX_POINT('',#831);
#831 = CARTESIAN_POINT('',(-14.82842712474,18.,2.1));
#832 = SURFACE_CURVE('',#833,(#885,#940),.PCURVE_S1.);
#833 = B_SPLINE_CURVE_WITH_KNOTS('',8,(#834,#835,#836,#837,#838,#839,
    #840,#841,#842,#843,#844,#845,#846,#847,#848,#849,#850,#851,#852,
    #853,#854,#855,#856,#857,#858,#859,#860,#861,#862,#863,#864,#865,
    #866,#867,#868,#869,#870,#871,#872,#873,#874,#875,#876,#877,#878,
    #879,#880,#881,#882,#883,#884),.UNSPECIFIED.,.T.,.F.,(9,7,7,7,7,7,7,
    9),(0.,0.127830647942,0.252282614217,0.397791337986,0.532677060807,
    0.750636020871,0.885776061311,1.),.UNSPECIFIED.);
#834 = CARTESIAN_POINT('',(-14.82842712474,18.,2.1));
#835 = CARTESIAN_POINT('',(-14.79375245702,18.098074770721,2.1));
#836 = CARTESIAN_POINT('',(-14.75551199605,18.193868070936,
    2.112214222524));
#837 = CARTESIAN_POINT('',(-14.71434684472,18.285968232884,2.13564793025
    ));
#838 = CARTESIAN_POINT('',(-14.67114054334,18.373201891097,
    2.169283267744));
#839 = CARTESIAN_POINT('',(-14.62698102839,18.454574885561,2.21206046179
    ));
#840 = CARTESIAN_POINT('',(-14.58311574062,18.529256055412,
    2.262871660027));
#841 = CARTESIAN_POINT('',(-14.54086825704,18.596583360065,
    2.320558887996));
#842 = CARTESIAN_POINT('',(-14.46314232562,18.713987836013,
    2.445581956451));
#843 = CARTESIAN_POINT('',(-14.42692153416,18.765369964026,
    2.513576497149));
#844 = CARTESIAN_POINT('',(-14.39418424932,18.809270393535,
    2.586955954247));
#845 = CARTESIAN_POINT('',(-14.36626422611,18.84504264506,2.664686962607
    ));
#846 = CARTESIAN_POINT('',(-14.34432948494,18.872271512114,
    2.745763610801));
#847 = CARTESIAN_POINT('',(-14.32927091396,18.890672624744,
    2.829256291638));
#848 = CARTESIAN_POINT('',(-14.32163735324,18.9,2.914295222364));
#849 = CARTESIAN_POINT('',(-14.32163735324,18.9,3.100205671215));
#850 = CARTESIAN_POINT('',(-14.33207261623,18.887249466612,
    3.199154824073));
#851 = CARTESIAN_POINT('',(-14.35248354738,18.862306985378,
    3.295599264774));
#852 = CARTESIAN_POINT('',(-14.3818704347,18.825602894293,3.388319794798
    ));
#853 = CARTESIAN_POINT('',(-14.41870025874,18.777569239532,
    3.475969598118));
#854 = CARTESIAN_POINT('',(-14.46105429692,18.718833134593,
    3.557047775627));
#855 = CARTESIAN_POINT('',(-14.50685610609,18.650391053754,
    3.630002331784));
#856 = CARTESIAN_POINT('',(-14.59793232156,18.502572374135,
    3.752288578523));
#857 = CARTESIAN_POINT('',(-14.64401798244,18.42270791335,3.80432136735)
  );
#858 = CARTESIAN_POINT('',(-14.69070515686,18.334966476227,
    3.847549552823));
#859 = CARTESIAN_POINT('',(-14.73624039409,18.240614175887,
    3.880311758795));
#860 = CARTESIAN_POINT('',(-14.77911074468,18.141207160198,
    3.901253851283));
#861 = CARTESIAN_POINT('',(-14.81818573047,18.038523784567,
    3.909316845245));
#862 = CARTESIAN_POINT('',(-14.852751103,17.934526953563,3.903739281794)
  );
#863 = CARTESIAN_POINT('',(-14.93058857298,17.664646395396,
    3.852256811943));
#864 = CARTESIAN_POINT('',(-14.96293432929,17.51110855753,3.785733192412
    ));
#865 = CARTESIAN_POINT('',(-14.98193965123,17.376672372835,
    3.690549678389));
#866 = CARTESIAN_POINT('',(-14.99152699371,17.265722143166,
    3.572341033918));
#867 = CARTESIAN_POINT('',(-14.99560430833,17.181608550733,3.43728211055
    ));
#868 = CARTESIAN_POINT('',(-14.99745548237,17.126346651053,
    3.292093808499));
#869 = CARTESIAN_POINT('',(-14.99833287011,17.1,3.144041990466));
#870 = CARTESIAN_POINT('',(-14.99833287011,17.1,2.91069034092));
#871 = CARTESIAN_POINT('',(-14.99799507008,17.110128495054,
    2.821220284138));
#872 = CARTESIAN_POINT('',(-14.99731730472,17.130449338854,2.73264406236
    ));
#873 = CARTESIAN_POINT('',(-14.99610683637,17.160994693338,
    2.646051653996));
#874 = CARTESIAN_POINT('',(-14.99397418642,17.201746002096,
    2.562592158633));
#875 = CARTESIAN_POINT('',(-14.99033549614,17.252618670425,
    2.483494824214));
#876 = CARTESIAN_POINT('',(-14.98442690405,17.313439709813,
    2.410101993239));
#877 = CARTESIAN_POINT('',(-14.96764922432,17.44346893434,2.287996423826
    ));
#878 = CARTESIAN_POINT('',(-14.95764489074,17.51026660379,2.236898409636
    ));
#879 = CARTESIAN_POINT('',(-14.94482084392,17.58350817758,2.192358302179
    ));
#880 = CARTESIAN_POINT('',(-14.92870583053,17.662036649212,2.15568544764
    ));
#881 = CARTESIAN_POINT('',(-14.90896387028,17.744470208044,
    2.127785544358));
#882 = CARTESIAN_POINT('',(-14.88549209407,17.829303802382,
    2.109177205599));
#883 = CARTESIAN_POINT('',(-14.85848343419,17.914987919083,2.1));
#884 = CARTESIAN_POINT('',(-14.82842712474,18.,2.1));
#885 = PCURVE('',#172,#886);
#886 = DEFINITIONAL_REPRESENTATION('',(#887),#939);
#887 = B_SPLINE_CURVE_WITH_KNOTS('',8,(#888,#889,#890,#891,#892,#893,
    #894,#895,#896,#897,#898,#899,#900,#901,#902,#903,#904,#905,#906,
    #907,#908,#909,#910,#911,#912,#913,#914,#915,#916,#917,#918,#919,
    #920,#921,#922,#923,#924,#925,#926,#927,#928,#929,#930,#931,#932,
    #933,#934,#935,#936,#937,#938),.UNSPECIFIED.,.T.,.F.,(9,7,7,7,7,7,7,
    9),(0.,0.127830647942,0.252282614217,0.397791337986,0.532677060807,
    0.750636020871,0.885776061311,1.),.UNSPECIFIED.);
#888 = CARTESIAN_POINT('',(-0.339836909454,2.1));
#889 = CARTESIAN_POINT('',(-0.374511577174,2.1));
#890 = CARTESIAN_POINT('',(-0.408865445941,2.112214222524));
#891 = CARTESIAN_POINT('',(-0.442447179016,2.13564793025));
#892 = CARTESIAN_POINT('',(-0.474848380995,2.169283267744));
#893 = CARTESIAN_POINT('',(-0.505672161244,2.21206046179));
#894 = CARTESIAN_POINT('',(-0.534521307441,2.262871660027));
#895 = CARTESIAN_POINT('',(-0.561008319901,2.320558887996));
#896 = CARTESIAN_POINT('',(-0.607942234893,2.445581956451));
#897 = CARTESIAN_POINT('',(-0.628888441673,2.513576497149));
#898 = CARTESIAN_POINT('',(-0.647133062034,2.586955954247));
#899 = CARTESIAN_POINT('',(-0.662254884976,2.664686962607));
#900 = CARTESIAN_POINT('',(-0.673909596009,2.745763610801));
#901 = CARTESIAN_POINT('',(-0.68183534319,2.829256291638));
#902 = CARTESIAN_POINT('',(-0.685852964619,2.914295222364));
#903 = CARTESIAN_POINT('',(-0.685852964619,3.100205671215));
#904 = CARTESIAN_POINT('',(-0.680360864125,3.199154824073));
#905 = CARTESIAN_POINT('',(-0.66961766255,3.295599264774));
#906 = CARTESIAN_POINT('',(-0.653945612309,3.388319794798));
#907 = CARTESIAN_POINT('',(-0.633779973925,3.475969598118));
#908 = CARTESIAN_POINT('',(-0.609664364958,3.557047775627));
#909 = CARTESIAN_POINT('',(-0.58223246534,3.630002331784));
#910 = CARTESIAN_POINT('',(-0.524357850805,3.752288578523));
#911 = CARTESIAN_POINT('',(-0.493634795727,3.80432136735));
#912 = CARTESIAN_POINT('',(-0.460538231727,3.847549552823));
#913 = CARTESIAN_POINT('',(-0.425672764806,3.880311758795));
#914 = CARTESIAN_POINT('',(-0.389653634004,3.901253851283));
#915 = CARTESIAN_POINT('',(-0.353086974549,3.909316845245));
#916 = CARTESIAN_POINT('',(-0.316586121277,3.903739281794));
#917 = CARTESIAN_POINT('',(-0.222959090868,3.852256811943));
#918 = CARTESIAN_POINT('',(-0.170796280585,3.785733192412));
#919 = CARTESIAN_POINT('',(-0.125689118869,3.690549678389));
#920 = CARTESIAN_POINT('',(-8.862711558887E-02,3.572341033918));
#921 = CARTESIAN_POINT('',(-6.055698449699E-02,3.43728211055));
#922 = CARTESIAN_POINT('',(-4.212669104104E-02,3.292093808499));
#923 = CARTESIAN_POINT('',(-3.33395092613E-02,3.144041990466));
#924 = CARTESIAN_POINT('',(-3.33395092613E-02,2.91069034092));
#925 = CARTESIAN_POINT('',(-3.671755766132E-02,2.821220284138));
#926 = CARTESIAN_POINT('',(-4.349491277985E-02,2.73264406236));
#927 = CARTESIAN_POINT('',(-5.368453651383E-02,2.646051653996));
#928 = CARTESIAN_POINT('',(-6.728440746444E-02,2.562592158633));
#929 = CARTESIAN_POINT('',(-8.4278023057E-02,2.483494824214));
#930 = CARTESIAN_POINT('',(-0.104637048934,2.410101993239));
#931 = CARTESIAN_POINT('',(-0.148339438607,2.287996423826));
#932 = CARTESIAN_POINT('',(-0.17084897563,2.236898409636));
#933 = CARTESIAN_POINT('',(-0.195621505288,2.192358302179));
#934 = CARTESIAN_POINT('',(-0.222319028246,2.15568544764));
#935 = CARTESIAN_POINT('',(-0.250541852641,2.127785544358));
#936 = CARTESIAN_POINT('',(-0.27985168124,2.109177205599));
#937 = CARTESIAN_POINT('',(-0.309780600004,2.1));
#938 = CARTESIAN_POINT('',(-0.339836909454,2.1));
#939 = ( GEOMETRIC_REPRESENTATION_CONTEXT(2) 
PARAMETRIC_REPRESENTATION_CONTEXT() REPRESENTATION_CONTEXT('2D SPACE',''
  ) );
#940 = PCURVE('',#941,#946);
#941 = CYLINDRICAL_SURFACE('',#942,0.9);
#942 = AXIS2_PLACEMENT_3D('',#943,#944,#945);
#943 = CARTESIAN_POINT('',(-16.,18.,3.));
#944 = DIRECTION('',(1.,0.,2.22044604925E-16));
#945 = DIRECTION('',(2.22044604925E-16,0.,-1.));
#946 = DEFINITIONAL_REPRESENTATION('',(#947),#999);
#947 = B_SPLINE_CURVE_WITH_KNOTS('',8,(#948,#949,#950,#951,#952,#953,
    #954,#955,#956,#957,#958,#959,#960,#961,#962,#963,#964,#965,#966,
    #967,#968,#969,#970,#971,#972,#973,#974,#975,#976,#977,#978,#979,
    #980,#981,#982,#983,#984,#985,#986,#987,#988,#989,#990,#991,#992,
    #993,#994,#995,#996,#997,#998),.UNSPECIFIED.,.F.,.F.,(9,7,7,7,7,7,7,
    9),(0.,0.127830647942,0.252282614217,0.397791337986,0.532677060807,
    0.750636020871,0.885776061311,1.),.UNSPECIFIED.);
#948 = CARTESIAN_POINT('',(0.,1.171572875254));
#949 = CARTESIAN_POINT('',(0.108971967468,1.206247542974));
#950 = CARTESIAN_POINT('',(0.215409161155,1.244488003945));
#951 = CARTESIAN_POINT('',(0.319713698014,1.285653155279));
#952 = CARTESIAN_POINT('',(0.422171861033,1.328859456656));
#953 = CARTESIAN_POINT('',(0.522991606759,1.373018971607));
#954 = CARTESIAN_POINT('',(0.622322279708,1.416884259375));
#955 = CARTESIAN_POINT('',(0.720256487429,1.459131742952));
#956 = CARTESIAN_POINT('',(0.910819586142,1.536857674376));
#957 = CARTESIAN_POINT('',(1.004974425655,1.573078465833));
#958 = CARTESIAN_POINT('',(1.099066206397,1.60581575068));
#959 = CARTESIAN_POINT('',(1.193048606861,1.63373577389));
#960 = CARTESIAN_POINT('',(1.286995583657,1.655670515057));
#961 = CARTESIAN_POINT('',(1.381081088767,1.670729086035));
#962 = CARTESIAN_POINT('',(1.475568796089,1.678362646751));
#963 = CARTESIAN_POINT('',(1.682135961479,1.678362646751));
#964 = CARTESIAN_POINT('',(1.792079530623,1.667927383767));
#965 = CARTESIAN_POINT('',(1.901342853534,1.64751645262));
#966 = CARTESIAN_POINT('',(2.01045476192,1.618129565295));
#967 = CARTESIAN_POINT('',(2.119787102544,1.581299741255));
#968 = CARTESIAN_POINT('',(2.229559269118,1.538945703079));
#969 = CARTESIAN_POINT('',(2.33982413644,1.493143893905));
#970 = CARTESIAN_POINT('',(2.552984622512,1.402067678438));
#971 = CARTESIAN_POINT('',(2.658210687654,1.355982017552));
#972 = CARTESIAN_POINT('',(2.76558829403,1.309294843135));
#973 = CARTESIAN_POINT('',(2.874858586233,1.263759605904));
#974 = CARTESIAN_POINT('',(2.985906993544,1.220889255317));
#975 = CARTESIAN_POINT('',(3.098720836706,1.181814269525));
#976 = CARTESIAN_POINT('',(3.2133876396,1.147248896993));
#977 = CARTESIAN_POINT('',(3.518662177807,1.069411427019));
#978 = CARTESIAN_POINT('',(3.700089920047,1.03706567071));
#979 = CARTESIAN_POINT('',(3.876842638889,1.018060348764));
#980 = CARTESIAN_POINT('',(4.049989640857,1.008473006283));
#981 = CARTESIAN_POINT('',(4.220279638879,1.004395691664));
#982 = CARTESIAN_POINT('',(4.387838856974,1.002544517629));
#983 = CARTESIAN_POINT('',(4.552342324311,1.001667129887));
#984 = CARTESIAN_POINT('',(4.811621934918,1.001667129887));
#985 = CARTESIAN_POINT('',(4.911033019041,1.002004929914));
#986 = CARTESIAN_POINT('',(5.010940385901,1.002682695277));
#987 = CARTESIAN_POINT('',(5.111643261093,1.003893163629));
#988 = CARTESIAN_POINT('',(5.213453202606,1.00602581358));
#989 = CARTESIAN_POINT('',(5.316708056017,1.009664503854));
#990 = CARTESIAN_POINT('',(5.421794249142,1.015573095943));
#991 = CARTESIAN_POINT('',(5.619987848572,1.03235077568));
#992 = CARTESIAN_POINT('',(5.712957237495,1.042355109254));
#993 = CARTESIAN_POINT('',(5.807297838772,1.055179156072));
#994 = CARTESIAN_POINT('',(5.902448412331,1.071294169465));
#995 = CARTESIAN_POINT('',(5.99797893353,1.091036129716));
#996 = CARTESIAN_POINT('',(6.093522916532,1.114507905923));
#997 = CARTESIAN_POINT('',(6.188727439494,1.141516565804));
#998 = CARTESIAN_POINT('',(6.28318530718,1.171572875254));
#999 = ( GEOMETRIC_REPRESENTATION_CONTEXT(2) 
PARAMETRIC_REPRESENTATION_CONTEXT() REPRESENTATION_CONTEXT('2D SPACE',''
  ) );
#1000 = ADVANCED_FACE('',(#1001,#1327),#146,.F.);
#1001 = FACE_BOUND('',#1002,.F.);
#1002 = EDGE_LOOP('',(#1003,#1004,#1005,#1028,#1054,#1080,#1106,#1129,
    #1157,#1180,#1204,#1227,#1253,#1279,#1305,#1326));
#1003 = ORIENTED_EDGE('',*,*,#130,.F.);
#1004 = ORIENTED_EDGE('',*,*,#555,.T.);
#1005 = ORIENTED_EDGE('',*,*,#1006,.T.);
#1006 = EDGE_CURVE('',#556,#1007,#1009,.T.);
#1007 = VERTEX_POINT('',#1008);
#1008 = CARTESIAN_POINT('',(-11.,-20.,0.));
#1009 = SURFACE_CURVE('',#1010,(#1014,#1021),.PCURVE_S1.);
#1010 = LINE('',#1011,#1012);
#1011 = CARTESIAN_POINT('',(-15.,-20.,0.));
#1012 = VECTOR('',#1013,1.);
#1013 = DIRECTION('',(1.,0.,-0.));
#1014 = PCURVE('',#146,#1015);
#1015 = DEFINITIONAL_REPRESENTATION('',(#1016),#1020);
#1016 = LINE('',#1017,#1018);
#1017 = CARTESIAN_POINT('',(0.,0.));
#1018 = VECTOR('',#1019,1.);
#1019 = DIRECTION('',(1.,0.));
#1020 = ( GEOMETRIC_REPRESENTATION_CONTEXT(2) 
PARAMETRIC_REPRESENTATION_CONTEXT() REPRESENTATION_CONTEXT('2D SPACE',''
  ) );
#1021 = PCURVE('',#228,#1022);
#1022 = DEFINITIONAL_REPRESENTATION('',(#1023),#1027);
#1023 = LINE('',#1024,#1025);
#1024 = CARTESIAN_POINT('',(0.,0.));
#1025 = VECTOR('',#1026,1.);
#1026 = DIRECTION('',(0.,1.));
#1027 = ( GEOMETRIC_REPRESENTATION_CONTEXT(2) 
PARAMETRIC_REPRESENTATION_CONTEXT() REPRESENTATION_CONTEXT('2D SPACE',''
  ) );
#1028 = ORIENTED_EDGE('',*,*,#1029,.T.);
#1029 = EDGE_CURVE('',#1007,#1030,#1032,.T.);
#1030 = VERTEX_POINT('',#1031);
#1031 = CARTESIAN_POINT('',(-11.,-16.,0.));
#1032 = SURFACE_CURVE('',#1033,(#1037,#1043),.PCURVE_S1.);
#1033 = LINE('',#1034,#1035);
#1034 = CARTESIAN_POINT('',(-11.,-20.5,0.));
#1035 = VECTOR('',#1036,1.);
#1036 = DIRECTION('',(-0.,1.,0.));
#1037 = PCURVE('',#146,#1038);
#1038 = DEFINITIONAL_REPRESENTATION('',(#1039),#1042);
#1039 = B_SPLINE_CURVE_WITH_KNOTS('',1,(#1040,#1041),.UNSPECIFIED.,.F.,
  .F.,(2,2),(0.5,4.5),.PIECEWISE_BEZIER_KNOTS.);
#1040 = CARTESIAN_POINT('',(4.,0.));
#1041 = CARTESIAN_POINT('',(4.,4.));
#1042 = ( GEOMETRIC_REPRESENTATION_CONTEXT(2) 
PARAMETRIC_REPRESENTATION_CONTEXT() REPRESENTATION_CONTEXT('2D SPACE',''
  ) );
#1043 = PCURVE('',#1044,#1049);
#1044 = PLANE('',#1045);
#1045 = AXIS2_PLACEMENT_3D('',#1046,#1047,#1048);
#1046 = CARTESIAN_POINT('',(-11.,-21.,-1.));
#1047 = DIRECTION('',(1.,0.,-0.));
#1048 = DIRECTION('',(0.,0.,1.));
#1049 = DEFINITIONAL_REPRESENTATION('',(#1050),#1053);
#1050 = B_SPLINE_CURVE_WITH_KNOTS('',1,(#1051,#1052),.UNSPECIFIED.,.F.,
  .F.,(2,2),(0.5,4.5),.PIECEWISE_BEZIER_KNOTS.);
#1051 = CARTESIAN_POINT('',(1.,-1.));
#1052 = CARTESIAN_POINT('',(1.,-5.));
#1053 = ( GEOMETRIC_REPRESENTATION_CONTEXT(2) 
PARAMETRIC_REPRESENTATION_CONTEXT() REPRESENTATION_CONTEXT('2D SPACE',''
  ) );
#1054 = ORIENTED_EDGE('',*,*,#1055,.F.);
#1055 = EDGE_CURVE('',#1056,#1030,#1058,.T.);
#1056 = VERTEX_POINT('',#1057);
#1057 = CARTESIAN_POINT('',(11.,-16.,0.));
#1058 = SURFACE_CURVE('',#1059,(#1063,#1069),.PCURVE_S1.);
#1059 = LINE('',#1060,#1061);
#1060 = CARTESIAN_POINT('',(-13.,-16.,0.));
#1061 = VECTOR('',#1062,1.);
#1062 = DIRECTION('',(-1.,-0.,0.));
#1063 = PCURVE('',#146,#1064);
#1064 = DEFINITIONAL_REPRESENTATION('',(#1065),#1068);
#1065 = B_SPLINE_CURVE_WITH_KNOTS('',1,(#1066,#1067),.UNSPECIFIED.,.F.,
  .F.,(2,2),(-24.,-2.),.PIECEWISE_BEZIER_KNOTS.);
#1066 = CARTESIAN_POINT('',(26.,4.));
#1067 = CARTESIAN_POINT('',(4.,4.));
#1068 = ( GEOMETRIC_REPRESENTATION_CONTEXT(2) 
PARAMETRIC_REPRESENTATION_CONTEXT() REPRESENTATION_CONTEXT('2D SPACE',''
  ) );
#1069 = PCURVE('',#1070,#1075);
#1070 = PLANE('',#1071);
#1071 = AXIS2_PLACEMENT_3D('',#1072,#1073,#1074);
#1072 = CARTESIAN_POINT('',(-11.,-16.,-1.));
#1073 = DIRECTION('',(-0.,1.,0.));
#1074 = DIRECTION('',(0.,0.,1.));
#1075 = DEFINITIONAL_REPRESENTATION('',(#1076),#1079);
#1076 = B_SPLINE_CURVE_WITH_KNOTS('',1,(#1077,#1078),.UNSPECIFIED.,.F.,
  .F.,(2,2),(-24.,-2.),.PIECEWISE_BEZIER_KNOTS.);
#1077 = CARTESIAN_POINT('',(1.,22.));
#1078 = CARTESIAN_POINT('',(1.,0.));
#1079 = ( GEOMETRIC_REPRESENTATION_CONTEXT(2) 
PARAMETRIC_REPRESENTATION_CONTEXT() REPRESENTATION_CONTEXT('2D SPACE',''
  ) );
#1080 = ORIENTED_EDGE('',*,*,#1081,.F.);
#1081 = EDGE_CURVE('',#1082,#1056,#1084,.T.);
#1082 = VERTEX_POINT('',#1083);
#1083 = CARTESIAN_POINT('',(11.,-20.,0.));
#1084 = SURFACE_CURVE('',#1085,(#1089,#1095),.PCURVE_S1.);
#1085 = LINE('',#1086,#1087);
#1086 = CARTESIAN_POINT('',(11.,-20.5,0.));
#1087 = VECTOR('',#1088,1.);
#1088 = DIRECTION('',(-0.,1.,0.));
#1089 = PCURVE('',#146,#1090);
#1090 = DEFINITIONAL_REPRESENTATION('',(#1091),#1094);
#1091 = B_SPLINE_CURVE_WITH_KNOTS('',1,(#1092,#1093),.UNSPECIFIED.,.F.,
  .F.,(2,2),(0.5,4.5),.PIECEWISE_BEZIER_KNOTS.);
#1092 = CARTESIAN_POINT('',(26.,0.));
#1093 = CARTESIAN_POINT('',(26.,4.));
#1094 = ( GEOMETRIC_REPRESENTATION_CONTEXT(2) 
PARAMETRIC_REPRESENTATION_CONTEXT() REPRESENTATION_CONTEXT('2D SPACE',''
  ) );
#1095 = PCURVE('',#1096,#1101);
#1096 = PLANE('',#1097);
#1097 = AXIS2_PLACEMENT_3D('',#1098,#1099,#1100);
#1098 = CARTESIAN_POINT('',(11.,-21.,-1.));
#1099 = DIRECTION('',(1.,0.,-0.));
#1100 = DIRECTION('',(0.,0.,1.));
#1101 = DEFINITIONAL_REPRESENTATION('',(#1102),#1105);
#1102 = B_SPLINE_CURVE_WITH_KNOTS('',1,(#1103,#1104),.UNSPECIFIED.,.F.,
  .F.,(2,2),(0.5,4.5),.PIECEWISE_BEZIER_KNOTS.);
#1103 = CARTESIAN_POINT('',(1.,-1.));
#1104 = CARTESIAN_POINT('',(1.,-5.));
#1105 = ( GEOMETRIC_REPRESENTATION_CONTEXT(2) 
PARAMETRIC_REPRESENTATION_CONTEXT() REPRESENTATION_CONTEXT('2D SPACE',''
  ) );
#1106 = ORIENTED_EDGE('',*,*,#1107,.T.);
#1107 = EDGE_CURVE('',#1082,#1108,#1110,.T.);
#1108 = VERTEX_POINT('',#1109);
#1109 = CARTESIAN_POINT('',(12.,-20.,0.));
#1110 = SURFACE_CURVE('',#1111,(#1115,#1122),.PCURVE_S1.);
#1111 = LINE('',#1112,#1113);
#1112 = CARTESIAN_POINT('',(-15.,-20.,0.));
#1113 = VECTOR('',#1114,1.);
#1114 = DIRECTION('',(1.,0.,-0.));
#1115 = PCURVE('',#146,#1116);
#1116 = DEFINITIONAL_REPRESENTATION('',(#1117),#1121);
#1117 = LINE('',#1118,#1119);
#1118 = CARTESIAN_POINT('',(0.,0.));
#1119 = VECTOR('',#1120,1.);
#1120 = DIRECTION('',(1.,0.));
#1121 = ( GEOMETRIC_REPRESENTATION_CONTEXT(2) 
PARAMETRIC_REPRESENTATION_CONTEXT() REPRESENTATION_CONTEXT('2D SPACE',''
  ) );
#1122 = PCURVE('',#228,#1123);
#1123 = DEFINITIONAL_REPRESENTATION('',(#1124),#1128);
#1124 = LINE('',#1125,#1126);
#1125 = CARTESIAN_POINT('',(0.,0.));
#1126 = VECTOR('',#1127,1.);
#1127 = DIRECTION('',(0.,1.));
#1128 = ( GEOMETRIC_REPRESENTATION_CONTEXT(2) 
PARAMETRIC_REPRESENTATION_CONTEXT() REPRESENTATION_CONTEXT('2D SPACE',''
  ) );
#1129 = ORIENTED_EDGE('',*,*,#1130,.F.);
#1130 = EDGE_CURVE('',#1131,#1108,#1133,.T.);
#1131 = VERTEX_POINT('',#1132);
#1132 = CARTESIAN_POINT('',(15.,-17.,0.));
#1133 = SURFACE_CURVE('',#1134,(#1139,#1150),.PCURVE_S1.);
#1134 = CIRCLE('',#1135,3.);
#1135 = AXIS2_PLACEMENT_3D('',#1136,#1137,#1138);
#1136 = CARTESIAN_POINT('',(12.,-17.,0.));
#1137 = DIRECTION('',(-0.,-0.,-1.));
#1138 = DIRECTION('',(0.,-1.,0.));
#1139 = PCURVE('',#146,#1140);
#1140 = DEFINITIONAL_REPRESENTATION('',(#1141),#1149);
#1141 = ( BOUNDED_CURVE() B_SPLINE_CURVE(2,(#1142,#1143,#1144,#1145,
#1146,#1147,#1148),.UNSPECIFIED.,.T.,.F.) B_SPLINE_CURVE_WITH_KNOTS((1,2
    ,2,2,2,1),(-2.094395102393,0.,2.094395102393,4.188790204786,
6.28318530718,8.377580409573),.UNSPECIFIED.) CURVE() 
GEOMETRIC_REPRESENTATION_ITEM() RATIONAL_B_SPLINE_CURVE((1.,0.5,1.,0.5,
1.,0.5,1.)) REPRESENTATION_ITEM('') );
#1142 = CARTESIAN_POINT('',(27.,0.));
#1143 = CARTESIAN_POINT('',(21.803847577293,0.));
#1144 = CARTESIAN_POINT('',(24.401923788647,4.5));
#1145 = CARTESIAN_POINT('',(27.,9.));
#1146 = CARTESIAN_POINT('',(29.598076211353,4.5));
#1147 = CARTESIAN_POINT('',(32.196152422707,4.440892098501E-15));
#1148 = CARTESIAN_POINT('',(27.,0.));
#1149 = ( GEOMETRIC_REPRESENTATION_CONTEXT(2) 
PARAMETRIC_REPRESENTATION_CONTEXT() REPRESENTATION_CONTEXT('2D SPACE',''
  ) );
#1150 = PCURVE('',#261,#1151);
#1151 = DEFINITIONAL_REPRESENTATION('',(#1152),#1156);
#1152 = LINE('',#1153,#1154);
#1153 = CARTESIAN_POINT('',(4.712388980385,-0.));
#1154 = VECTOR('',#1155,1.);
#1155 = DIRECTION('',(-1.,0.));
#1156 = ( GEOMETRIC_REPRESENTATION_CONTEXT(2) 
PARAMETRIC_REPRESENTATION_CONTEXT() REPRESENTATION_CONTEXT('2D SPACE',''
  ) );
#1157 = ORIENTED_EDGE('',*,*,#1158,.T.);
#1158 = EDGE_CURVE('',#1131,#1159,#1161,.T.);
#1159 = VERTEX_POINT('',#1160);
#1160 = CARTESIAN_POINT('',(15.,17.,0.));
#1161 = SURFACE_CURVE('',#1162,(#1166,#1173),.PCURVE_S1.);
#1162 = LINE('',#1163,#1164);
#1163 = CARTESIAN_POINT('',(15.,-20.,0.));
#1164 = VECTOR('',#1165,1.);
#1165 = DIRECTION('',(-0.,1.,0.));
#1166 = PCURVE('',#146,#1167);
#1167 = DEFINITIONAL_REPRESENTATION('',(#1168),#1172);
#1168 = LINE('',#1169,#1170);
#1169 = CARTESIAN_POINT('',(30.,0.));
#1170 = VECTOR('',#1171,1.);
#1171 = DIRECTION('',(0.,1.));
#1172 = ( GEOMETRIC_REPRESENTATION_CONTEXT(2) 
PARAMETRIC_REPRESENTATION_CONTEXT() REPRESENTATION_CONTEXT('2D SPACE',''
  ) );
#1173 = PCURVE('',#289,#1174);
#1174 = DEFINITIONAL_REPRESENTATION('',(#1175),#1179);
#1175 = LINE('',#1176,#1177);
#1176 = CARTESIAN_POINT('',(0.,0.));
#1177 = VECTOR('',#1178,1.);
#1178 = DIRECTION('',(0.,-1.));
#1179 = ( GEOMETRIC_REPRESENTATION_CONTEXT(2) 
PARAMETRIC_REPRESENTATION_CONTEXT() REPRESENTATION_CONTEXT('2D SPACE',''
  ) );
#1180 = ORIENTED_EDGE('',*,*,#1181,.T.);
#1181 = EDGE_CURVE('',#1159,#1182,#1184,.T.);
#1182 = VERTEX_POINT('',#1183);
#1183 = CARTESIAN_POINT('',(12.,20.,0.));
#1184 = SURFACE_CURVE('',#1185,(#1190,#1197),.PCURVE_S1.);
#1185 = CIRCLE('',#1186,3.);
#1186 = AXIS2_PLACEMENT_3D('',#1187,#1188,#1189);
#1187 = CARTESIAN_POINT('',(12.,17.,0.));
#1188 = DIRECTION('',(0.,0.,1.));
#1189 = DIRECTION('',(0.,-1.,0.));
#1190 = PCURVE('',#146,#1191);
#1191 = DEFINITIONAL_REPRESENTATION('',(#1192),#1196);
#1192 = CIRCLE('',#1193,3.);
#1193 = AXIS2_PLACEMENT_2D('',#1194,#1195);
#1194 = CARTESIAN_POINT('',(27.,37.));
#1195 = DIRECTION('',(0.,-1.));
#1196 = ( GEOMETRIC_REPRESENTATION_CONTEXT(2) 
PARAMETRIC_REPRESENTATION_CONTEXT() REPRESENTATION_CONTEXT('2D SPACE',''
  ) );
#1197 = PCURVE('',#318,#1198);
#1198 = DEFINITIONAL_REPRESENTATION('',(#1199),#1203);
#1199 = LINE('',#1200,#1201);
#1200 = CARTESIAN_POINT('',(-1.570796326795,0.));
#1201 = VECTOR('',#1202,1.);
#1202 = DIRECTION('',(1.,0.));
#1203 = ( GEOMETRIC_REPRESENTATION_CONTEXT(2) 
PARAMETRIC_REPRESENTATION_CONTEXT() REPRESENTATION_CONTEXT('2D SPACE',''
  ) );
#1204 = ORIENTED_EDGE('',*,*,#1205,.F.);
#1205 = EDGE_CURVE('',#1206,#1182,#1208,.T.);
#1206 = VERTEX_POINT('',#1207);
#1207 = CARTESIAN_POINT('',(11.,20.,0.));
#1208 = SURFACE_CURVE('',#1209,(#1213,#1220),.PCURVE_S1.);
#1209 = LINE('',#1210,#1211);
#1210 = CARTESIAN_POINT('',(-15.,20.,0.));
#1211 = VECTOR('',#1212,1.);
#1212 = DIRECTION('',(1.,0.,-0.));
#1213 = PCURVE('',#146,#1214);
#1214 = DEFINITIONAL_REPRESENTATION('',(#1215),#1219);
#1215 = LINE('',#1216,#1217);
#1216 = CARTESIAN_POINT('',(0.,40.));
#1217 = VECTOR('',#1218,1.);
#1218 = DIRECTION('',(1.,0.));
#1219 = ( GEOMETRIC_REPRESENTATION_CONTEXT(2) 
PARAMETRIC_REPRESENTATION_CONTEXT() REPRESENTATION_CONTEXT('2D SPACE',''
  ) );
#1220 = PCURVE('',#346,#1221);
#1221 = DEFINITIONAL_REPRESENTATION('',(#1222),#1226);
#1222 = LINE('',#1223,#1224);
#1223 = CARTESIAN_POINT('',(0.,0.));
#1224 = VECTOR('',#1225,1.);
#1225 = DIRECTION('',(0.,1.));
#1226 = ( GEOMETRIC_REPRESENTATION_CONTEXT(2) 
PARAMETRIC_REPRESENTATION_CONTEXT() REPRESENTATION_CONTEXT('2D SPACE',''
  ) );
#1227 = ORIENTED_EDGE('',*,*,#1228,.F.);
#1228 = EDGE_CURVE('',#1229,#1206,#1231,.T.);
#1229 = VERTEX_POINT('',#1230);
#1230 = CARTESIAN_POINT('',(11.,16.,0.));
#1231 = SURFACE_CURVE('',#1232,(#1236,#1242),.PCURVE_S1.);
#1232 = LINE('',#1233,#1234);
#1233 = CARTESIAN_POINT('',(11.,-2.,0.));
#1234 = VECTOR('',#1235,1.);
#1235 = DIRECTION('',(-0.,1.,0.));
#1236 = PCURVE('',#146,#1237);
#1237 = DEFINITIONAL_REPRESENTATION('',(#1238),#1241);
#1238 = B_SPLINE_CURVE_WITH_KNOTS('',1,(#1239,#1240),.UNSPECIFIED.,.F.,
  .F.,(2,2),(18.,22.),.PIECEWISE_BEZIER_KNOTS.);
#1239 = CARTESIAN_POINT('',(26.,36.));
#1240 = CARTESIAN_POINT('',(26.,40.));
#1241 = ( GEOMETRIC_REPRESENTATION_CONTEXT(2) 
PARAMETRIC_REPRESENTATION_CONTEXT() REPRESENTATION_CONTEXT('2D SPACE',''
  ) );
#1242 = PCURVE('',#1243,#1248);
#1243 = PLANE('',#1244);
#1244 = AXIS2_PLACEMENT_3D('',#1245,#1246,#1247);
#1245 = CARTESIAN_POINT('',(11.,16.,-1.));
#1246 = DIRECTION('',(1.,0.,-0.));
#1247 = DIRECTION('',(0.,0.,1.));
#1248 = DEFINITIONAL_REPRESENTATION('',(#1249),#1252);
#1249 = B_SPLINE_CURVE_WITH_KNOTS('',1,(#1250,#1251),.UNSPECIFIED.,.F.,
  .F.,(2,2),(18.,22.),.PIECEWISE_BEZIER_KNOTS.);
#1250 = CARTESIAN_POINT('',(1.,0.));
#1251 = CARTESIAN_POINT('',(1.,-4.));
#1252 = ( GEOMETRIC_REPRESENTATION_CONTEXT(2) 
PARAMETRIC_REPRESENTATION_CONTEXT() REPRESENTATION_CONTEXT('2D SPACE',''
  ) );
#1253 = ORIENTED_EDGE('',*,*,#1254,.T.);
#1254 = EDGE_CURVE('',#1229,#1255,#1257,.T.);
#1255 = VERTEX_POINT('',#1256);
#1256 = CARTESIAN_POINT('',(-11.,16.,0.));
#1257 = SURFACE_CURVE('',#1258,(#1262,#1268),.PCURVE_S1.);
#1258 = LINE('',#1259,#1260);
#1259 = CARTESIAN_POINT('',(-13.,16.,0.));
#1260 = VECTOR('',#1261,1.);
#1261 = DIRECTION('',(-1.,-0.,0.));
#1262 = PCURVE('',#146,#1263);
#1263 = DEFINITIONAL_REPRESENTATION('',(#1264),#1267);
#1264 = B_SPLINE_CURVE_WITH_KNOTS('',1,(#1265,#1266),.UNSPECIFIED.,.F.,
  .F.,(2,2),(-24.,-2.),.PIECEWISE_BEZIER_KNOTS.);
#1265 = CARTESIAN_POINT('',(26.,36.));
#1266 = CARTESIAN_POINT('',(4.,36.));
#1267 = ( GEOMETRIC_REPRESENTATION_CONTEXT(2) 
PARAMETRIC_REPRESENTATION_CONTEXT() REPRESENTATION_CONTEXT('2D SPACE',''
  ) );
#1268 = PCURVE('',#1269,#1274);
#1269 = PLANE('',#1270);
#1270 = AXIS2_PLACEMENT_3D('',#1271,#1272,#1273);
#1271 = CARTESIAN_POINT('',(-11.,16.,-1.));
#1272 = DIRECTION('',(-0.,1.,0.));
#1273 = DIRECTION('',(0.,0.,1.));
#1274 = DEFINITIONAL_REPRESENTATION('',(#1275),#1278);
#1275 = B_SPLINE_CURVE_WITH_KNOTS('',1,(#1276,#1277),.UNSPECIFIED.,.F.,
  .F.,(2,2),(-24.,-2.),.PIECEWISE_BEZIER_KNOTS.);
#1276 = CARTESIAN_POINT('',(1.,22.));
#1277 = CARTESIAN_POINT('',(1.,0.));
#1278 = ( GEOMETRIC_REPRESENTATION_CONTEXT(2) 
PARAMETRIC_REPRESENTATION_CONTEXT() REPRESENTATION_CONTEXT('2D SPACE',''
  ) );
#1279 = ORIENTED_EDGE('',*,*,#1280,.T.);
#1280 = EDGE_CURVE('',#1255,#1281,#1283,.T.);
#1281 = VERTEX_POINT('',#1282);
#1282 = CARTESIAN_POINT('',(-11.,20.,0.));
#1283 = SURFACE_CURVE('',#1284,(#1288,#1294),.PCURVE_S1.);
#1284 = LINE('',#1285,#1286);
#1285 = CARTESIAN_POINT('',(-11.,-2.,0.));
#1286 = VECTOR('',#1287,1.);
#1287 = DIRECTION('',(-0.,1.,0.));
#1288 = PCURVE('',#146,#1289);
#1289 = DEFINITIONAL_REPRESENTATION('',(#1290),#1293);
#1290 = B_SPLINE_CURVE_WITH_KNOTS('',1,(#1291,#1292),.UNSPECIFIED.,.F.,
  .F.,(2,2),(18.,22.),.PIECEWISE_BEZIER_KNOTS.);
#1291 = CARTESIAN_POINT('',(4.,36.));
#1292 = CARTESIAN_POINT('',(4.,40.));
#1293 = ( GEOMETRIC_REPRESENTATION_CONTEXT(2) 
PARAMETRIC_REPRESENTATION_CONTEXT() REPRESENTATION_CONTEXT('2D SPACE',''
  ) );
#1294 = PCURVE('',#1295,#1300);
#1295 = PLANE('',#1296);
#1296 = AXIS2_PLACEMENT_3D('',#1297,#1298,#1299);
#1297 = CARTESIAN_POINT('',(-11.,16.,-1.));
#1298 = DIRECTION('',(1.,0.,-0.));
#1299 = DIRECTION('',(0.,0.,1.));
#1300 = DEFINITIONAL_REPRESENTATION('',(#1301),#1304);
#1301 = B_SPLINE_CURVE_WITH_KNOTS('',1,(#1302,#1303),.UNSPECIFIED.,.F.,
  .F.,(2,2),(18.,22.),.PIECEWISE_BEZIER_KNOTS.);
#1302 = CARTESIAN_POINT('',(1.,0.));
#1303 = CARTESIAN_POINT('',(1.,-4.));
#1304 = ( GEOMETRIC_REPRESENTATION_CONTEXT(2) 
PARAMETRIC_REPRESENTATION_CONTEXT() REPRESENTATION_CONTEXT('2D SPACE',''
  ) );
#1305 = ORIENTED_EDGE('',*,*,#1306,.F.);
#1306 = EDGE_CURVE('',#777,#1281,#1307,.T.);
#1307 = SURFACE_CURVE('',#1308,(#1312,#1319),.PCURVE_S1.);
#1308 = LINE('',#1309,#1310);
#1309 = CARTESIAN_POINT('',(-15.,20.,0.));
#1310 = VECTOR('',#1311,1.);
#1311 = DIRECTION('',(1.,0.,-0.));
#1312 = PCURVE('',#146,#1313);
#1313 = DEFINITIONAL_REPRESENTATION('',(#1314),#1318);
#1314 = LINE('',#1315,#1316);
#1315 = CARTESIAN_POINT('',(0.,40.));
#1316 = VECTOR('',#1317,1.);
#1317 = DIRECTION('',(1.,0.));
#1318 = ( GEOMETRIC_REPRESENTATION_CONTEXT(2) 
PARAMETRIC_REPRESENTATION_CONTEXT() REPRESENTATION_CONTEXT('2D SPACE',''
  ) );
#1319 = PCURVE('',#346,#1320);
#1320 = DEFINITIONAL_REPRESENTATION('',(#1321),#1325);
#1321 = LINE('',#1322,#1323);
#1322 = CARTESIAN_POINT('',(0.,0.));
#1323 = VECTOR('',#1324,1.);
#1324 = DIRECTION('',(0.,1.));
#1325 = ( GEOMETRIC_REPRESENTATION_CONTEXT(2) 
PARAMETRIC_REPRESENTATION_CONTEXT() REPRESENTATION_CONTEXT('2D SPACE',''
  ) );
#1326 = ORIENTED_EDGE('',*,*,#776,.F.);
#1327 = FACE_BOUND('',#1328,.F.);
#1328 = EDGE_LOOP('',(#1329,#1357,#1383,#1409));
#1329 = ORIENTED_EDGE('',*,*,#1330,.T.);
#1330 = EDGE_CURVE('',#1331,#1333,#1335,.T.);
#1331 = VERTEX_POINT('',#1332);
#1332 = CARTESIAN_POINT('',(13.1,-4.,0.));
#1333 = VERTEX_POINT('',#1334);
#1334 = CARTESIAN_POINT('',(9.1,-4.,0.));
#1335 = SURFACE_CURVE('',#1336,(#1340,#1346),.PCURVE_S1.);
#1336 = LINE('',#1337,#1338);
#1337 = CARTESIAN_POINT('',(-2.95,-4.,0.));
#1338 = VECTOR('',#1339,1.);
#1339 = DIRECTION('',(-1.,-0.,0.));
#1340 = PCURVE('',#146,#1341);
#1341 = DEFINITIONAL_REPRESENTATION('',(#1342),#1345);
#1342 = B_SPLINE_CURVE_WITH_KNOTS('',1,(#1343,#1344),.UNSPECIFIED.,.F.,
  .F.,(2,2),(-16.05,-12.05),.PIECEWISE_BEZIER_KNOTS.);
#1343 = CARTESIAN_POINT('',(28.1,16.));
#1344 = CARTESIAN_POINT('',(24.1,16.));
#1345 = ( GEOMETRIC_REPRESENTATION_CONTEXT(2) 
PARAMETRIC_REPRESENTATION_CONTEXT() REPRESENTATION_CONTEXT('2D SPACE',''
  ) );
#1346 = PCURVE('',#1347,#1352);
#1347 = PLANE('',#1348);
#1348 = AXIS2_PLACEMENT_3D('',#1349,#1350,#1351);
#1349 = CARTESIAN_POINT('',(9.1,-4.,-1.E-01));
#1350 = DIRECTION('',(-0.,1.,0.));
#1351 = DIRECTION('',(0.,0.,1.));
#1352 = DEFINITIONAL_REPRESENTATION('',(#1353),#1356);
#1353 = B_SPLINE_CURVE_WITH_KNOTS('',1,(#1354,#1355),.UNSPECIFIED.,.F.,
  .F.,(2,2),(-16.05,-12.05),.PIECEWISE_BEZIER_KNOTS.);
#1354 = CARTESIAN_POINT('',(1.E-01,4.));
#1355 = CARTESIAN_POINT('',(1.E-01,0.));
#1356 = ( GEOMETRIC_REPRESENTATION_CONTEXT(2) 
PARAMETRIC_REPRESENTATION_CONTEXT() REPRESENTATION_CONTEXT('2D SPACE',''
  ) );
#1357 = ORIENTED_EDGE('',*,*,#1358,.T.);
#1358 = EDGE_CURVE('',#1333,#1359,#1361,.T.);
#1359 = VERTEX_POINT('',#1360);
#1360 = CARTESIAN_POINT('',(9.1,4.,0.));
#1361 = SURFACE_CURVE('',#1362,(#1366,#1372),.PCURVE_S1.);
#1362 = LINE('',#1363,#1364);
#1363 = CARTESIAN_POINT('',(9.1,-12.,0.));
#1364 = VECTOR('',#1365,1.);
#1365 = DIRECTION('',(-0.,1.,0.));
#1366 = PCURVE('',#146,#1367);
#1367 = DEFINITIONAL_REPRESENTATION('',(#1368),#1371);
#1368 = B_SPLINE_CURVE_WITH_KNOTS('',1,(#1369,#1370),.UNSPECIFIED.,.F.,
  .F.,(2,2),(8.,16.),.PIECEWISE_BEZIER_KNOTS.);
#1369 = CARTESIAN_POINT('',(24.1,16.));
#1370 = CARTESIAN_POINT('',(24.1,24.));
#1371 = ( GEOMETRIC_REPRESENTATION_CONTEXT(2) 
PARAMETRIC_REPRESENTATION_CONTEXT() REPRESENTATION_CONTEXT('2D SPACE',''
  ) );
#1372 = PCURVE('',#1373,#1378);
#1373 = PLANE('',#1374);
#1374 = AXIS2_PLACEMENT_3D('',#1375,#1376,#1377);
#1375 = CARTESIAN_POINT('',(9.1,-4.,-1.E-01));
#1376 = DIRECTION('',(1.,0.,-0.));
#1377 = DIRECTION('',(0.,0.,1.));
#1378 = DEFINITIONAL_REPRESENTATION('',(#1379),#1382);
#1379 = B_SPLINE_CURVE_WITH_KNOTS('',1,(#1380,#1381),.UNSPECIFIED.,.F.,
  .F.,(2,2),(8.,16.),.PIECEWISE_BEZIER_KNOTS.);
#1380 = CARTESIAN_POINT('',(1.E-01,0.));
#1381 = CARTESIAN_POINT('',(1.E-01,-8.));
#1382 = ( GEOMETRIC_REPRESENTATION_CONTEXT(2) 
PARAMETRIC_REPRESENTATION_CONTEXT() REPRESENTATION_CONTEXT('2D SPACE',''
  ) );
#1383 = ORIENTED_EDGE('',*,*,#1384,.F.);
#1384 = EDGE_CURVE('',#1385,#1359,#1387,.T.);
#1385 = VERTEX_POINT('',#1386);
#1386 = CARTESIAN_POINT('',(13.1,4.,0.));
#1387 = SURFACE_CURVE('',#1388,(#1392,#1398),.PCURVE_S1.);
#1388 = LINE('',#1389,#1390);
#1389 = CARTESIAN_POINT('',(-2.95,4.,0.));
#1390 = VECTOR('',#1391,1.);
#1391 = DIRECTION('',(-1.,-0.,0.));
#1392 = PCURVE('',#146,#1393);
#1393 = DEFINITIONAL_REPRESENTATION('',(#1394),#1397);
#1394 = B_SPLINE_CURVE_WITH_KNOTS('',1,(#1395,#1396),.UNSPECIFIED.,.F.,
  .F.,(2,2),(-16.05,-12.05),.PIECEWISE_BEZIER_KNOTS.);
#1395 = CARTESIAN_POINT('',(28.1,24.));
#1396 = CARTESIAN_POINT('',(24.1,24.));
#1397 = ( GEOMETRIC_REPRESENTATION_CONTEXT(2) 
PARAMETRIC_REPRESENTATION_CONTEXT() REPRESENTATION_CONTEXT('2D SPACE',''
  ) );
#1398 = PCURVE('',#1399,#1404);
#1399 = PLANE('',#1400);
#1400 = AXIS2_PLACEMENT_3D('',#1401,#1402,#1403);
#1401 = CARTESIAN_POINT('',(9.1,4.,-1.E-01));
#1402 = DIRECTION('',(-0.,1.,0.));
#1403 = DIRECTION('',(0.,0.,1.));
#1404 = DEFINITIONAL_REPRESENTATION('',(#1405),#1408);
#1405 = B_SPLINE_CURVE_WITH_KNOTS('',1,(#1406,#1407),.UNSPECIFIED.,.F.,
  .F.,(2,2),(-16.05,-12.05),.PIECEWISE_BEZIER_KNOTS.);
#1406 = CARTESIAN_POINT('',(1.E-01,4.));
#1407 = CARTESIAN_POINT('',(1.E-01,0.));
#1408 = ( GEOMETRIC_REPRESENTATION_CONTEXT(2) 
PARAMETRIC_REPRESENTATION_CONTEXT() REPRESENTATION_CONTEXT('2D SPACE',''
  ) );
#1409 = ORIENTED_EDGE('',*,*,#1410,.F.);
#1410 = EDGE_CURVE('',#1331,#1385,#1411,.T.);
#1411 = SURFACE_CURVE('',#1412,(#1416,#1422),.PCURVE_S1.);
#1412 = LINE('',#1413,#1414);
#1413 = CARTESIAN_POINT('',(13.1,-12.,0.));
#1414 = VECTOR('',#1415,1.);
#1415 = DIRECTION('',(-0.,1.,0.));
#1416 = PCURVE('',#146,#1417);
#1417 = DEFINITIONAL_REPRESENTATION('',(#1418),#1421);
#1418 = B_SPLINE_CURVE_WITH_KNOTS('',1,(#1419,#1420),.UNSPECIFIED.,.F.,
  .F.,(2,2),(8.,16.),.PIECEWISE_BEZIER_KNOTS.);
#1419 = CARTESIAN_POINT('',(28.1,16.));
#1420 = CARTESIAN_POINT('',(28.1,24.));
#1421 = ( GEOMETRIC_REPRESENTATION_CONTEXT(2) 
PARAMETRIC_REPRESENTATION_CONTEXT() REPRESENTATION_CONTEXT('2D SPACE',''
  ) );
#1422 = PCURVE('',#1423,#1428);
#1423 = PLANE('',#1424);
#1424 = AXIS2_PLACEMENT_3D('',#1425,#1426,#1427);
#1425 = CARTESIAN_POINT('',(13.1,-4.,-1.E-01));
#1426 = DIRECTION('',(1.,0.,-0.));
#1427 = DIRECTION('',(0.,0.,1.));
#1428 = DEFINITIONAL_REPRESENTATION('',(#1429),#1432);
#1429 = B_SPLINE_CURVE_WITH_KNOTS('',1,(#1430,#1431),.UNSPECIFIED.,.F.,
  .F.,(2,2),(8.,16.),.PIECEWISE_BEZIER_KNOTS.);
#1430 = CARTESIAN_POINT('',(1.E-01,0.));
#1431 = CARTESIAN_POINT('',(1.E-01,-8.));
#1432 = ( GEOMETRIC_REPRESENTATION_CONTEXT(2) 
PARAMETRIC_REPRESENTATION_CONTEXT() REPRESENTATION_CONTEXT('2D SPACE',''
  ) );
#1433 = ADVANCED_FACE('',(#1434),#228,.F.);
#1434 = FACE_BOUND('',#1435,.F.);
#1435 = EDGE_LOOP('',(#1436,#1437,#1438,#1439,#1460,#1461,#1482,#1508));
#1436 = ORIENTED_EDGE('',*,*,#1006,.F.);
#1437 = ORIENTED_EDGE('',*,*,#579,.T.);
#1438 = ORIENTED_EDGE('',*,*,#212,.T.);
#1439 = ORIENTED_EDGE('',*,*,#1440,.F.);
#1440 = EDGE_CURVE('',#1108,#213,#1441,.T.);
#1441 = SURFACE_CURVE('',#1442,(#1446,#1453),.PCURVE_S1.);
#1442 = LINE('',#1443,#1444);
#1443 = CARTESIAN_POINT('',(12.,-20.,0.));
#1444 = VECTOR('',#1445,1.);
#1445 = DIRECTION('',(0.,0.,1.));
#1446 = PCURVE('',#228,#1447);
#1447 = DEFINITIONAL_REPRESENTATION('',(#1448),#1452);
#1448 = LINE('',#1449,#1450);
#1449 = CARTESIAN_POINT('',(0.,27.));
#1450 = VECTOR('',#1451,1.);
#1451 = DIRECTION('',(1.,0.));
#1452 = ( GEOMETRIC_REPRESENTATION_CONTEXT(2) 
PARAMETRIC_REPRESENTATION_CONTEXT() REPRESENTATION_CONTEXT('2D SPACE',''
  ) );
#1453 = PCURVE('',#261,#1454);
#1454 = DEFINITIONAL_REPRESENTATION('',(#1455),#1459);
#1455 = LINE('',#1456,#1457);
#1456 = CARTESIAN_POINT('',(-1.570796326795,0.));
#1457 = VECTOR('',#1458,1.);
#1458 = DIRECTION('',(-0.,1.));
#1459 = ( GEOMETRIC_REPRESENTATION_CONTEXT(2) 
PARAMETRIC_REPRESENTATION_CONTEXT() REPRESENTATION_CONTEXT('2D SPACE',''
  ) );
#1460 = ORIENTED_EDGE('',*,*,#1107,.F.);
#1461 = ORIENTED_EDGE('',*,*,#1462,.F.);
#1462 = EDGE_CURVE('',#1463,#1082,#1465,.T.);
#1463 = VERTEX_POINT('',#1464);
#1464 = CARTESIAN_POINT('',(11.,-20.,6.));
#1465 = SURFACE_CURVE('',#1466,(#1470,#1476),.PCURVE_S1.);
#1466 = LINE('',#1467,#1468);
#1467 = CARTESIAN_POINT('',(11.,-20.,-0.5));
#1468 = VECTOR('',#1469,1.);
#1469 = DIRECTION('',(-0.,0.,-1.));
#1470 = PCURVE('',#228,#1471);
#1471 = DEFINITIONAL_REPRESENTATION('',(#1472),#1475);
#1472 = B_SPLINE_CURVE_WITH_KNOTS('',1,(#1473,#1474),.UNSPECIFIED.,.F.,
  .F.,(2,2),(-6.5,-0.5),.PIECEWISE_BEZIER_KNOTS.);
#1473 = CARTESIAN_POINT('',(6.,26.));
#1474 = CARTESIAN_POINT('',(0.,26.));
#1475 = ( GEOMETRIC_REPRESENTATION_CONTEXT(2) 
PARAMETRIC_REPRESENTATION_CONTEXT() REPRESENTATION_CONTEXT('2D SPACE',''
  ) );
#1476 = PCURVE('',#1096,#1477);
#1477 = DEFINITIONAL_REPRESENTATION('',(#1478),#1481);
#1478 = B_SPLINE_CURVE_WITH_KNOTS('',1,(#1479,#1480),.UNSPECIFIED.,.F.,
  .F.,(2,2),(-6.5,-0.5),.PIECEWISE_BEZIER_KNOTS.);
#1479 = CARTESIAN_POINT('',(7.,-1.));
#1480 = CARTESIAN_POINT('',(1.,-1.));
#1481 = ( GEOMETRIC_REPRESENTATION_CONTEXT(2) 
PARAMETRIC_REPRESENTATION_CONTEXT() REPRESENTATION_CONTEXT('2D SPACE',''
  ) );
#1482 = ORIENTED_EDGE('',*,*,#1483,.F.);
#1483 = EDGE_CURVE('',#1484,#1463,#1486,.T.);
#1484 = VERTEX_POINT('',#1485);
#1485 = CARTESIAN_POINT('',(-11.,-20.,6.));
#1486 = SURFACE_CURVE('',#1487,(#1491,#1497),.PCURVE_S1.);
#1487 = LINE('',#1488,#1489);
#1488 = CARTESIAN_POINT('',(-13.,-20.,6.));
#1489 = VECTOR('',#1490,1.);
#1490 = DIRECTION('',(1.,0.,-0.));
#1491 = PCURVE('',#228,#1492);
#1492 = DEFINITIONAL_REPRESENTATION('',(#1493),#1496);
#1493 = B_SPLINE_CURVE_WITH_KNOTS('',1,(#1494,#1495),.UNSPECIFIED.,.F.,
  .F.,(2,2),(2.,24.),.PIECEWISE_BEZIER_KNOTS.);
#1494 = CARTESIAN_POINT('',(6.,4.));
#1495 = CARTESIAN_POINT('',(6.,26.));
#1496 = ( GEOMETRIC_REPRESENTATION_CONTEXT(2) 
PARAMETRIC_REPRESENTATION_CONTEXT() REPRESENTATION_CONTEXT('2D SPACE',''
  ) );
#1497 = PCURVE('',#1498,#1503);
#1498 = PLANE('',#1499);
#1499 = AXIS2_PLACEMENT_3D('',#1500,#1501,#1502);
#1500 = CARTESIAN_POINT('',(-11.,-21.,6.));
#1501 = DIRECTION('',(0.,0.,1.));
#1502 = DIRECTION('',(1.,0.,-0.));
#1503 = DEFINITIONAL_REPRESENTATION('',(#1504),#1507);
#1504 = B_SPLINE_CURVE_WITH_KNOTS('',1,(#1505,#1506),.UNSPECIFIED.,.F.,
  .F.,(2,2),(2.,24.),.PIECEWISE_BEZIER_KNOTS.);
#1505 = CARTESIAN_POINT('',(0.,1.));
#1506 = CARTESIAN_POINT('',(22.,1.));
#1507 = ( GEOMETRIC_REPRESENTATION_CONTEXT(2) 
PARAMETRIC_REPRESENTATION_CONTEXT() REPRESENTATION_CONTEXT('2D SPACE',''
  ) );
#1508 = ORIENTED_EDGE('',*,*,#1509,.T.);
#1509 = EDGE_CURVE('',#1484,#1007,#1510,.T.);
#1510 = SURFACE_CURVE('',#1511,(#1515,#1521),.PCURVE_S1.);
#1511 = LINE('',#1512,#1513);
#1512 = CARTESIAN_POINT('',(-11.,-20.,-0.5));
#1513 = VECTOR('',#1514,1.);
#1514 = DIRECTION('',(-0.,0.,-1.));
#1515 = PCURVE('',#228,#1516);
#1516 = DEFINITIONAL_REPRESENTATION('',(#1517),#1520);
#1517 = B_SPLINE_CURVE_WITH_KNOTS('',1,(#1518,#1519),.UNSPECIFIED.,.F.,
  .F.,(2,2),(-6.5,-0.5),.PIECEWISE_BEZIER_KNOTS.);
#1518 = CARTESIAN_POINT('',(6.,4.));
#1519 = CARTESIAN_POINT('',(0.,4.));
#1520 = ( GEOMETRIC_REPRESENTATION_CONTEXT(2) 
PARAMETRIC_REPRESENTATION_CONTEXT() REPRESENTATION_CONTEXT('2D SPACE',''
  ) );
#1521 = PCURVE('',#1044,#1522);
#1522 = DEFINITIONAL_REPRESENTATION('',(#1523),#1526);
#1523 = B_SPLINE_CURVE_WITH_KNOTS('',1,(#1524,#1525),.UNSPECIFIED.,.F.,
  .F.,(2,2),(-6.5,-0.5),.PIECEWISE_BEZIER_KNOTS.);
#1524 = CARTESIAN_POINT('',(7.,-1.));
#1525 = CARTESIAN_POINT('',(1.,-1.));
#1526 = ( GEOMETRIC_REPRESENTATION_CONTEXT(2) 
PARAMETRIC_REPRESENTATION_CONTEXT() REPRESENTATION_CONTEXT('2D SPACE',''
  ) );
#1527 = ADVANCED_FACE('',(#1528),#346,.T.);
#1528 = FACE_BOUND('',#1529,.T.);
#1529 = EDGE_LOOP('',(#1530,#1531,#1532,#1533,#1554,#1555,#1576,#1602));
#1530 = ORIENTED_EDGE('',*,*,#1306,.F.);
#1531 = ORIENTED_EDGE('',*,*,#804,.T.);
#1532 = ORIENTED_EDGE('',*,*,#330,.T.);
#1533 = ORIENTED_EDGE('',*,*,#1534,.F.);
#1534 = EDGE_CURVE('',#1182,#302,#1535,.T.);
#1535 = SURFACE_CURVE('',#1536,(#1540,#1547),.PCURVE_S1.);
#1536 = LINE('',#1537,#1538);
#1537 = CARTESIAN_POINT('',(12.,20.,0.));
#1538 = VECTOR('',#1539,1.);
#1539 = DIRECTION('',(0.,0.,1.));
#1540 = PCURVE('',#346,#1541);
#1541 = DEFINITIONAL_REPRESENTATION('',(#1542),#1546);
#1542 = LINE('',#1543,#1544);
#1543 = CARTESIAN_POINT('',(0.,27.));
#1544 = VECTOR('',#1545,1.);
#1545 = DIRECTION('',(1.,0.));
#1546 = ( GEOMETRIC_REPRESENTATION_CONTEXT(2) 
PARAMETRIC_REPRESENTATION_CONTEXT() REPRESENTATION_CONTEXT('2D SPACE',''
  ) );
#1547 = PCURVE('',#318,#1548);
#1548 = DEFINITIONAL_REPRESENTATION('',(#1549),#1553);
#1549 = LINE('',#1550,#1551);
#1550 = CARTESIAN_POINT('',(1.570796326795,0.));
#1551 = VECTOR('',#1552,1.);
#1552 = DIRECTION('',(0.,1.));
#1553 = ( GEOMETRIC_REPRESENTATION_CONTEXT(2) 
PARAMETRIC_REPRESENTATION_CONTEXT() REPRESENTATION_CONTEXT('2D SPACE',''
  ) );
#1554 = ORIENTED_EDGE('',*,*,#1205,.F.);
#1555 = ORIENTED_EDGE('',*,*,#1556,.F.);
#1556 = EDGE_CURVE('',#1557,#1206,#1559,.T.);
#1557 = VERTEX_POINT('',#1558);
#1558 = CARTESIAN_POINT('',(11.,20.,6.));
#1559 = SURFACE_CURVE('',#1560,(#1564,#1570),.PCURVE_S1.);
#1560 = LINE('',#1561,#1562);
#1561 = CARTESIAN_POINT('',(11.,20.,-0.5));
#1562 = VECTOR('',#1563,1.);
#1563 = DIRECTION('',(-0.,0.,-1.));
#1564 = PCURVE('',#346,#1565);
#1565 = DEFINITIONAL_REPRESENTATION('',(#1566),#1569);
#1566 = B_SPLINE_CURVE_WITH_KNOTS('',1,(#1567,#1568),.UNSPECIFIED.,.F.,
  .F.,(2,2),(-6.5,-0.5),.PIECEWISE_BEZIER_KNOTS.);
#1567 = CARTESIAN_POINT('',(6.,26.));
#1568 = CARTESIAN_POINT('',(0.,26.));
#1569 = ( GEOMETRIC_REPRESENTATION_CONTEXT(2) 
PARAMETRIC_REPRESENTATION_CONTEXT() REPRESENTATION_CONTEXT('2D SPACE',''
  ) );
#1570 = PCURVE('',#1243,#1571);
#1571 = DEFINITIONAL_REPRESENTATION('',(#1572),#1575);
#1572 = B_SPLINE_CURVE_WITH_KNOTS('',1,(#1573,#1574),.UNSPECIFIED.,.F.,
  .F.,(2,2),(-6.5,-0.5),.PIECEWISE_BEZIER_KNOTS.);
#1573 = CARTESIAN_POINT('',(7.,-4.));
#1574 = CARTESIAN_POINT('',(1.,-4.));
#1575 = ( GEOMETRIC_REPRESENTATION_CONTEXT(2) 
PARAMETRIC_REPRESENTATION_CONTEXT() REPRESENTATION_CONTEXT('2D SPACE',''
  ) );
#1576 = ORIENTED_EDGE('',*,*,#1577,.F.);
#1577 = EDGE_CURVE('',#1578,#1557,#1580,.T.);
#1578 = VERTEX_POINT('',#1579);
#1579 = CARTESIAN_POINT('',(-11.,20.,6.));
#1580 = SURFACE_CURVE('',#1581,(#1585,#1591),.PCURVE_S1.);
#1581 = LINE('',#1582,#1583);
#1582 = CARTESIAN_POINT('',(-13.,20.,6.));
#1583 = VECTOR('',#1584,1.);
#1584 = DIRECTION('',(1.,0.,-0.));
#1585 = PCURVE('',#346,#1586);
#1586 = DEFINITIONAL_REPRESENTATION('',(#1587),#1590);
#1587 = B_SPLINE_CURVE_WITH_KNOTS('',1,(#1588,#1589),.UNSPECIFIED.,.F.,
  .F.,(2,2),(2.,24.),.PIECEWISE_BEZIER_KNOTS.);
#1588 = CARTESIAN_POINT('',(6.,4.));
#1589 = CARTESIAN_POINT('',(6.,26.));
#1590 = ( GEOMETRIC_REPRESENTATION_CONTEXT(2) 
PARAMETRIC_REPRESENTATION_CONTEXT() REPRESENTATION_CONTEXT('2D SPACE',''
  ) );
#1591 = PCURVE('',#1592,#1597);
#1592 = PLANE('',#1593);
#1593 = AXIS2_PLACEMENT_3D('',#1594,#1595,#1596);
#1594 = CARTESIAN_POINT('',(-11.,16.,6.));
#1595 = DIRECTION('',(0.,0.,1.));
#1596 = DIRECTION('',(1.,0.,-0.));
#1597 = DEFINITIONAL_REPRESENTATION('',(#1598),#1601);
#1598 = B_SPLINE_CURVE_WITH_KNOTS('',1,(#1599,#1600),.UNSPECIFIED.,.F.,
  .F.,(2,2),(2.,24.),.PIECEWISE_BEZIER_KNOTS.);
#1599 = CARTESIAN_POINT('',(0.,4.));
#1600 = CARTESIAN_POINT('',(22.,4.));
#1601 = ( GEOMETRIC_REPRESENTATION_CONTEXT(2) 
PARAMETRIC_REPRESENTATION_CONTEXT() REPRESENTATION_CONTEXT('2D SPACE',''
  ) );
#1602 = ORIENTED_EDGE('',*,*,#1603,.T.);
#1603 = EDGE_CURVE('',#1578,#1281,#1604,.T.);
#1604 = SURFACE_CURVE('',#1605,(#1609,#1615),.PCURVE_S1.);
#1605 = LINE('',#1606,#1607);
#1606 = CARTESIAN_POINT('',(-11.,20.,-0.5));
#1607 = VECTOR('',#1608,1.);
#1608 = DIRECTION('',(-0.,0.,-1.));
#1609 = PCURVE('',#346,#1610);
#1610 = DEFINITIONAL_REPRESENTATION('',(#1611),#1614);
#1611 = B_SPLINE_CURVE_WITH_KNOTS('',1,(#1612,#1613),.UNSPECIFIED.,.F.,
  .F.,(2,2),(-6.5,-0.5),.PIECEWISE_BEZIER_KNOTS.);
#1612 = CARTESIAN_POINT('',(6.,4.));
#1613 = CARTESIAN_POINT('',(0.,4.));
#1614 = ( GEOMETRIC_REPRESENTATION_CONTEXT(2) 
PARAMETRIC_REPRESENTATION_CONTEXT() REPRESENTATION_CONTEXT('2D SPACE',''
  ) );
#1615 = PCURVE('',#1295,#1616);
#1616 = DEFINITIONAL_REPRESENTATION('',(#1617),#1620);
#1617 = B_SPLINE_CURVE_WITH_KNOTS('',1,(#1618,#1619),.UNSPECIFIED.,.F.,
  .F.,(2,2),(-6.5,-0.5),.PIECEWISE_BEZIER_KNOTS.);
#1618 = CARTESIAN_POINT('',(7.,-4.));
#1619 = CARTESIAN_POINT('',(1.,-4.));
#1620 = ( GEOMETRIC_REPRESENTATION_CONTEXT(2) 
PARAMETRIC_REPRESENTATION_CONTEXT() REPRESENTATION_CONTEXT('2D SPACE',''
  ) );
#1621 = ADVANCED_FACE('',(#1622,#1648),#261,.T.);
#1622 = FACE_BOUND('',#1623,.F.);
#1623 = EDGE_LOOP('',(#1624,#1625,#1626,#1627));
#1624 = ORIENTED_EDGE('',*,*,#1130,.T.);
#1625 = ORIENTED_EDGE('',*,*,#1440,.T.);
#1626 = ORIENTED_EDGE('',*,*,#240,.F.);
#1627 = ORIENTED_EDGE('',*,*,#1628,.F.);
#1628 = EDGE_CURVE('',#1131,#241,#1629,.T.);
#1629 = SURFACE_CURVE('',#1630,(#1634,#1641),.PCURVE_S1.);
#1630 = LINE('',#1631,#1632);
#1631 = CARTESIAN_POINT('',(15.,-17.,0.));
#1632 = VECTOR('',#1633,1.);
#1633 = DIRECTION('',(0.,0.,1.));
#1634 = PCURVE('',#261,#1635);
#1635 = DEFINITIONAL_REPRESENTATION('',(#1636),#1640);
#1636 = LINE('',#1637,#1638);
#1637 = CARTESIAN_POINT('',(-0.,0.));
#1638 = VECTOR('',#1639,1.);
#1639 = DIRECTION('',(-0.,1.));
#1640 = ( GEOMETRIC_REPRESENTATION_CONTEXT(2) 
PARAMETRIC_REPRESENTATION_CONTEXT() REPRESENTATION_CONTEXT('2D SPACE',''
  ) );
#1641 = PCURVE('',#289,#1642);
#1642 = DEFINITIONAL_REPRESENTATION('',(#1643),#1647);
#1643 = LINE('',#1644,#1645);
#1644 = CARTESIAN_POINT('',(0.,-3.));
#1645 = VECTOR('',#1646,1.);
#1646 = DIRECTION('',(1.,0.));
#1647 = ( GEOMETRIC_REPRESENTATION_CONTEXT(2) 
PARAMETRIC_REPRESENTATION_CONTEXT() REPRESENTATION_CONTEXT('2D SPACE',''
  ) );
#1648 = FACE_BOUND('',#1649,.F.);
#1649 = EDGE_LOOP('',(#1650));
#1650 = ORIENTED_EDGE('',*,*,#1651,.T.);
#1651 = EDGE_CURVE('',#1652,#1652,#1654,.T.);
#1652 = VERTEX_POINT('',#1653);
#1653 = CARTESIAN_POINT('',(14.828427124746,-18.,2.1));
#1654 = SURFACE_CURVE('',#1655,(#1706,#1760),.PCURVE_S1.);
#1655 = B_SPLINE_CURVE_WITH_KNOTS('',7,(#1656,#1657,#1658,#1659,#1660,
    #1661,#1662,#1663,#1664,#1665,#1666,#1667,#1668,#1669,#1670,#1671,
    #1672,#1673,#1674,#1675,#1676,#1677,#1678,#1679,#1680,#1681,#1682,
    #1683,#1684,#1685,#1686,#1687,#1688,#1689,#1690,#1691,#1692,#1693,
    #1694,#1695,#1696,#1697,#1698,#1699,#1700,#1701,#1702,#1703,#1704,
    #1705),.UNSPECIFIED.,.T.,.F.,(8,6,6,6,6,6,6,6,8),(0.,0.117133355936,
    0.255719424271,0.394276571696,0.530876519643,0.639622140859,
    0.757988506338,0.877409913819,1.),.UNSPECIFIED.);
#1656 = CARTESIAN_POINT('',(14.828427124746,-18.,2.1));
#1657 = CARTESIAN_POINT('',(14.862781868593,-17.90283011063,2.1));
#1658 = CARTESIAN_POINT('',(14.893067811139,-17.80477570665,
    2.112239606077));
#1659 = CARTESIAN_POINT('',(14.918505632604,-17.70826858385,
    2.137119925859));
#1660 = CARTESIAN_POINT('',(14.938907506885,-17.61579401934,
    2.174258504594));
#1661 = CARTESIAN_POINT('',(14.954675160046,-17.52970100155,
    2.222527213418));
#1662 = CARTESIAN_POINT('',(14.966550622942,-17.4519832395,
    2.280000959082));
#1663 = CARTESIAN_POINT('',(14.985726964626,-17.30336406942,
    2.419563649353));
#1664 = CARTESIAN_POINT('',(14.991872160337,-17.23569539178,
    2.504817598701));
#1665 = CARTESIAN_POINT('',(14.995235094467,-17.18137540844,
    2.597264958067));
#1666 = CARTESIAN_POINT('',(14.996977976219,-17.14062292884,2.6948303376
    ));
#1667 = CARTESIAN_POINT('',(14.997882290316,-17.11351007233,
    2.795628765215));
#1668 = CARTESIAN_POINT('',(14.998332870113,-17.1,2.897911377452));
#1669 = CARTESIAN_POINT('',(14.998332870113,-17.1,3.102067318129));
#1670 = CARTESIAN_POINT('',(14.99788247765,-17.11350443248,
    3.204348268407));
#1671 = CARTESIAN_POINT('',(14.996978232199,-17.14061534536,
    3.305156478794));
#1672 = CARTESIAN_POINT('',(14.995235531153,-17.18137171986,
    3.40273410769));
#1673 = CARTESIAN_POINT('',(14.991872200999,-17.23569860027,
    3.495189228193));
#1674 = CARTESIAN_POINT('',(14.985726049263,-17.3033711636,
    3.580443012529));
#1675 = CARTESIAN_POINT('',(14.965089591913,-17.46330642212,
    3.730632217164));
#1676 = CARTESIAN_POINT('',(14.950615939706,-17.55600009924,
    3.796581381246));
#1677 = CARTESIAN_POINT('',(14.930629996422,-17.65993110287,
    3.849337273894));
#1678 = CARTESIAN_POINT('',(14.903960944926,-17.77162044126,
    3.885976299846));
#1679 = CARTESIAN_POINT('',(14.870197255292,-17.8870380216,
    3.905138617842));
#1680 = CARTESIAN_POINT('',(14.830219384834,-18.00203958807,
    3.906895513835));
#1681 = CARTESIAN_POINT('',(14.750758899649,-18.20097490747,
    3.881764138584));
#1682 = CARTESIAN_POINT('',(14.712283826528,-18.28784694401,
    3.86046934536));
#1683 = CARTESIAN_POINT('',(14.671111820359,-18.37202720817,
    3.82920043537));
#1684 = CARTESIAN_POINT('',(14.628108701036,-18.45215328292,
    3.788378699862));
#1685 = CARTESIAN_POINT('',(14.584490669774,-18.52694429765,
    3.738647988523));
#1686 = CARTESIAN_POINT('',(14.541753067838,-18.59524685955,
    3.680864340493));
#1687 = CARTESIAN_POINT('',(14.457654035496,-18.72227785987,
    3.545590064782));
#1688 = CARTESIAN_POINT('',(14.416522523548,-18.77996580657,
    3.466445804203));
#1689 = CARTESIAN_POINT('',(14.380405356297,-18.82736617078,
    3.380234176629));
#1690 = CARTESIAN_POINT('',(14.351540939648,-18.86345870463,
    3.288822510325));
#1691 = CARTESIAN_POINT('',(14.331650017136,-18.88776574997,
    3.19394116656));
#1692 = CARTESIAN_POINT('',(14.321637353249,-18.9,3.097148622924));
#1693 = CARTESIAN_POINT('',(14.321637353249,-18.9,2.901985456448));
#1694 = CARTESIAN_POINT('',(14.331829213029,-18.88754668454,
    2.804917968213));
#1695 = CARTESIAN_POINT('',(14.351856807613,-18.86307319316,
    2.710182935541));
#1696 = CARTESIAN_POINT('',(14.380698478313,-18.82697697764,
    2.619144311111));
#1697 = CARTESIAN_POINT('',(14.416662700253,-18.7797520355,
    2.533334226737));
#1698 = CARTESIAN_POINT('',(14.457644612531,-18.72229209319,
    2.454425092169));
#1699 = CARTESIAN_POINT('',(14.546488267818,-18.58809437309,
    2.311519035036));
#1700 = CARTESIAN_POINT('',(14.595318029173,-18.50965494508,
    2.24666315128));
#1701 = CARTESIAN_POINT('',(14.645977891039,-18.42153060587,
    2.191296761331));
#1702 = CARTESIAN_POINT('',(14.696313404646,-18.3248573903,
    2.147256961155));
#1703 = CARTESIAN_POINT('',(14.74442664456,-18.22110575516,
    2.116279779899));
#1704 = CARTESIAN_POINT('',(14.788806056525,-18.11206530406,2.1));
#1705 = CARTESIAN_POINT('',(14.828427124746,-18.,2.1));
#1706 = PCURVE('',#261,#1707);
#1707 = DEFINITIONAL_REPRESENTATION('',(#1708),#1759);
#1708 = B_SPLINE_CURVE_WITH_KNOTS('',7,(#1709,#1710,#1711,#1712,#1713,
    #1714,#1715,#1716,#1717,#1718,#1719,#1720,#1721,#1722,#1723,#1724,
    #1725,#1726,#1727,#1728,#1729,#1730,#1731,#1732,#1733,#1734,#1735,
    #1736,#1737,#1738,#1739,#1740,#1741,#1742,#1743,#1744,#1745,#1746,
    #1747,#1748,#1749,#1750,#1751,#1752,#1753,#1754,#1755,#1756,#1757,
    #1758),.UNSPECIFIED.,.T.,.F.,(8,6,6,6,6,6,6,6,8),(0.,0.117133355936,
    0.255719424271,0.394276571696,0.530876519643,0.639622140859,
    0.757988506338,0.877409913819,1.),.UNSPECIFIED.);
#1709 = CARTESIAN_POINT('',(-0.339836909454,2.1));
#1710 = CARTESIAN_POINT('',(-0.305482165607,2.1));
#1711 = CARTESIAN_POINT('',(-0.271301486999,2.112239606077));
#1712 = CARTESIAN_POINT('',(-0.238079826005,2.137119925859));
#1713 = CARTESIAN_POINT('',(-0.206554644767,2.174258504594));
#1714 = CARTESIAN_POINT('',(-0.177400512588,2.222527213418));
#1715 = CARTESIAN_POINT('',(-0.151201068241,2.280000959082));
#1716 = CARTESIAN_POINT('',(-0.101250659727,2.419563649353));
#1717 = CARTESIAN_POINT('',(-7.861776409335E-02,2.504817598701));
#1718 = CARTESIAN_POINT('',(-6.048407826935E-02,2.597264958067));
#1719 = CARTESIAN_POINT('',(-4.68879812904E-02,2.6948303376));
#1720 = CARTESIAN_POINT('',(-3.784537778741E-02,2.795628765215));
#1721 = CARTESIAN_POINT('',(-3.33395092613E-02,2.897911377452));
#1722 = CARTESIAN_POINT('',(-3.33395092613E-02,3.102067318129));
#1723 = CARTESIAN_POINT('',(-3.784349786592E-02,3.204348268407));
#1724 = CARTESIAN_POINT('',(-4.688544918088E-02,3.305156478794));
#1725 = CARTESIAN_POINT('',(-6.048284937197E-02,3.40273410769));
#1726 = CARTESIAN_POINT('',(-7.861882279505E-02,3.495189228193));
#1727 = CARTESIAN_POINT('',(-0.101253044058,3.580443012529));
#1728 = CARTESIAN_POINT('',(-0.15500675224,3.730632217164));
#1729 = CARTESIAN_POINT('',(-0.186267838704,3.796581381246));
#1730 = CARTESIAN_POINT('',(-0.221511131595,3.849337273894));
#1731 = CARTESIAN_POINT('',(-0.259710800758,3.885976299846));
#1732 = CARTESIAN_POINT('',(-0.29971517778,3.905138617842));
#1733 = CARTESIAN_POINT('',(-0.340257475371,3.906895513835));
#1734 = CARTESIAN_POINT('',(-0.411663380832,3.881764138584));
#1735 = CARTESIAN_POINT('',(-0.443312310679,3.86046934536));
#1736 = CARTESIAN_POINT('',(-0.474512401724,3.82920043537));
#1737 = CARTESIAN_POINT('',(-0.504788992458,3.788378699862));
#1738 = CARTESIAN_POINT('',(-0.533625621703,3.738647988523));
#1739 = CARTESIAN_POINT('',(-0.560474037022,3.680864340493));
#1740 = CARTESIAN_POINT('',(-0.611256276135,3.545590064782));
#1741 = CARTESIAN_POINT('',(-0.634858745917,3.466445804203));
#1742 = CARTESIAN_POINT('',(-0.654709456174,3.380234176629));
#1743 = CARTESIAN_POINT('',(-0.67011389747,3.288822510325));
#1744 = CARTESIAN_POINT('',(-0.680583219881,3.19394116656));
#1745 = CARTESIAN_POINT('',(-0.685852964619,3.097148622924));
#1746 = CARTESIAN_POINT('',(-0.685852964619,2.901985456448));
#1747 = CARTESIAN_POINT('',(-0.680488890472,2.804917968213));
#1748 = CARTESIAN_POINT('',(-0.669947713267,2.710182935541));
#1749 = CARTESIAN_POINT('',(-0.654547343066,2.619144311111));
#1750 = CARTESIAN_POINT('',(-0.634773542988,2.533334226737));
#1751 = CARTESIAN_POINT('',(-0.611261966085,2.454425092169));
#1752 = CARTESIAN_POINT('',(-0.557614740655,2.311519035036));
#1753 = CARTESIAN_POINT('',(-0.526828002063,2.24666315128));
#1754 = CARTESIAN_POINT('',(-0.492979885405,2.191296761331));
#1755 = CARTESIAN_POINT('',(-0.456710645749,2.147256961155));
#1756 = CARTESIAN_POINT('',(-0.418657129697,2.116279779899));
#1757 = CARTESIAN_POINT('',(-0.379457977676,2.1));
#1758 = CARTESIAN_POINT('',(-0.339836909454,2.1));
#1759 = ( GEOMETRIC_REPRESENTATION_CONTEXT(2) 
PARAMETRIC_REPRESENTATION_CONTEXT() REPRESENTATION_CONTEXT('2D SPACE',''
  ) );
#1760 = PCURVE('',#1761,#1766);
#1761 = CYLINDRICAL_SURFACE('',#1762,0.9);
#1762 = AXIS2_PLACEMENT_3D('',#1763,#1764,#1765);
#1763 = CARTESIAN_POINT('',(-16.,-18.,3.));
#1764 = DIRECTION('',(1.,0.,2.22044604925E-16));
#1765 = DIRECTION('',(2.22044604925E-16,0.,-1.));
#1766 = DEFINITIONAL_REPRESENTATION('',(#1767),#1818);
#1767 = B_SPLINE_CURVE_WITH_KNOTS('',7,(#1768,#1769,#1770,#1771,#1772,
    #1773,#1774,#1775,#1776,#1777,#1778,#1779,#1780,#1781,#1782,#1783,
    #1784,#1785,#1786,#1787,#1788,#1789,#1790,#1791,#1792,#1793,#1794,
    #1795,#1796,#1797,#1798,#1799,#1800,#1801,#1802,#1803,#1804,#1805,
    #1806,#1807,#1808,#1809,#1810,#1811,#1812,#1813,#1814,#1815,#1816,
    #1817),.UNSPECIFIED.,.F.,.F.,(8,6,6,6,6,6,6,6,8),(0.,0.117133355936,
    0.255719424271,0.394276571696,0.530876519643,0.639622140859,
    0.757988506338,0.877409913819,1.),.UNSPECIFIED.);
#1768 = CARTESIAN_POINT('',(0.,30.828427124746));
#1769 = CARTESIAN_POINT('',(0.107966543734,30.862781868593));
#1770 = CARTESIAN_POINT('',(0.216915815442,30.893067811139));
#1771 = CARTESIAN_POINT('',(0.326201904763,30.918505632604));
#1772 = CARTESIAN_POINT('',(0.435285818656,30.938907506885));
#1773 = CARTESIAN_POINT('',(0.543556023418,30.954675160046));
#1774 = CARTESIAN_POINT('',(0.650219754606,30.966550622942));
#1775 = CARTESIAN_POINT('',(0.876748585878,30.985726964626));
#1776 = CARTESIAN_POINT('',(0.996402828741,30.991872160337));
#1777 = CARTESIAN_POINT('',(1.113737551433,30.995235094467));
#1778 = CARTESIAN_POINT('',(1.229334641682,30.996977976219));
#1779 = CARTESIAN_POINT('',(1.343717283121,30.997882290316));
#1780 = CARTESIAN_POINT('',(1.457364523964,30.998332870113));
#1781 = CARTESIAN_POINT('',(1.684204458049,30.998332870113));
#1782 = CARTESIAN_POINT('',(1.797849838402,30.99788247765));
#1783 = CARTESIAN_POINT('',(1.912241896778,30.996978232199));
#1784 = CARTESIAN_POINT('',(2.027852180973,30.995235531153));
#1785 = CARTESIAN_POINT('',(2.145197622142,30.991872200999));
#1786 = CARTESIAN_POINT('',(2.264854880833,30.985726049263));
#1787 = CARTESIAN_POINT('',(2.508631960004,30.965089591913));
#1788 = CARTESIAN_POINT('',(2.633872251567,30.950615939706));
#1789 = CARTESIAN_POINT('',(2.76107319191,30.930629996422));
#1790 = CARTESIAN_POINT('',(2.889003727249,30.903960944926));
#1791 = CARTESIAN_POINT('',(3.016684090493,30.870197255292));
#1792 = CARTESIAN_POINT('',(3.143211202018,30.830219384834));
#1793 = CARTESIAN_POINT('',(3.366007259257,30.750758899649));
#1794 = CARTESIAN_POINT('',(3.464735833588,30.712283826528));
#1795 = CARTESIAN_POINT('',(3.563460138472,30.671111820359));
#1796 = CARTESIAN_POINT('',(3.66218670749,30.628108701036));
#1797 = CARTESIAN_POINT('',(3.760925713398,30.584490669774));
#1798 = CARTESIAN_POINT('',(3.859679822713,30.541753067838));
#1799 = CARTESIAN_POINT('',(4.065868052407,30.457654035496));
#1800 = CARTESIAN_POINT('',(4.173850090084,30.416522523548));
#1801 = CARTESIAN_POINT('',(4.281758294805,30.380405356297));
#1802 = CARTESIAN_POINT('',(4.389420444219,30.351540939648));
#1803 = CARTESIAN_POINT('',(4.496898874807,30.331650017136));
#1804 = CARTESIAN_POINT('',(4.604446066025,30.321637353249));
#1805 = CARTESIAN_POINT('',(4.821294028776,30.321637353249));
#1806 = CARTESIAN_POINT('',(4.929146812021,30.331829213029));
#1807 = CARTESIAN_POINT('',(5.036517548503,30.351856807613));
#1808 = CARTESIAN_POINT('',(5.143817468273,30.380698478313));
#1809 = CARTESIAN_POINT('',(5.25126870636,30.416662700253));
#1810 = CARTESIAN_POINT('',(5.358886805783,30.457644612531));
#1811 = CARTESIAN_POINT('',(5.576707576049,30.546488267818));
#1812 = CARTESIAN_POINT('',(5.688900076978,30.595318029173));
#1813 = CARTESIAN_POINT('',(5.802967797717,30.645977891039));
#1814 = CARTESIAN_POINT('',(5.919080554611,30.696313404646));
#1815 = CARTESIAN_POINT('',(6.037511988215,30.74442664456));
#1816 = CARTESIAN_POINT('',(6.158668302659,30.788806056525));
#1817 = CARTESIAN_POINT('',(6.28318530718,30.828427124746));
#1818 = ( GEOMETRIC_REPRESENTATION_CONTEXT(2) 
PARAMETRIC_REPRESENTATION_CONTEXT() REPRESENTATION_CONTEXT('2D SPACE',''
  ) );
#1819 = ADVANCED_FACE('',(#1820,#1846),#318,.T.);
#1820 = FACE_BOUND('',#1821,.T.);
#1821 = EDGE_LOOP('',(#1822,#1823,#1824,#1825));
#1822 = ORIENTED_EDGE('',*,*,#1181,.T.);
#1823 = ORIENTED_EDGE('',*,*,#1534,.T.);
#1824 = ORIENTED_EDGE('',*,*,#301,.F.);
#1825 = ORIENTED_EDGE('',*,*,#1826,.F.);
#1826 = EDGE_CURVE('',#1159,#274,#1827,.T.);
#1827 = SURFACE_CURVE('',#1828,(#1832,#1839),.PCURVE_S1.);
#1828 = LINE('',#1829,#1830);
#1829 = CARTESIAN_POINT('',(15.,17.,0.));
#1830 = VECTOR('',#1831,1.);
#1831 = DIRECTION('',(0.,0.,1.));
#1832 = PCURVE('',#318,#1833);
#1833 = DEFINITIONAL_REPRESENTATION('',(#1834),#1838);
#1834 = LINE('',#1835,#1836);
#1835 = CARTESIAN_POINT('',(0.,0.));
#1836 = VECTOR('',#1837,1.);
#1837 = DIRECTION('',(0.,1.));
#1838 = ( GEOMETRIC_REPRESENTATION_CONTEXT(2) 
PARAMETRIC_REPRESENTATION_CONTEXT() REPRESENTATION_CONTEXT('2D SPACE',''
  ) );
#1839 = PCURVE('',#289,#1840);
#1840 = DEFINITIONAL_REPRESENTATION('',(#1841),#1845);
#1841 = LINE('',#1842,#1843);
#1842 = CARTESIAN_POINT('',(0.,-37.));
#1843 = VECTOR('',#1844,1.);
#1844 = DIRECTION('',(1.,0.));
#1845 = ( GEOMETRIC_REPRESENTATION_CONTEXT(2) 
PARAMETRIC_REPRESENTATION_CONTEXT() REPRESENTATION_CONTEXT('2D SPACE',''
  ) );
#1846 = FACE_BOUND('',#1847,.T.);
#1847 = EDGE_LOOP('',(#1848));
#1848 = ORIENTED_EDGE('',*,*,#1849,.F.);
#1849 = EDGE_CURVE('',#1850,#1850,#1852,.T.);
#1850 = VERTEX_POINT('',#1851);
#1851 = CARTESIAN_POINT('',(14.828427124746,18.,2.1));
#1852 = SURFACE_CURVE('',#1853,(#1905,#1960),.PCURVE_S1.);
#1853 = B_SPLINE_CURVE_WITH_KNOTS('',8,(#1854,#1855,#1856,#1857,#1858,
    #1859,#1860,#1861,#1862,#1863,#1864,#1865,#1866,#1867,#1868,#1869,
    #1870,#1871,#1872,#1873,#1874,#1875,#1876,#1877,#1878,#1879,#1880,
    #1881,#1882,#1883,#1884,#1885,#1886,#1887,#1888,#1889,#1890,#1891,
    #1892,#1893,#1894,#1895,#1896,#1897,#1898,#1899,#1900,#1901,#1902,
    #1903,#1904),.UNSPECIFIED.,.T.,.F.,(9,7,7,7,7,7,7,9),(0.,
    0.127830647942,0.252282614216,0.397791337986,0.532677060806,
    0.75063602087,0.885776061311,1.),.UNSPECIFIED.);
#1854 = CARTESIAN_POINT('',(14.828427124746,18.,2.1));
#1855 = CARTESIAN_POINT('',(14.793752457026,18.098074770721,2.1));
#1856 = CARTESIAN_POINT('',(14.755511996055,18.193868070936,
    2.112214222524));
#1857 = CARTESIAN_POINT('',(14.714346844721,18.285968232884,
    2.13564793025));
#1858 = CARTESIAN_POINT('',(14.671140543344,18.373201891097,
    2.169283267744));
#1859 = CARTESIAN_POINT('',(14.626981028393,18.454574885561,
    2.21206046179));
#1860 = CARTESIAN_POINT('',(14.583115740625,18.529256055411,
    2.262871660027));
#1861 = CARTESIAN_POINT('',(14.540868257048,18.596583360065,
    2.320558887996));
#1862 = CARTESIAN_POINT('',(14.463142325623,18.713987836013,
    2.445581956451));
#1863 = CARTESIAN_POINT('',(14.426921534167,18.765369964026,
    2.513576497149));
#1864 = CARTESIAN_POINT('',(14.39418424932,18.809270393535,
    2.586955954247));
#1865 = CARTESIAN_POINT('',(14.36626422611,18.84504264506,2.664686962607
    ));
#1866 = CARTESIAN_POINT('',(14.344329484943,18.872271512114,
    2.745763610801));
#1867 = CARTESIAN_POINT('',(14.329270913965,18.890672624744,
    2.829256291638));
#1868 = CARTESIAN_POINT('',(14.321637353249,18.9,2.914295222364));
#1869 = CARTESIAN_POINT('',(14.321637353249,18.9,3.100205671216));
#1870 = CARTESIAN_POINT('',(14.332072616233,18.887249466612,
    3.199154824073));
#1871 = CARTESIAN_POINT('',(14.35248354738,18.862306985378,
    3.295599264775));
#1872 = CARTESIAN_POINT('',(14.381870434705,18.825602894293,
    3.388319794798));
#1873 = CARTESIAN_POINT('',(14.418700258745,18.777569239532,
    3.475969598118));
#1874 = CARTESIAN_POINT('',(14.461054296922,18.718833134593,
    3.557047775627));
#1875 = CARTESIAN_POINT('',(14.506856106095,18.650391053754,
    3.630002331784));
#1876 = CARTESIAN_POINT('',(14.597932321562,18.502572374135,
    3.752288578524));
#1877 = CARTESIAN_POINT('',(14.644017982448,18.42270791335,3.80432136735
    ));
#1878 = CARTESIAN_POINT('',(14.690705156865,18.334966476227,
    3.847549552824));
#1879 = CARTESIAN_POINT('',(14.736240394096,18.240614175887,
    3.880311758795));
#1880 = CARTESIAN_POINT('',(14.779110744682,18.141207160198,
    3.901253851283));
#1881 = CARTESIAN_POINT('',(14.818185730475,18.038523784567,
    3.909316845245));
#1882 = CARTESIAN_POINT('',(14.852751103007,17.934526953563,
    3.903739281794));
#1883 = CARTESIAN_POINT('',(14.930588572981,17.664646395396,
    3.852256811943));
#1884 = CARTESIAN_POINT('',(14.96293432929,17.51110855753,3.785733192412
    ));
#1885 = CARTESIAN_POINT('',(14.981939651236,17.376672372833,
    3.690549678388));
#1886 = CARTESIAN_POINT('',(14.991526993717,17.265722143168,
    3.572341033919));
#1887 = CARTESIAN_POINT('',(14.995604308336,17.181608550733,
    3.437282110549));
#1888 = CARTESIAN_POINT('',(14.997455482371,17.126346651053,3.2920938085
    ));
#1889 = CARTESIAN_POINT('',(14.998332870113,17.1,3.144041990466));
#1890 = CARTESIAN_POINT('',(14.998332870113,17.1,2.91069034092));
#1891 = CARTESIAN_POINT('',(14.997995070086,17.110128495054,
    2.821220284138));
#1892 = CARTESIAN_POINT('',(14.997317304723,17.130449338854,
    2.732644062361));
#1893 = CARTESIAN_POINT('',(14.996106836371,17.160994693337,
    2.646051653996));
#1894 = CARTESIAN_POINT('',(14.99397418642,17.201746002096,
    2.562592158632));
#1895 = CARTESIAN_POINT('',(14.990335496146,17.252618670425,
    2.483494824214));
#1896 = CARTESIAN_POINT('',(14.984426904057,17.313439709813,
    2.410101993239));
#1897 = CARTESIAN_POINT('',(14.96764922432,17.443468934339,
    2.287996423826));
#1898 = CARTESIAN_POINT('',(14.957644890746,17.51026660379,
    2.236898409635));
#1899 = CARTESIAN_POINT('',(14.944820843928,17.58350817758,
    2.192358302179));
#1900 = CARTESIAN_POINT('',(14.928705830535,17.662036649212,
    2.15568544764));
#1901 = CARTESIAN_POINT('',(14.908963870284,17.744470208044,
    2.127785544358));
#1902 = CARTESIAN_POINT('',(14.885492094077,17.829303802381,
    2.109177205599));
#1903 = CARTESIAN_POINT('',(14.858483434196,17.914987919083,2.1));
#1904 = CARTESIAN_POINT('',(14.828427124746,18.,2.1));
#1905 = PCURVE('',#318,#1906);
#1906 = DEFINITIONAL_REPRESENTATION('',(#1907),#1959);
#1907 = B_SPLINE_CURVE_WITH_KNOTS('',8,(#1908,#1909,#1910,#1911,#1912,
    #1913,#1914,#1915,#1916,#1917,#1918,#1919,#1920,#1921,#1922,#1923,
    #1924,#1925,#1926,#1927,#1928,#1929,#1930,#1931,#1932,#1933,#1934,
    #1935,#1936,#1937,#1938,#1939,#1940,#1941,#1942,#1943,#1944,#1945,
    #1946,#1947,#1948,#1949,#1950,#1951,#1952,#1953,#1954,#1955,#1956,
    #1957,#1958),.UNSPECIFIED.,.T.,.F.,(9,7,7,7,7,7,7,9),(0.,
    0.127830647942,0.252282614216,0.397791337986,0.532677060806,
    0.75063602087,0.885776061311,1.),.UNSPECIFIED.);
#1908 = CARTESIAN_POINT('',(0.339836909454,2.1));
#1909 = CARTESIAN_POINT('',(0.374511577174,2.1));
#1910 = CARTESIAN_POINT('',(0.408865445941,2.112214222524));
#1911 = CARTESIAN_POINT('',(0.442447179016,2.13564793025));
#1912 = CARTESIAN_POINT('',(0.474848380995,2.169283267744));
#1913 = CARTESIAN_POINT('',(0.505672161244,2.21206046179));
#1914 = CARTESIAN_POINT('',(0.534521307441,2.262871660027));
#1915 = CARTESIAN_POINT('',(0.561008319901,2.320558887996));
#1916 = CARTESIAN_POINT('',(0.607942234893,2.445581956451));
#1917 = CARTESIAN_POINT('',(0.628888441673,2.513576497149));
#1918 = CARTESIAN_POINT('',(0.647133062034,2.586955954247));
#1919 = CARTESIAN_POINT('',(0.662254884976,2.664686962607));
#1920 = CARTESIAN_POINT('',(0.673909596009,2.745763610801));
#1921 = CARTESIAN_POINT('',(0.68183534319,2.829256291638));
#1922 = CARTESIAN_POINT('',(0.685852964619,2.914295222364));
#1923 = CARTESIAN_POINT('',(0.685852964619,3.100205671216));
#1924 = CARTESIAN_POINT('',(0.680360864125,3.199154824073));
#1925 = CARTESIAN_POINT('',(0.66961766255,3.295599264775));
#1926 = CARTESIAN_POINT('',(0.653945612309,3.388319794798));
#1927 = CARTESIAN_POINT('',(0.633779973925,3.475969598118));
#1928 = CARTESIAN_POINT('',(0.609664364958,3.557047775627));
#1929 = CARTESIAN_POINT('',(0.58223246534,3.630002331784));
#1930 = CARTESIAN_POINT('',(0.524357850805,3.752288578524));
#1931 = CARTESIAN_POINT('',(0.493634795727,3.80432136735));
#1932 = CARTESIAN_POINT('',(0.460538231727,3.847549552824));
#1933 = CARTESIAN_POINT('',(0.425672764806,3.880311758795));
#1934 = CARTESIAN_POINT('',(0.389653634004,3.901253851283));
#1935 = CARTESIAN_POINT('',(0.353086974549,3.909316845245));
#1936 = CARTESIAN_POINT('',(0.316586121277,3.903739281794));
#1937 = CARTESIAN_POINT('',(0.222959090868,3.852256811943));
#1938 = CARTESIAN_POINT('',(0.170796280585,3.785733192412));
#1939 = CARTESIAN_POINT('',(0.125689118869,3.690549678388));
#1940 = CARTESIAN_POINT('',(8.862711558929E-02,3.572341033919));
#1941 = CARTESIAN_POINT('',(6.055698449676E-02,3.437282110549));
#1942 = CARTESIAN_POINT('',(4.212669104109E-02,3.2920938085));
#1943 = CARTESIAN_POINT('',(3.33395092613E-02,3.144041990466));
#1944 = CARTESIAN_POINT('',(3.33395092613E-02,2.91069034092));
#1945 = CARTESIAN_POINT('',(3.671755766136E-02,2.821220284138));
#1946 = CARTESIAN_POINT('',(4.34949127798E-02,2.732644062361));
#1947 = CARTESIAN_POINT('',(5.368453651382E-02,2.646051653996));
#1948 = CARTESIAN_POINT('',(6.728440746449E-02,2.562592158632));
#1949 = CARTESIAN_POINT('',(8.427802305698E-02,2.483494824214));
#1950 = CARTESIAN_POINT('',(0.104637048934,2.410101993239));
#1951 = CARTESIAN_POINT('',(0.148339438607,2.287996423826));
#1952 = CARTESIAN_POINT('',(0.170848975631,2.236898409635));
#1953 = CARTESIAN_POINT('',(0.195621505288,2.192358302179));
#1954 = CARTESIAN_POINT('',(0.222319028246,2.15568544764));
#1955 = CARTESIAN_POINT('',(0.250541852642,2.127785544358));
#1956 = CARTESIAN_POINT('',(0.27985168124,2.109177205599));
#1957 = CARTESIAN_POINT('',(0.309780600004,2.1));
#1958 = CARTESIAN_POINT('',(0.339836909454,2.1));
#1959 = ( GEOMETRIC_REPRESENTATION_CONTEXT(2) 
PARAMETRIC_REPRESENTATION_CONTEXT() REPRESENTATION_CONTEXT('2D SPACE',''
  ) );
#1960 = PCURVE('',#1961,#1966);
#1961 = CYLINDRICAL_SURFACE('',#1962,0.9);
#1962 = AXIS2_PLACEMENT_3D('',#1963,#1964,#1965);
#1963 = CARTESIAN_POINT('',(-16.,18.,3.));
#1964 = DIRECTION('',(1.,0.,2.22044604925E-16));
#1965 = DIRECTION('',(2.22044604925E-16,0.,-1.));
#1966 = DEFINITIONAL_REPRESENTATION('',(#1967),#2019);
#1967 = B_SPLINE_CURVE_WITH_KNOTS('',8,(#1968,#1969,#1970,#1971,#1972,
    #1973,#1974,#1975,#1976,#1977,#1978,#1979,#1980,#1981,#1982,#1983,
    #1984,#1985,#1986,#1987,#1988,#1989,#1990,#1991,#1992,#1993,#1994,
    #1995,#1996,#1997,#1998,#1999,#2000,#2001,#2002,#2003,#2004,#2005,
    #2006,#2007,#2008,#2009,#2010,#2011,#2012,#2013,#2014,#2015,#2016,
    #2017,#2018),.UNSPECIFIED.,.F.,.F.,(9,7,7,7,7,7,7,9),(0.,
    0.127830647942,0.252282614216,0.397791337986,0.532677060806,
    0.75063602087,0.885776061311,1.),.UNSPECIFIED.);
#1968 = CARTESIAN_POINT('',(0.,30.828427124746));
#1969 = CARTESIAN_POINT('',(0.108971967468,30.793752457026));
#1970 = CARTESIAN_POINT('',(0.215409161155,30.755511996055));
#1971 = CARTESIAN_POINT('',(0.319713698014,30.714346844721));
#1972 = CARTESIAN_POINT('',(0.422171861033,30.671140543344));
#1973 = CARTESIAN_POINT('',(0.522991606759,30.626981028393));
#1974 = CARTESIAN_POINT('',(0.622322279708,30.583115740625));
#1975 = CARTESIAN_POINT('',(0.72025648743,30.540868257048));
#1976 = CARTESIAN_POINT('',(0.910819586142,30.463142325623));
#1977 = CARTESIAN_POINT('',(1.004974425655,30.426921534167));
#1978 = CARTESIAN_POINT('',(1.099066206396,30.39418424932));
#1979 = CARTESIAN_POINT('',(1.193048606861,30.36626422611));
#1980 = CARTESIAN_POINT('',(1.286995583657,30.344329484943));
#1981 = CARTESIAN_POINT('',(1.381081088767,30.329270913965));
#1982 = CARTESIAN_POINT('',(1.475568796089,30.321637353249));
#1983 = CARTESIAN_POINT('',(1.682135961479,30.321637353249));
#1984 = CARTESIAN_POINT('',(1.792079530623,30.332072616233));
#1985 = CARTESIAN_POINT('',(1.901342853534,30.35248354738));
#1986 = CARTESIAN_POINT('',(2.010454761919,30.381870434705));
#1987 = CARTESIAN_POINT('',(2.119787102544,30.418700258745));
#1988 = CARTESIAN_POINT('',(2.229559269118,30.461054296922));
#1989 = CARTESIAN_POINT('',(2.33982413644,30.506856106095));
#1990 = CARTESIAN_POINT('',(2.552984622512,30.597932321562));
#1991 = CARTESIAN_POINT('',(2.658210687654,30.644017982448));
#1992 = CARTESIAN_POINT('',(2.76558829403,30.690705156865));
#1993 = CARTESIAN_POINT('',(2.874858586233,30.736240394096));
#1994 = CARTESIAN_POINT('',(2.985906993544,30.779110744682));
#1995 = CARTESIAN_POINT('',(3.098720836706,30.818185730475));
#1996 = CARTESIAN_POINT('',(3.2133876396,30.852751103007));
#1997 = CARTESIAN_POINT('',(3.518662177808,30.930588572981));
#1998 = CARTESIAN_POINT('',(3.700089920046,30.96293432929));
#1999 = CARTESIAN_POINT('',(3.876842638891,30.981939651236));
#2000 = CARTESIAN_POINT('',(4.049989640854,30.991526993717));
#2001 = CARTESIAN_POINT('',(4.220279638881,30.995604308336));
#2002 = CARTESIAN_POINT('',(4.387838856973,30.997455482371));
#2003 = CARTESIAN_POINT('',(4.552342324312,30.998332870113));
#2004 = CARTESIAN_POINT('',(4.811621934918,30.998332870113));
#2005 = CARTESIAN_POINT('',(4.911033019042,30.997995070086));
#2006 = CARTESIAN_POINT('',(5.0109403859,30.997317304723));
#2007 = CARTESIAN_POINT('',(5.111643261093,30.996106836371));
#2008 = CARTESIAN_POINT('',(5.213453202607,30.99397418642));
#2009 = CARTESIAN_POINT('',(5.316708056017,30.990335496146));
#2010 = CARTESIAN_POINT('',(5.421794249142,30.984426904057));
#2011 = CARTESIAN_POINT('',(5.619987848572,30.96764922432));
#2012 = CARTESIAN_POINT('',(5.712957237495,30.957644890746));
#2013 = CARTESIAN_POINT('',(5.807297838771,30.944820843928));
#2014 = CARTESIAN_POINT('',(5.902448412331,30.928705830535));
#2015 = CARTESIAN_POINT('',(5.99797893353,30.908963870284));
#2016 = CARTESIAN_POINT('',(6.093522916531,30.885492094077));
#2017 = CARTESIAN_POINT('',(6.188727439494,30.858483434196));
#2018 = CARTESIAN_POINT('',(6.28318530718,30.828427124746));
#2019 = ( GEOMETRIC_REPRESENTATION_CONTEXT(2) 
PARAMETRIC_REPRESENTATION_CONTEXT() REPRESENTATION_CONTEXT('2D SPACE',''
  ) );
#2020 = ADVANCED_FACE('',(#2021),#289,.T.);
#2021 = FACE_BOUND('',#2022,.T.);
#2022 = EDGE_LOOP('',(#2023,#2024,#2025,#2026));
#2023 = ORIENTED_EDGE('',*,*,#273,.F.);
#2024 = ORIENTED_EDGE('',*,*,#1628,.F.);
#2025 = ORIENTED_EDGE('',*,*,#1158,.T.);
#2026 = ORIENTED_EDGE('',*,*,#1826,.T.);
#2027 = ADVANCED_FACE('',(#2028),#403,.F.);
#2028 = FACE_BOUND('',#2029,.F.);
#2029 = EDGE_LOOP('',(#2030,#2031,#2054,#2076));
#2030 = ORIENTED_EDGE('',*,*,#386,.F.);
#2031 = ORIENTED_EDGE('',*,*,#2032,.F.);
#2032 = EDGE_CURVE('',#2033,#387,#2035,.T.);
#2033 = VERTEX_POINT('',#2034);
#2034 = CARTESIAN_POINT('',(0.8,-17.4,6.));
#2035 = SEAM_CURVE('',#2036,(#2040,#2047),.PCURVE_S1.);
#2036 = LINE('',#2037,#2038);
#2037 = CARTESIAN_POINT('',(0.8,-17.4,6.));
#2038 = VECTOR('',#2039,1.);
#2039 = DIRECTION('',(0.,0.,1.));
#2040 = PCURVE('',#403,#2041);
#2041 = DEFINITIONAL_REPRESENTATION('',(#2042),#2046);
#2042 = LINE('',#2043,#2044);
#2043 = CARTESIAN_POINT('',(6.28318530718,-0.));
#2044 = VECTOR('',#2045,1.);
#2045 = DIRECTION('',(0.,1.));
#2046 = ( GEOMETRIC_REPRESENTATION_CONTEXT(2) 
PARAMETRIC_REPRESENTATION_CONTEXT() REPRESENTATION_CONTEXT('2D SPACE',''
  ) );
#2047 = PCURVE('',#403,#2048);
#2048 = DEFINITIONAL_REPRESENTATION('',(#2049),#2053);
#2049 = LINE('',#2050,#2051);
#2050 = CARTESIAN_POINT('',(0.,-0.));
#2051 = VECTOR('',#2052,1.);
#2052 = DIRECTION('',(0.,1.));
#2053 = ( GEOMETRIC_REPRESENTATION_CONTEXT(2) 
PARAMETRIC_REPRESENTATION_CONTEXT() REPRESENTATION_CONTEXT('2D SPACE',''
  ) );
#2054 = ORIENTED_EDGE('',*,*,#2055,.T.);
#2055 = EDGE_CURVE('',#2033,#2033,#2056,.T.);
#2056 = SURFACE_CURVE('',#2057,(#2062,#2069),.PCURVE_S1.);
#2057 = CIRCLE('',#2058,0.8);
#2058 = AXIS2_PLACEMENT_3D('',#2059,#2060,#2061);
#2059 = CARTESIAN_POINT('',(0.,-17.4,6.));
#2060 = DIRECTION('',(0.,0.,1.));
#2061 = DIRECTION('',(1.,0.,-0.));
#2062 = PCURVE('',#403,#2063);
#2063 = DEFINITIONAL_REPRESENTATION('',(#2064),#2068);
#2064 = LINE('',#2065,#2066);
#2065 = CARTESIAN_POINT('',(0.,0.));
#2066 = VECTOR('',#2067,1.);
#2067 = DIRECTION('',(1.,0.));
#2068 = ( GEOMETRIC_REPRESENTATION_CONTEXT(2) 
PARAMETRIC_REPRESENTATION_CONTEXT() REPRESENTATION_CONTEXT('2D SPACE',''
  ) );
#2069 = PCURVE('',#1498,#2070);
#2070 = DEFINITIONAL_REPRESENTATION('',(#2071),#2075);
#2071 = CIRCLE('',#2072,0.8);
#2072 = AXIS2_PLACEMENT_2D('',#2073,#2074);
#2073 = CARTESIAN_POINT('',(11.,3.6));
#2074 = DIRECTION('',(1.,0.));
#2075 = ( GEOMETRIC_REPRESENTATION_CONTEXT(2) 
PARAMETRIC_REPRESENTATION_CONTEXT() REPRESENTATION_CONTEXT('2D SPACE',''
  ) );
#2076 = ORIENTED_EDGE('',*,*,#2032,.T.);
#2077 = ADVANCED_FACE('',(#2078),#434,.T.);
#2078 = FACE_BOUND('',#2079,.T.);
#2079 = EDGE_LOOP('',(#2080,#2103,#2131,#2152));
#2080 = ORIENTED_EDGE('',*,*,#2081,.F.);
#2081 = EDGE_CURVE('',#2082,#418,#2084,.T.);
#2082 = VERTEX_POINT('',#2083);
#2083 = CARTESIAN_POINT('',(13.5,-14.8,1.));
#2084 = SURFACE_CURVE('',#2085,(#2089,#2096),.PCURVE_S1.);
#2085 = LINE('',#2086,#2087);
#2086 = CARTESIAN_POINT('',(13.5,-14.8,1.));
#2087 = VECTOR('',#2088,1.);
#2088 = DIRECTION('',(0.,0.,1.));
#2089 = PCURVE('',#434,#2090);
#2090 = DEFINITIONAL_REPRESENTATION('',(#2091),#2095);
#2091 = LINE('',#2092,#2093);
#2092 = CARTESIAN_POINT('',(0.,27.));
#2093 = VECTOR('',#2094,1.);
#2094 = DIRECTION('',(1.,0.));
#2095 = ( GEOMETRIC_REPRESENTATION_CONTEXT(2) 
PARAMETRIC_REPRESENTATION_CONTEXT() REPRESENTATION_CONTEXT('2D SPACE',''
  ) );
#2096 = PCURVE('',#510,#2097);
#2097 = DEFINITIONAL_REPRESENTATION('',(#2098),#2102);
#2098 = LINE('',#2099,#2100);
#2099 = CARTESIAN_POINT('',(0.,0.));
#2100 = VECTOR('',#2101,1.);
#2101 = DIRECTION('',(1.,0.));
#2102 = ( GEOMETRIC_REPRESENTATION_CONTEXT(2) 
PARAMETRIC_REPRESENTATION_CONTEXT() REPRESENTATION_CONTEXT('2D SPACE',''
  ) );
#2103 = ORIENTED_EDGE('',*,*,#2104,.F.);
#2104 = EDGE_CURVE('',#2105,#2082,#2107,.T.);
#2105 = VERTEX_POINT('',#2106);
#2106 = CARTESIAN_POINT('',(-13.5,-14.8,1.));
#2107 = SURFACE_CURVE('',#2108,(#2112,#2119),.PCURVE_S1.);
#2108 = LINE('',#2109,#2110);
#2109 = CARTESIAN_POINT('',(-13.5,-14.8,1.));
#2110 = VECTOR('',#2111,1.);
#2111 = DIRECTION('',(1.,0.,-0.));
#2112 = PCURVE('',#434,#2113);
#2113 = DEFINITIONAL_REPRESENTATION('',(#2114),#2118);
#2114 = LINE('',#2115,#2116);
#2115 = CARTESIAN_POINT('',(0.,0.));
#2116 = VECTOR('',#2117,1.);
#2117 = DIRECTION('',(0.,1.));
#2118 = ( GEOMETRIC_REPRESENTATION_CONTEXT(2) 
PARAMETRIC_REPRESENTATION_CONTEXT() REPRESENTATION_CONTEXT('2D SPACE',''
  ) );
#2119 = PCURVE('',#2120,#2125);
#2120 = PLANE('',#2121);
#2121 = AXIS2_PLACEMENT_3D('',#2122,#2123,#2124);
#2122 = CARTESIAN_POINT('',(-13.5,-14.8,1.));
#2123 = DIRECTION('',(0.,0.,1.));
#2124 = DIRECTION('',(1.,0.,-0.));
#2125 = DEFINITIONAL_REPRESENTATION('',(#2126),#2130);
#2126 = LINE('',#2127,#2128);
#2127 = CARTESIAN_POINT('',(0.,0.));
#2128 = VECTOR('',#2129,1.);
#2129 = DIRECTION('',(1.,0.));
#2130 = ( GEOMETRIC_REPRESENTATION_CONTEXT(2) 
PARAMETRIC_REPRESENTATION_CONTEXT() REPRESENTATION_CONTEXT('2D SPACE',''
  ) );
#2131 = ORIENTED_EDGE('',*,*,#2132,.T.);
#2132 = EDGE_CURVE('',#2105,#420,#2133,.T.);
#2133 = SURFACE_CURVE('',#2134,(#2138,#2145),.PCURVE_S1.);
#2134 = LINE('',#2135,#2136);
#2135 = CARTESIAN_POINT('',(-13.5,-14.8,1.));
#2136 = VECTOR('',#2137,1.);
#2137 = DIRECTION('',(0.,0.,1.));
#2138 = PCURVE('',#434,#2139);
#2139 = DEFINITIONAL_REPRESENTATION('',(#2140),#2144);
#2140 = LINE('',#2141,#2142);
#2141 = CARTESIAN_POINT('',(0.,0.));
#2142 = VECTOR('',#2143,1.);
#2143 = DIRECTION('',(1.,0.));
#2144 = ( GEOMETRIC_REPRESENTATION_CONTEXT(2) 
PARAMETRIC_REPRESENTATION_CONTEXT() REPRESENTATION_CONTEXT('2D SPACE',''
  ) );
#2145 = PCURVE('',#460,#2146);
#2146 = DEFINITIONAL_REPRESENTATION('',(#2147),#2151);
#2147 = LINE('',#2148,#2149);
#2148 = CARTESIAN_POINT('',(0.,0.));
#2149 = VECTOR('',#2150,1.);
#2150 = DIRECTION('',(1.,0.));
#2151 = ( GEOMETRIC_REPRESENTATION_CONTEXT(2) 
PARAMETRIC_REPRESENTATION_CONTEXT() REPRESENTATION_CONTEXT('2D SPACE',''
  ) );
#2152 = ORIENTED_EDGE('',*,*,#417,.F.);
#2153 = ADVANCED_FACE('',(#2154),#510,.F.);
#2154 = FACE_BOUND('',#2155,.F.);
#2155 = EDGE_LOOP('',(#2156,#2157,#2180,#2201));
#2156 = ORIENTED_EDGE('',*,*,#2081,.F.);
#2157 = ORIENTED_EDGE('',*,*,#2158,.T.);
#2158 = EDGE_CURVE('',#2082,#2159,#2161,.T.);
#2159 = VERTEX_POINT('',#2160);
#2160 = CARTESIAN_POINT('',(13.5,14.8,1.));
#2161 = SURFACE_CURVE('',#2162,(#2166,#2173),.PCURVE_S1.);
#2162 = LINE('',#2163,#2164);
#2163 = CARTESIAN_POINT('',(13.5,-14.8,1.));
#2164 = VECTOR('',#2165,1.);
#2165 = DIRECTION('',(-0.,1.,0.));
#2166 = PCURVE('',#510,#2167);
#2167 = DEFINITIONAL_REPRESENTATION('',(#2168),#2172);
#2168 = LINE('',#2169,#2170);
#2169 = CARTESIAN_POINT('',(0.,0.));
#2170 = VECTOR('',#2171,1.);
#2171 = DIRECTION('',(0.,-1.));
#2172 = ( GEOMETRIC_REPRESENTATION_CONTEXT(2) 
PARAMETRIC_REPRESENTATION_CONTEXT() REPRESENTATION_CONTEXT('2D SPACE',''
  ) );
#2173 = PCURVE('',#2120,#2174);
#2174 = DEFINITIONAL_REPRESENTATION('',(#2175),#2179);
#2175 = LINE('',#2176,#2177);
#2176 = CARTESIAN_POINT('',(27.,0.));
#2177 = VECTOR('',#2178,1.);
#2178 = DIRECTION('',(0.,1.));
#2179 = ( GEOMETRIC_REPRESENTATION_CONTEXT(2) 
PARAMETRIC_REPRESENTATION_CONTEXT() REPRESENTATION_CONTEXT('2D SPACE',''
  ) );
#2180 = ORIENTED_EDGE('',*,*,#2181,.T.);
#2181 = EDGE_CURVE('',#2159,#472,#2182,.T.);
#2182 = SURFACE_CURVE('',#2183,(#2187,#2194),.PCURVE_S1.);
#2183 = LINE('',#2184,#2185);
#2184 = CARTESIAN_POINT('',(13.5,14.8,1.));
#2185 = VECTOR('',#2186,1.);
#2186 = DIRECTION('',(0.,0.,1.));
#2187 = PCURVE('',#510,#2188);
#2188 = DEFINITIONAL_REPRESENTATION('',(#2189),#2193);
#2189 = LINE('',#2190,#2191);
#2190 = CARTESIAN_POINT('',(0.,-29.6));
#2191 = VECTOR('',#2192,1.);
#2192 = DIRECTION('',(1.,0.));
#2193 = ( GEOMETRIC_REPRESENTATION_CONTEXT(2) 
PARAMETRIC_REPRESENTATION_CONTEXT() REPRESENTATION_CONTEXT('2D SPACE',''
  ) );
#2194 = PCURVE('',#486,#2195);
#2195 = DEFINITIONAL_REPRESENTATION('',(#2196),#2200);
#2196 = LINE('',#2197,#2198);
#2197 = CARTESIAN_POINT('',(0.,27.));
#2198 = VECTOR('',#2199,1.);
#2199 = DIRECTION('',(1.,0.));
#2200 = ( GEOMETRIC_REPRESENTATION_CONTEXT(2) 
PARAMETRIC_REPRESENTATION_CONTEXT() REPRESENTATION_CONTEXT('2D SPACE',''
  ) );
#2201 = ORIENTED_EDGE('',*,*,#497,.F.);
#2202 = ADVANCED_FACE('',(#2203),#460,.T.);
#2203 = FACE_BOUND('',#2204,.T.);
#2204 = EDGE_LOOP('',(#2205,#2206,#2229,#2250));
#2205 = ORIENTED_EDGE('',*,*,#2132,.F.);
#2206 = ORIENTED_EDGE('',*,*,#2207,.T.);
#2207 = EDGE_CURVE('',#2105,#2208,#2210,.T.);
#2208 = VERTEX_POINT('',#2209);
#2209 = CARTESIAN_POINT('',(-13.5,14.8,1.));
#2210 = SURFACE_CURVE('',#2211,(#2215,#2222),.PCURVE_S1.);
#2211 = LINE('',#2212,#2213);
#2212 = CARTESIAN_POINT('',(-13.5,-14.8,1.));
#2213 = VECTOR('',#2214,1.);
#2214 = DIRECTION('',(-0.,1.,0.));
#2215 = PCURVE('',#460,#2216);
#2216 = DEFINITIONAL_REPRESENTATION('',(#2217),#2221);
#2217 = LINE('',#2218,#2219);
#2218 = CARTESIAN_POINT('',(0.,0.));
#2219 = VECTOR('',#2220,1.);
#2220 = DIRECTION('',(0.,-1.));
#2221 = ( GEOMETRIC_REPRESENTATION_CONTEXT(2) 
PARAMETRIC_REPRESENTATION_CONTEXT() REPRESENTATION_CONTEXT('2D SPACE',''
  ) );
#2222 = PCURVE('',#2120,#2223);
#2223 = DEFINITIONAL_REPRESENTATION('',(#2224),#2228);
#2224 = LINE('',#2225,#2226);
#2225 = CARTESIAN_POINT('',(0.,0.));
#2226 = VECTOR('',#2227,1.);
#2227 = DIRECTION('',(0.,1.));
#2228 = ( GEOMETRIC_REPRESENTATION_CONTEXT(2) 
PARAMETRIC_REPRESENTATION_CONTEXT() REPRESENTATION_CONTEXT('2D SPACE',''
  ) );
#2229 = ORIENTED_EDGE('',*,*,#2230,.T.);
#2230 = EDGE_CURVE('',#2208,#446,#2231,.T.);
#2231 = SURFACE_CURVE('',#2232,(#2236,#2243),.PCURVE_S1.);
#2232 = LINE('',#2233,#2234);
#2233 = CARTESIAN_POINT('',(-13.5,14.8,1.));
#2234 = VECTOR('',#2235,1.);
#2235 = DIRECTION('',(0.,0.,1.));
#2236 = PCURVE('',#460,#2237);
#2237 = DEFINITIONAL_REPRESENTATION('',(#2238),#2242);
#2238 = LINE('',#2239,#2240);
#2239 = CARTESIAN_POINT('',(0.,-29.6));
#2240 = VECTOR('',#2241,1.);
#2241 = DIRECTION('',(1.,0.));
#2242 = ( GEOMETRIC_REPRESENTATION_CONTEXT(2) 
PARAMETRIC_REPRESENTATION_CONTEXT() REPRESENTATION_CONTEXT('2D SPACE',''
  ) );
#2243 = PCURVE('',#486,#2244);
#2244 = DEFINITIONAL_REPRESENTATION('',(#2245),#2249);
#2245 = LINE('',#2246,#2247);
#2246 = CARTESIAN_POINT('',(0.,0.));
#2247 = VECTOR('',#2248,1.);
#2248 = DIRECTION('',(1.,0.));
#2249 = ( GEOMETRIC_REPRESENTATION_CONTEXT(2) 
PARAMETRIC_REPRESENTATION_CONTEXT() REPRESENTATION_CONTEXT('2D SPACE',''
  ) );
#2250 = ORIENTED_EDGE('',*,*,#445,.F.);
#2251 = ADVANCED_FACE('',(#2252),#486,.F.);
#2252 = FACE_BOUND('',#2253,.F.);
#2253 = EDGE_LOOP('',(#2254,#2255,#2276,#2277));
#2254 = ORIENTED_EDGE('',*,*,#2181,.F.);
#2255 = ORIENTED_EDGE('',*,*,#2256,.F.);
#2256 = EDGE_CURVE('',#2208,#2159,#2257,.T.);
#2257 = SURFACE_CURVE('',#2258,(#2262,#2269),.PCURVE_S1.);
#2258 = LINE('',#2259,#2260);
#2259 = CARTESIAN_POINT('',(-13.5,14.8,1.));
#2260 = VECTOR('',#2261,1.);
#2261 = DIRECTION('',(1.,0.,-0.));
#2262 = PCURVE('',#486,#2263);
#2263 = DEFINITIONAL_REPRESENTATION('',(#2264),#2268);
#2264 = LINE('',#2265,#2266);
#2265 = CARTESIAN_POINT('',(0.,0.));
#2266 = VECTOR('',#2267,1.);
#2267 = DIRECTION('',(0.,1.));
#2268 = ( GEOMETRIC_REPRESENTATION_CONTEXT(2) 
PARAMETRIC_REPRESENTATION_CONTEXT() REPRESENTATION_CONTEXT('2D SPACE',''
  ) );
#2269 = PCURVE('',#2120,#2270);
#2270 = DEFINITIONAL_REPRESENTATION('',(#2271),#2275);
#2271 = LINE('',#2272,#2273);
#2272 = CARTESIAN_POINT('',(0.,29.6));
#2273 = VECTOR('',#2274,1.);
#2274 = DIRECTION('',(1.,0.));
#2275 = ( GEOMETRIC_REPRESENTATION_CONTEXT(2) 
PARAMETRIC_REPRESENTATION_CONTEXT() REPRESENTATION_CONTEXT('2D SPACE',''
  ) );
#2276 = ORIENTED_EDGE('',*,*,#2230,.T.);
#2277 = ORIENTED_EDGE('',*,*,#471,.F.);
#2278 = ADVANCED_FACE('',(#2279),#540,.F.);
#2279 = FACE_BOUND('',#2280,.F.);
#2280 = EDGE_LOOP('',(#2281,#2282,#2305,#2327));
#2281 = ORIENTED_EDGE('',*,*,#523,.F.);
#2282 = ORIENTED_EDGE('',*,*,#2283,.F.);
#2283 = EDGE_CURVE('',#2284,#524,#2286,.T.);
#2284 = VERTEX_POINT('',#2285);
#2285 = CARTESIAN_POINT('',(0.8,17.4,6.));
#2286 = SEAM_CURVE('',#2287,(#2291,#2298),.PCURVE_S1.);
#2287 = LINE('',#2288,#2289);
#2288 = CARTESIAN_POINT('',(0.8,17.4,6.));
#2289 = VECTOR('',#2290,1.);
#2290 = DIRECTION('',(0.,0.,1.));
#2291 = PCURVE('',#540,#2292);
#2292 = DEFINITIONAL_REPRESENTATION('',(#2293),#2297);
#2293 = LINE('',#2294,#2295);
#2294 = CARTESIAN_POINT('',(6.28318530718,-0.));
#2295 = VECTOR('',#2296,1.);
#2296 = DIRECTION('',(0.,1.));
#2297 = ( GEOMETRIC_REPRESENTATION_CONTEXT(2) 
PARAMETRIC_REPRESENTATION_CONTEXT() REPRESENTATION_CONTEXT('2D SPACE',''
  ) );
#2298 = PCURVE('',#540,#2299);
#2299 = DEFINITIONAL_REPRESENTATION('',(#2300),#2304);
#2300 = LINE('',#2301,#2302);
#2301 = CARTESIAN_POINT('',(0.,-0.));
#2302 = VECTOR('',#2303,1.);
#2303 = DIRECTION('',(0.,1.));
#2304 = ( GEOMETRIC_REPRESENTATION_CONTEXT(2) 
PARAMETRIC_REPRESENTATION_CONTEXT() REPRESENTATION_CONTEXT('2D SPACE',''
  ) );
#2305 = ORIENTED_EDGE('',*,*,#2306,.T.);
#2306 = EDGE_CURVE('',#2284,#2284,#2307,.T.);
#2307 = SURFACE_CURVE('',#2308,(#2313,#2320),.PCURVE_S1.);
#2308 = CIRCLE('',#2309,0.8);
#2309 = AXIS2_PLACEMENT_3D('',#2310,#2311,#2312);
#2310 = CARTESIAN_POINT('',(0.,17.4,6.));
#2311 = DIRECTION('',(0.,0.,1.));
#2312 = DIRECTION('',(1.,0.,-0.));
#2313 = PCURVE('',#540,#2314);
#2314 = DEFINITIONAL_REPRESENTATION('',(#2315),#2319);
#2315 = LINE('',#2316,#2317);
#2316 = CARTESIAN_POINT('',(0.,0.));
#2317 = VECTOR('',#2318,1.);
#2318 = DIRECTION('',(1.,0.));
#2319 = ( GEOMETRIC_REPRESENTATION_CONTEXT(2) 
PARAMETRIC_REPRESENTATION_CONTEXT() REPRESENTATION_CONTEXT('2D SPACE',''
  ) );
#2320 = PCURVE('',#1592,#2321);
#2321 = DEFINITIONAL_REPRESENTATION('',(#2322),#2326);
#2322 = CIRCLE('',#2323,0.8);
#2323 = AXIS2_PLACEMENT_2D('',#2324,#2325);
#2324 = CARTESIAN_POINT('',(11.,1.4));
#2325 = DIRECTION('',(1.,0.));
#2326 = ( GEOMETRIC_REPRESENTATION_CONTEXT(2) 
PARAMETRIC_REPRESENTATION_CONTEXT() REPRESENTATION_CONTEXT('2D SPACE',''
  ) );
#2327 = ORIENTED_EDGE('',*,*,#2283,.T.);
#2328 = ADVANCED_FACE('',(#2329),#714,.F.);
#2329 = FACE_BOUND('',#2330,.F.);
#2330 = EDGE_LOOP('',(#2331,#2355,#2376,#2377));
#2331 = ORIENTED_EDGE('',*,*,#2332,.F.);
#2332 = EDGE_CURVE('',#2333,#2333,#2335,.T.);
#2333 = VERTEX_POINT('',#2334);
#2334 = CARTESIAN_POINT('',(-11.,-18.,2.1));
#2335 = SURFACE_CURVE('',#2336,(#2341,#2348),.PCURVE_S1.);
#2336 = CIRCLE('',#2337,0.9);
#2337 = AXIS2_PLACEMENT_3D('',#2338,#2339,#2340);
#2338 = CARTESIAN_POINT('',(-11.,-18.,3.));
#2339 = DIRECTION('',(1.,0.,2.22044604925E-16));
#2340 = DIRECTION('',(2.22044604925E-16,0.,-1.));
#2341 = PCURVE('',#714,#2342);
#2342 = DEFINITIONAL_REPRESENTATION('',(#2343),#2347);
#2343 = LINE('',#2344,#2345);
#2344 = CARTESIAN_POINT('',(0.,5.));
#2345 = VECTOR('',#2346,1.);
#2346 = DIRECTION('',(1.,0.));
#2347 = ( GEOMETRIC_REPRESENTATION_CONTEXT(2) 
PARAMETRIC_REPRESENTATION_CONTEXT() REPRESENTATION_CONTEXT('2D SPACE',''
  ) );
#2348 = PCURVE('',#1044,#2349);
#2349 = DEFINITIONAL_REPRESENTATION('',(#2350),#2354);
#2350 = CIRCLE('',#2351,0.9);
#2351 = AXIS2_PLACEMENT_2D('',#2352,#2353);
#2352 = CARTESIAN_POINT('',(4.,-3.));
#2353 = DIRECTION('',(-1.,0.));
#2354 = ( GEOMETRIC_REPRESENTATION_CONTEXT(2) 
PARAMETRIC_REPRESENTATION_CONTEXT() REPRESENTATION_CONTEXT('2D SPACE',''
  ) );
#2355 = ORIENTED_EDGE('',*,*,#2356,.F.);
#2356 = EDGE_CURVE('',#605,#2333,#2357,.T.);
#2357 = SEAM_CURVE('',#2358,(#2362,#2369),.PCURVE_S1.);
#2358 = LINE('',#2359,#2360);
#2359 = CARTESIAN_POINT('',(-16.,-18.,2.1));
#2360 = VECTOR('',#2361,1.);
#2361 = DIRECTION('',(1.,0.,2.22044604925E-16));
#2362 = PCURVE('',#714,#2363);
#2363 = DEFINITIONAL_REPRESENTATION('',(#2364),#2368);
#2364 = LINE('',#2365,#2366);
#2365 = CARTESIAN_POINT('',(6.28318530718,-0.));
#2366 = VECTOR('',#2367,1.);
#2367 = DIRECTION('',(0.,1.));
#2368 = ( GEOMETRIC_REPRESENTATION_CONTEXT(2) 
PARAMETRIC_REPRESENTATION_CONTEXT() REPRESENTATION_CONTEXT('2D SPACE',''
  ) );
#2369 = PCURVE('',#714,#2370);
#2370 = DEFINITIONAL_REPRESENTATION('',(#2371),#2375);
#2371 = LINE('',#2372,#2373);
#2372 = CARTESIAN_POINT('',(0.,-0.));
#2373 = VECTOR('',#2374,1.);
#2374 = DIRECTION('',(0.,1.));
#2375 = ( GEOMETRIC_REPRESENTATION_CONTEXT(2) 
PARAMETRIC_REPRESENTATION_CONTEXT() REPRESENTATION_CONTEXT('2D SPACE',''
  ) );
#2376 = ORIENTED_EDGE('',*,*,#604,.T.);
#2377 = ORIENTED_EDGE('',*,*,#2356,.T.);
#2378 = ADVANCED_FACE('',(#2379),#941,.F.);
#2379 = FACE_BOUND('',#2380,.F.);
#2380 = EDGE_LOOP('',(#2381,#2405,#2426,#2427));
#2381 = ORIENTED_EDGE('',*,*,#2382,.F.);
#2382 = EDGE_CURVE('',#2383,#2383,#2385,.T.);
#2383 = VERTEX_POINT('',#2384);
#2384 = CARTESIAN_POINT('',(-11.,18.,2.1));
#2385 = SURFACE_CURVE('',#2386,(#2391,#2398),.PCURVE_S1.);
#2386 = CIRCLE('',#2387,0.9);
#2387 = AXIS2_PLACEMENT_3D('',#2388,#2389,#2390);
#2388 = CARTESIAN_POINT('',(-11.,18.,3.));
#2389 = DIRECTION('',(1.,0.,2.22044604925E-16));
#2390 = DIRECTION('',(2.22044604925E-16,0.,-1.));
#2391 = PCURVE('',#941,#2392);
#2392 = DEFINITIONAL_REPRESENTATION('',(#2393),#2397);
#2393 = LINE('',#2394,#2395);
#2394 = CARTESIAN_POINT('',(0.,5.));
#2395 = VECTOR('',#2396,1.);
#2396 = DIRECTION('',(1.,0.));
#2397 = ( GEOMETRIC_REPRESENTATION_CONTEXT(2) 
PARAMETRIC_REPRESENTATION_CONTEXT() REPRESENTATION_CONTEXT('2D SPACE',''
  ) );
#2398 = PCURVE('',#1295,#2399);
#2399 = DEFINITIONAL_REPRESENTATION('',(#2400),#2404);
#2400 = CIRCLE('',#2401,0.9);
#2401 = AXIS2_PLACEMENT_2D('',#2402,#2403);
#2402 = CARTESIAN_POINT('',(4.,-2.));
#2403 = DIRECTION('',(-1.,0.));
#2404 = ( GEOMETRIC_REPRESENTATION_CONTEXT(2) 
PARAMETRIC_REPRESENTATION_CONTEXT() REPRESENTATION_CONTEXT('2D SPACE',''
  ) );
#2405 = ORIENTED_EDGE('',*,*,#2406,.F.);
#2406 = EDGE_CURVE('',#830,#2383,#2407,.T.);
#2407 = SEAM_CURVE('',#2408,(#2412,#2419),.PCURVE_S1.);
#2408 = LINE('',#2409,#2410);
#2409 = CARTESIAN_POINT('',(-16.,18.,2.1));
#2410 = VECTOR('',#2411,1.);
#2411 = DIRECTION('',(1.,0.,2.22044604925E-16));
#2412 = PCURVE('',#941,#2413);
#2413 = DEFINITIONAL_REPRESENTATION('',(#2414),#2418);
#2414 = LINE('',#2415,#2416);
#2415 = CARTESIAN_POINT('',(6.28318530718,-0.));
#2416 = VECTOR('',#2417,1.);
#2417 = DIRECTION('',(0.,1.));
#2418 = ( GEOMETRIC_REPRESENTATION_CONTEXT(2) 
PARAMETRIC_REPRESENTATION_CONTEXT() REPRESENTATION_CONTEXT('2D SPACE',''
  ) );
#2419 = PCURVE('',#941,#2420);
#2420 = DEFINITIONAL_REPRESENTATION('',(#2421),#2425);
#2421 = LINE('',#2422,#2423);
#2422 = CARTESIAN_POINT('',(0.,-0.));
#2423 = VECTOR('',#2424,1.);
#2424 = DIRECTION('',(0.,1.));
#2425 = ( GEOMETRIC_REPRESENTATION_CONTEXT(2) 
PARAMETRIC_REPRESENTATION_CONTEXT() REPRESENTATION_CONTEXT('2D SPACE',''
  ) );
#2426 = ORIENTED_EDGE('',*,*,#829,.T.);
#2427 = ORIENTED_EDGE('',*,*,#2406,.T.);
#2428 = ADVANCED_FACE('',(#2429,#2477),#1044,.T.);
#2429 = FACE_BOUND('',#2430,.T.);
#2430 = EDGE_LOOP('',(#2431,#2454,#2455,#2456));
#2431 = ORIENTED_EDGE('',*,*,#2432,.F.);
#2432 = EDGE_CURVE('',#1484,#2433,#2435,.T.);
#2433 = VERTEX_POINT('',#2434);
#2434 = CARTESIAN_POINT('',(-11.,-16.,6.));
#2435 = SURFACE_CURVE('',#2436,(#2440,#2447),.PCURVE_S1.);
#2436 = LINE('',#2437,#2438);
#2437 = CARTESIAN_POINT('',(-11.,-21.,6.));
#2438 = VECTOR('',#2439,1.);
#2439 = DIRECTION('',(-0.,1.,0.));
#2440 = PCURVE('',#1044,#2441);
#2441 = DEFINITIONAL_REPRESENTATION('',(#2442),#2446);
#2442 = LINE('',#2443,#2444);
#2443 = CARTESIAN_POINT('',(7.,0.));
#2444 = VECTOR('',#2445,1.);
#2445 = DIRECTION('',(0.,-1.));
#2446 = ( GEOMETRIC_REPRESENTATION_CONTEXT(2) 
PARAMETRIC_REPRESENTATION_CONTEXT() REPRESENTATION_CONTEXT('2D SPACE',''
  ) );
#2447 = PCURVE('',#1498,#2448);
#2448 = DEFINITIONAL_REPRESENTATION('',(#2449),#2453);
#2449 = LINE('',#2450,#2451);
#2450 = CARTESIAN_POINT('',(0.,0.));
#2451 = VECTOR('',#2452,1.);
#2452 = DIRECTION('',(0.,1.));
#2453 = ( GEOMETRIC_REPRESENTATION_CONTEXT(2) 
PARAMETRIC_REPRESENTATION_CONTEXT() REPRESENTATION_CONTEXT('2D SPACE',''
  ) );
#2454 = ORIENTED_EDGE('',*,*,#1509,.T.);
#2455 = ORIENTED_EDGE('',*,*,#1029,.T.);
#2456 = ORIENTED_EDGE('',*,*,#2457,.T.);
#2457 = EDGE_CURVE('',#1030,#2433,#2458,.T.);
#2458 = SURFACE_CURVE('',#2459,(#2463,#2470),.PCURVE_S1.);
#2459 = LINE('',#2460,#2461);
#2460 = CARTESIAN_POINT('',(-11.,-16.,-1.));
#2461 = VECTOR('',#2462,1.);
#2462 = DIRECTION('',(0.,0.,1.));
#2463 = PCURVE('',#1044,#2464);
#2464 = DEFINITIONAL_REPRESENTATION('',(#2465),#2469);
#2465 = LINE('',#2466,#2467);
#2466 = CARTESIAN_POINT('',(0.,-5.));
#2467 = VECTOR('',#2468,1.);
#2468 = DIRECTION('',(1.,0.));
#2469 = ( GEOMETRIC_REPRESENTATION_CONTEXT(2) 
PARAMETRIC_REPRESENTATION_CONTEXT() REPRESENTATION_CONTEXT('2D SPACE',''
  ) );
#2470 = PCURVE('',#1070,#2471);
#2471 = DEFINITIONAL_REPRESENTATION('',(#2472),#2476);
#2472 = LINE('',#2473,#2474);
#2473 = CARTESIAN_POINT('',(0.,0.));
#2474 = VECTOR('',#2475,1.);
#2475 = DIRECTION('',(1.,0.));
#2476 = ( GEOMETRIC_REPRESENTATION_CONTEXT(2) 
PARAMETRIC_REPRESENTATION_CONTEXT() REPRESENTATION_CONTEXT('2D SPACE',''
  ) );
#2477 = FACE_BOUND('',#2478,.T.);
#2478 = EDGE_LOOP('',(#2479));
#2479 = ORIENTED_EDGE('',*,*,#2332,.F.);
#2480 = ADVANCED_FACE('',(#2481,#2529),#1295,.T.);
#2481 = FACE_BOUND('',#2482,.T.);
#2482 = EDGE_LOOP('',(#2483,#2506,#2507,#2508));
#2483 = ORIENTED_EDGE('',*,*,#2484,.F.);
#2484 = EDGE_CURVE('',#1255,#2485,#2487,.T.);
#2485 = VERTEX_POINT('',#2486);
#2486 = CARTESIAN_POINT('',(-11.,16.,6.));
#2487 = SURFACE_CURVE('',#2488,(#2492,#2499),.PCURVE_S1.);
#2488 = LINE('',#2489,#2490);
#2489 = CARTESIAN_POINT('',(-11.,16.,-1.));
#2490 = VECTOR('',#2491,1.);
#2491 = DIRECTION('',(0.,0.,1.));
#2492 = PCURVE('',#1295,#2493);
#2493 = DEFINITIONAL_REPRESENTATION('',(#2494),#2498);
#2494 = LINE('',#2495,#2496);
#2495 = CARTESIAN_POINT('',(0.,0.));
#2496 = VECTOR('',#2497,1.);
#2497 = DIRECTION('',(1.,0.));
#2498 = ( GEOMETRIC_REPRESENTATION_CONTEXT(2) 
PARAMETRIC_REPRESENTATION_CONTEXT() REPRESENTATION_CONTEXT('2D SPACE',''
  ) );
#2499 = PCURVE('',#1269,#2500);
#2500 = DEFINITIONAL_REPRESENTATION('',(#2501),#2505);
#2501 = LINE('',#2502,#2503);
#2502 = CARTESIAN_POINT('',(0.,0.));
#2503 = VECTOR('',#2504,1.);
#2504 = DIRECTION('',(1.,0.));
#2505 = ( GEOMETRIC_REPRESENTATION_CONTEXT(2) 
PARAMETRIC_REPRESENTATION_CONTEXT() REPRESENTATION_CONTEXT('2D SPACE',''
  ) );
#2506 = ORIENTED_EDGE('',*,*,#1280,.T.);
#2507 = ORIENTED_EDGE('',*,*,#1603,.F.);
#2508 = ORIENTED_EDGE('',*,*,#2509,.F.);
#2509 = EDGE_CURVE('',#2485,#1578,#2510,.T.);
#2510 = SURFACE_CURVE('',#2511,(#2515,#2522),.PCURVE_S1.);
#2511 = LINE('',#2512,#2513);
#2512 = CARTESIAN_POINT('',(-11.,16.,6.));
#2513 = VECTOR('',#2514,1.);
#2514 = DIRECTION('',(-0.,1.,0.));
#2515 = PCURVE('',#1295,#2516);
#2516 = DEFINITIONAL_REPRESENTATION('',(#2517),#2521);
#2517 = LINE('',#2518,#2519);
#2518 = CARTESIAN_POINT('',(7.,0.));
#2519 = VECTOR('',#2520,1.);
#2520 = DIRECTION('',(0.,-1.));
#2521 = ( GEOMETRIC_REPRESENTATION_CONTEXT(2) 
PARAMETRIC_REPRESENTATION_CONTEXT() REPRESENTATION_CONTEXT('2D SPACE',''
  ) );
#2522 = PCURVE('',#1592,#2523);
#2523 = DEFINITIONAL_REPRESENTATION('',(#2524),#2528);
#2524 = LINE('',#2525,#2526);
#2525 = CARTESIAN_POINT('',(0.,0.));
#2526 = VECTOR('',#2527,1.);
#2527 = DIRECTION('',(0.,1.));
#2528 = ( GEOMETRIC_REPRESENTATION_CONTEXT(2) 
PARAMETRIC_REPRESENTATION_CONTEXT() REPRESENTATION_CONTEXT('2D SPACE',''
  ) );
#2529 = FACE_BOUND('',#2530,.T.);
#2530 = EDGE_LOOP('',(#2531));
#2531 = ORIENTED_EDGE('',*,*,#2382,.F.);
#2532 = ADVANCED_FACE('',(#2533),#1070,.F.);
#2533 = FACE_BOUND('',#2534,.F.);
#2534 = EDGE_LOOP('',(#2535,#2558,#2559,#2560));
#2535 = ORIENTED_EDGE('',*,*,#2536,.F.);
#2536 = EDGE_CURVE('',#1056,#2537,#2539,.T.);
#2537 = VERTEX_POINT('',#2538);
#2538 = CARTESIAN_POINT('',(11.,-16.,6.));
#2539 = SURFACE_CURVE('',#2540,(#2544,#2551),.PCURVE_S1.);
#2540 = LINE('',#2541,#2542);
#2541 = CARTESIAN_POINT('',(11.,-16.,-1.));
#2542 = VECTOR('',#2543,1.);
#2543 = DIRECTION('',(0.,0.,1.));
#2544 = PCURVE('',#1070,#2545);
#2545 = DEFINITIONAL_REPRESENTATION('',(#2546),#2550);
#2546 = LINE('',#2547,#2548);
#2547 = CARTESIAN_POINT('',(0.,22.));
#2548 = VECTOR('',#2549,1.);
#2549 = DIRECTION('',(1.,0.));
#2550 = ( GEOMETRIC_REPRESENTATION_CONTEXT(2) 
PARAMETRIC_REPRESENTATION_CONTEXT() REPRESENTATION_CONTEXT('2D SPACE',''
  ) );
#2551 = PCURVE('',#1096,#2552);
#2552 = DEFINITIONAL_REPRESENTATION('',(#2553),#2557);
#2553 = LINE('',#2554,#2555);
#2554 = CARTESIAN_POINT('',(0.,-5.));
#2555 = VECTOR('',#2556,1.);
#2556 = DIRECTION('',(1.,0.));
#2557 = ( GEOMETRIC_REPRESENTATION_CONTEXT(2) 
PARAMETRIC_REPRESENTATION_CONTEXT() REPRESENTATION_CONTEXT('2D SPACE',''
  ) );
#2558 = ORIENTED_EDGE('',*,*,#1055,.T.);
#2559 = ORIENTED_EDGE('',*,*,#2457,.T.);
#2560 = ORIENTED_EDGE('',*,*,#2561,.T.);
#2561 = EDGE_CURVE('',#2433,#2537,#2562,.T.);
#2562 = SURFACE_CURVE('',#2563,(#2567,#2574),.PCURVE_S1.);
#2563 = LINE('',#2564,#2565);
#2564 = CARTESIAN_POINT('',(-11.,-16.,6.));
#2565 = VECTOR('',#2566,1.);
#2566 = DIRECTION('',(1.,0.,-0.));
#2567 = PCURVE('',#1070,#2568);
#2568 = DEFINITIONAL_REPRESENTATION('',(#2569),#2573);
#2569 = LINE('',#2570,#2571);
#2570 = CARTESIAN_POINT('',(7.,0.));
#2571 = VECTOR('',#2572,1.);
#2572 = DIRECTION('',(0.,1.));
#2573 = ( GEOMETRIC_REPRESENTATION_CONTEXT(2) 
PARAMETRIC_REPRESENTATION_CONTEXT() REPRESENTATION_CONTEXT('2D SPACE',''
  ) );
#2574 = PCURVE('',#1498,#2575);
#2575 = DEFINITIONAL_REPRESENTATION('',(#2576),#2580);
#2576 = LINE('',#2577,#2578);
#2577 = CARTESIAN_POINT('',(0.,5.));
#2578 = VECTOR('',#2579,1.);
#2579 = DIRECTION('',(1.,0.));
#2580 = ( GEOMETRIC_REPRESENTATION_CONTEXT(2) 
PARAMETRIC_REPRESENTATION_CONTEXT() REPRESENTATION_CONTEXT('2D SPACE',''
  ) );
#2581 = ADVANCED_FACE('',(#2582),#1269,.T.);
#2582 = FACE_BOUND('',#2583,.T.);
#2583 = EDGE_LOOP('',(#2584,#2607,#2608,#2609));
#2584 = ORIENTED_EDGE('',*,*,#2585,.F.);
#2585 = EDGE_CURVE('',#1229,#2586,#2588,.T.);
#2586 = VERTEX_POINT('',#2587);
#2587 = CARTESIAN_POINT('',(11.,16.,6.));
#2588 = SURFACE_CURVE('',#2589,(#2593,#2600),.PCURVE_S1.);
#2589 = LINE('',#2590,#2591);
#2590 = CARTESIAN_POINT('',(11.,16.,-1.));
#2591 = VECTOR('',#2592,1.);
#2592 = DIRECTION('',(0.,0.,1.));
#2593 = PCURVE('',#1269,#2594);
#2594 = DEFINITIONAL_REPRESENTATION('',(#2595),#2599);
#2595 = LINE('',#2596,#2597);
#2596 = CARTESIAN_POINT('',(0.,22.));
#2597 = VECTOR('',#2598,1.);
#2598 = DIRECTION('',(1.,0.));
#2599 = ( GEOMETRIC_REPRESENTATION_CONTEXT(2) 
PARAMETRIC_REPRESENTATION_CONTEXT() REPRESENTATION_CONTEXT('2D SPACE',''
  ) );
#2600 = PCURVE('',#1243,#2601);
#2601 = DEFINITIONAL_REPRESENTATION('',(#2602),#2606);
#2602 = LINE('',#2603,#2604);
#2603 = CARTESIAN_POINT('',(0.,0.));
#2604 = VECTOR('',#2605,1.);
#2605 = DIRECTION('',(1.,0.));
#2606 = ( GEOMETRIC_REPRESENTATION_CONTEXT(2) 
PARAMETRIC_REPRESENTATION_CONTEXT() REPRESENTATION_CONTEXT('2D SPACE',''
  ) );
#2607 = ORIENTED_EDGE('',*,*,#1254,.T.);
#2608 = ORIENTED_EDGE('',*,*,#2484,.T.);
#2609 = ORIENTED_EDGE('',*,*,#2610,.T.);
#2610 = EDGE_CURVE('',#2485,#2586,#2611,.T.);
#2611 = SURFACE_CURVE('',#2612,(#2616,#2623),.PCURVE_S1.);
#2612 = LINE('',#2613,#2614);
#2613 = CARTESIAN_POINT('',(-11.,16.,6.));
#2614 = VECTOR('',#2615,1.);
#2615 = DIRECTION('',(1.,0.,-0.));
#2616 = PCURVE('',#1269,#2617);
#2617 = DEFINITIONAL_REPRESENTATION('',(#2618),#2622);
#2618 = LINE('',#2619,#2620);
#2619 = CARTESIAN_POINT('',(7.,0.));
#2620 = VECTOR('',#2621,1.);
#2621 = DIRECTION('',(0.,1.));
#2622 = ( GEOMETRIC_REPRESENTATION_CONTEXT(2) 
PARAMETRIC_REPRESENTATION_CONTEXT() REPRESENTATION_CONTEXT('2D SPACE',''
  ) );
#2623 = PCURVE('',#1592,#2624);
#2624 = DEFINITIONAL_REPRESENTATION('',(#2625),#2629);
#2625 = LINE('',#2626,#2627);
#2626 = CARTESIAN_POINT('',(0.,0.));
#2627 = VECTOR('',#2628,1.);
#2628 = DIRECTION('',(1.,0.));
#2629 = ( GEOMETRIC_REPRESENTATION_CONTEXT(2) 
PARAMETRIC_REPRESENTATION_CONTEXT() REPRESENTATION_CONTEXT('2D SPACE',''
  ) );
#2630 = ADVANCED_FACE('',(#2631,#2657),#1096,.F.);
#2631 = FACE_BOUND('',#2632,.F.);
#2632 = EDGE_LOOP('',(#2633,#2654,#2655,#2656));
#2633 = ORIENTED_EDGE('',*,*,#2634,.F.);
#2634 = EDGE_CURVE('',#1463,#2537,#2635,.T.);
#2635 = SURFACE_CURVE('',#2636,(#2640,#2647),.PCURVE_S1.);
#2636 = LINE('',#2637,#2638);
#2637 = CARTESIAN_POINT('',(11.,-21.,6.));
#2638 = VECTOR('',#2639,1.);
#2639 = DIRECTION('',(-0.,1.,0.));
#2640 = PCURVE('',#1096,#2641);
#2641 = DEFINITIONAL_REPRESENTATION('',(#2642),#2646);
#2642 = LINE('',#2643,#2644);
#2643 = CARTESIAN_POINT('',(7.,0.));
#2644 = VECTOR('',#2645,1.);
#2645 = DIRECTION('',(0.,-1.));
#2646 = ( GEOMETRIC_REPRESENTATION_CONTEXT(2) 
PARAMETRIC_REPRESENTATION_CONTEXT() REPRESENTATION_CONTEXT('2D SPACE',''
  ) );
#2647 = PCURVE('',#1498,#2648);
#2648 = DEFINITIONAL_REPRESENTATION('',(#2649),#2653);
#2649 = LINE('',#2650,#2651);
#2650 = CARTESIAN_POINT('',(22.,0.));
#2651 = VECTOR('',#2652,1.);
#2652 = DIRECTION('',(0.,1.));
#2653 = ( GEOMETRIC_REPRESENTATION_CONTEXT(2) 
PARAMETRIC_REPRESENTATION_CONTEXT() REPRESENTATION_CONTEXT('2D SPACE',''
  ) );
#2654 = ORIENTED_EDGE('',*,*,#1462,.T.);
#2655 = ORIENTED_EDGE('',*,*,#1081,.T.);
#2656 = ORIENTED_EDGE('',*,*,#2536,.T.);
#2657 = FACE_BOUND('',#2658,.F.);
#2658 = EDGE_LOOP('',(#2659));
#2659 = ORIENTED_EDGE('',*,*,#2660,.F.);
#2660 = EDGE_CURVE('',#2661,#2661,#2663,.T.);
#2661 = VERTEX_POINT('',#2662);
#2662 = CARTESIAN_POINT('',(11.,-18.,2.1));
#2663 = SURFACE_CURVE('',#2664,(#2669,#2676),.PCURVE_S1.);
#2664 = CIRCLE('',#2665,0.9);
#2665 = AXIS2_PLACEMENT_3D('',#2666,#2667,#2668);
#2666 = CARTESIAN_POINT('',(11.,-18.,3.));
#2667 = DIRECTION('',(1.,0.,2.22044604925E-16));
#2668 = DIRECTION('',(2.22044604925E-16,0.,-1.));
#2669 = PCURVE('',#1096,#2670);
#2670 = DEFINITIONAL_REPRESENTATION('',(#2671),#2675);
#2671 = CIRCLE('',#2672,0.9);
#2672 = AXIS2_PLACEMENT_2D('',#2673,#2674);
#2673 = CARTESIAN_POINT('',(4.,-3.));
#2674 = DIRECTION('',(-1.,0.));
#2675 = ( GEOMETRIC_REPRESENTATION_CONTEXT(2) 
PARAMETRIC_REPRESENTATION_CONTEXT() REPRESENTATION_CONTEXT('2D SPACE',''
  ) );
#2676 = PCURVE('',#1761,#2677);
#2677 = DEFINITIONAL_REPRESENTATION('',(#2678),#2682);
#2678 = LINE('',#2679,#2680);
#2679 = CARTESIAN_POINT('',(0.,27.));
#2680 = VECTOR('',#2681,1.);
#2681 = DIRECTION('',(1.,0.));
#2682 = ( GEOMETRIC_REPRESENTATION_CONTEXT(2) 
PARAMETRIC_REPRESENTATION_CONTEXT() REPRESENTATION_CONTEXT('2D SPACE',''
  ) );
#2683 = ADVANCED_FACE('',(#2684,#2710),#1243,.F.);
#2684 = FACE_BOUND('',#2685,.F.);
#2685 = EDGE_LOOP('',(#2686,#2687,#2688,#2689));
#2686 = ORIENTED_EDGE('',*,*,#2585,.F.);
#2687 = ORIENTED_EDGE('',*,*,#1228,.T.);
#2688 = ORIENTED_EDGE('',*,*,#1556,.F.);
#2689 = ORIENTED_EDGE('',*,*,#2690,.F.);
#2690 = EDGE_CURVE('',#2586,#1557,#2691,.T.);
#2691 = SURFACE_CURVE('',#2692,(#2696,#2703),.PCURVE_S1.);
#2692 = LINE('',#2693,#2694);
#2693 = CARTESIAN_POINT('',(11.,16.,6.));
#2694 = VECTOR('',#2695,1.);
#2695 = DIRECTION('',(-0.,1.,0.));
#2696 = PCURVE('',#1243,#2697);
#2697 = DEFINITIONAL_REPRESENTATION('',(#2698),#2702);
#2698 = LINE('',#2699,#2700);
#2699 = CARTESIAN_POINT('',(7.,0.));
#2700 = VECTOR('',#2701,1.);
#2701 = DIRECTION('',(0.,-1.));
#2702 = ( GEOMETRIC_REPRESENTATION_CONTEXT(2) 
PARAMETRIC_REPRESENTATION_CONTEXT() REPRESENTATION_CONTEXT('2D SPACE',''
  ) );
#2703 = PCURVE('',#1592,#2704);
#2704 = DEFINITIONAL_REPRESENTATION('',(#2705),#2709);
#2705 = LINE('',#2706,#2707);
#2706 = CARTESIAN_POINT('',(22.,0.));
#2707 = VECTOR('',#2708,1.);
#2708 = DIRECTION('',(0.,1.));
#2709 = ( GEOMETRIC_REPRESENTATION_CONTEXT(2) 
PARAMETRIC_REPRESENTATION_CONTEXT() REPRESENTATION_CONTEXT('2D SPACE',''
  ) );
#2710 = FACE_BOUND('',#2711,.F.);
#2711 = EDGE_LOOP('',(#2712));
#2712 = ORIENTED_EDGE('',*,*,#2713,.F.);
#2713 = EDGE_CURVE('',#2714,#2714,#2716,.T.);
#2714 = VERTEX_POINT('',#2715);
#2715 = CARTESIAN_POINT('',(11.,18.,2.1));
#2716 = SURFACE_CURVE('',#2717,(#2722,#2729),.PCURVE_S1.);
#2717 = CIRCLE('',#2718,0.9);
#2718 = AXIS2_PLACEMENT_3D('',#2719,#2720,#2721);
#2719 = CARTESIAN_POINT('',(11.,18.,3.));
#2720 = DIRECTION('',(1.,0.,2.22044604925E-16));
#2721 = DIRECTION('',(2.22044604925E-16,0.,-1.));
#2722 = PCURVE('',#1243,#2723);
#2723 = DEFINITIONAL_REPRESENTATION('',(#2724),#2728);
#2724 = CIRCLE('',#2725,0.9);
#2725 = AXIS2_PLACEMENT_2D('',#2726,#2727);
#2726 = CARTESIAN_POINT('',(4.,-2.));
#2727 = DIRECTION('',(-1.,0.));
#2728 = ( GEOMETRIC_REPRESENTATION_CONTEXT(2) 
PARAMETRIC_REPRESENTATION_CONTEXT() REPRESENTATION_CONTEXT('2D SPACE',''
  ) );
#2729 = PCURVE('',#1961,#2730);
#2730 = DEFINITIONAL_REPRESENTATION('',(#2731),#2735);
#2731 = LINE('',#2732,#2733);
#2732 = CARTESIAN_POINT('',(0.,27.));
#2733 = VECTOR('',#2734,1.);
#2734 = DIRECTION('',(1.,0.));
#2735 = ( GEOMETRIC_REPRESENTATION_CONTEXT(2) 
PARAMETRIC_REPRESENTATION_CONTEXT() REPRESENTATION_CONTEXT('2D SPACE',''
  ) );
#2736 = ADVANCED_FACE('',(#2737),#1347,.T.);
#2737 = FACE_BOUND('',#2738,.T.);
#2738 = EDGE_LOOP('',(#2739,#2762,#2763,#2786));
#2739 = ORIENTED_EDGE('',*,*,#2740,.F.);
#2740 = EDGE_CURVE('',#1331,#2741,#2743,.T.);
#2741 = VERTEX_POINT('',#2742);
#2742 = CARTESIAN_POINT('',(13.1,-4.,1.));
#2743 = SURFACE_CURVE('',#2744,(#2748,#2755),.PCURVE_S1.);
#2744 = LINE('',#2745,#2746);
#2745 = CARTESIAN_POINT('',(13.1,-4.,-1.E-01));
#2746 = VECTOR('',#2747,1.);
#2747 = DIRECTION('',(0.,0.,1.));
#2748 = PCURVE('',#1347,#2749);
#2749 = DEFINITIONAL_REPRESENTATION('',(#2750),#2754);
#2750 = LINE('',#2751,#2752);
#2751 = CARTESIAN_POINT('',(0.,4.));
#2752 = VECTOR('',#2753,1.);
#2753 = DIRECTION('',(1.,0.));
#2754 = ( GEOMETRIC_REPRESENTATION_CONTEXT(2) 
PARAMETRIC_REPRESENTATION_CONTEXT() REPRESENTATION_CONTEXT('2D SPACE',''
  ) );
#2755 = PCURVE('',#1423,#2756);
#2756 = DEFINITIONAL_REPRESENTATION('',(#2757),#2761);
#2757 = LINE('',#2758,#2759);
#2758 = CARTESIAN_POINT('',(0.,0.));
#2759 = VECTOR('',#2760,1.);
#2760 = DIRECTION('',(1.,0.));
#2761 = ( GEOMETRIC_REPRESENTATION_CONTEXT(2) 
PARAMETRIC_REPRESENTATION_CONTEXT() REPRESENTATION_CONTEXT('2D SPACE',''
  ) );
#2762 = ORIENTED_EDGE('',*,*,#1330,.T.);
#2763 = ORIENTED_EDGE('',*,*,#2764,.T.);
#2764 = EDGE_CURVE('',#1333,#2765,#2767,.T.);
#2765 = VERTEX_POINT('',#2766);
#2766 = CARTESIAN_POINT('',(9.1,-4.,1.));
#2767 = SURFACE_CURVE('',#2768,(#2772,#2779),.PCURVE_S1.);
#2768 = LINE('',#2769,#2770);
#2769 = CARTESIAN_POINT('',(9.1,-4.,-1.E-01));
#2770 = VECTOR('',#2771,1.);
#2771 = DIRECTION('',(0.,0.,1.));
#2772 = PCURVE('',#1347,#2773);
#2773 = DEFINITIONAL_REPRESENTATION('',(#2774),#2778);
#2774 = LINE('',#2775,#2776);
#2775 = CARTESIAN_POINT('',(0.,0.));
#2776 = VECTOR('',#2777,1.);
#2777 = DIRECTION('',(1.,0.));
#2778 = ( GEOMETRIC_REPRESENTATION_CONTEXT(2) 
PARAMETRIC_REPRESENTATION_CONTEXT() REPRESENTATION_CONTEXT('2D SPACE',''
  ) );
#2779 = PCURVE('',#1373,#2780);
#2780 = DEFINITIONAL_REPRESENTATION('',(#2781),#2785);
#2781 = LINE('',#2782,#2783);
#2782 = CARTESIAN_POINT('',(0.,0.));
#2783 = VECTOR('',#2784,1.);
#2784 = DIRECTION('',(1.,0.));
#2785 = ( GEOMETRIC_REPRESENTATION_CONTEXT(2) 
PARAMETRIC_REPRESENTATION_CONTEXT() REPRESENTATION_CONTEXT('2D SPACE',''
  ) );
#2786 = ORIENTED_EDGE('',*,*,#2787,.F.);
#2787 = EDGE_CURVE('',#2741,#2765,#2788,.T.);
#2788 = SURFACE_CURVE('',#2789,(#2793,#2799),.PCURVE_S1.);
#2789 = LINE('',#2790,#2791);
#2790 = CARTESIAN_POINT('',(-2.2,-4.,1.));
#2791 = VECTOR('',#2792,1.);
#2792 = DIRECTION('',(-1.,-0.,0.));
#2793 = PCURVE('',#1347,#2794);
#2794 = DEFINITIONAL_REPRESENTATION('',(#2795),#2798);
#2795 = B_SPLINE_CURVE_WITH_KNOTS('',1,(#2796,#2797),.UNSPECIFIED.,.F.,
  .F.,(2,2),(-15.3,-11.3),.PIECEWISE_BEZIER_KNOTS.);
#2796 = CARTESIAN_POINT('',(1.1,4.));
#2797 = CARTESIAN_POINT('',(1.1,0.));
#2798 = ( GEOMETRIC_REPRESENTATION_CONTEXT(2) 
PARAMETRIC_REPRESENTATION_CONTEXT() REPRESENTATION_CONTEXT('2D SPACE',''
  ) );
#2799 = PCURVE('',#2120,#2800);
#2800 = DEFINITIONAL_REPRESENTATION('',(#2801),#2804);
#2801 = B_SPLINE_CURVE_WITH_KNOTS('',1,(#2802,#2803),.UNSPECIFIED.,.F.,
  .F.,(2,2),(-15.3,-11.3),.PIECEWISE_BEZIER_KNOTS.);
#2802 = CARTESIAN_POINT('',(26.6,10.8));
#2803 = CARTESIAN_POINT('',(22.6,10.8));
#2804 = ( GEOMETRIC_REPRESENTATION_CONTEXT(2) 
PARAMETRIC_REPRESENTATION_CONTEXT() REPRESENTATION_CONTEXT('2D SPACE',''
  ) );
#2805 = ADVANCED_FACE('',(#2806),#1423,.F.);
#2806 = FACE_BOUND('',#2807,.F.);
#2807 = EDGE_LOOP('',(#2808,#2809,#2810,#2833));
#2808 = ORIENTED_EDGE('',*,*,#2740,.F.);
#2809 = ORIENTED_EDGE('',*,*,#1410,.T.);
#2810 = ORIENTED_EDGE('',*,*,#2811,.T.);
#2811 = EDGE_CURVE('',#1385,#2812,#2814,.T.);
#2812 = VERTEX_POINT('',#2813);
#2813 = CARTESIAN_POINT('',(13.1,4.,1.));
#2814 = SURFACE_CURVE('',#2815,(#2819,#2826),.PCURVE_S1.);
#2815 = LINE('',#2816,#2817);
#2816 = CARTESIAN_POINT('',(13.1,4.,-1.E-01));
#2817 = VECTOR('',#2818,1.);
#2818 = DIRECTION('',(0.,0.,1.));
#2819 = PCURVE('',#1423,#2820);
#2820 = DEFINITIONAL_REPRESENTATION('',(#2821),#2825);
#2821 = LINE('',#2822,#2823);
#2822 = CARTESIAN_POINT('',(0.,-8.));
#2823 = VECTOR('',#2824,1.);
#2824 = DIRECTION('',(1.,0.));
#2825 = ( GEOMETRIC_REPRESENTATION_CONTEXT(2) 
PARAMETRIC_REPRESENTATION_CONTEXT() REPRESENTATION_CONTEXT('2D SPACE',''
  ) );
#2826 = PCURVE('',#1399,#2827);
#2827 = DEFINITIONAL_REPRESENTATION('',(#2828),#2832);
#2828 = LINE('',#2829,#2830);
#2829 = CARTESIAN_POINT('',(0.,4.));
#2830 = VECTOR('',#2831,1.);
#2831 = DIRECTION('',(1.,0.));
#2832 = ( GEOMETRIC_REPRESENTATION_CONTEXT(2) 
PARAMETRIC_REPRESENTATION_CONTEXT() REPRESENTATION_CONTEXT('2D SPACE',''
  ) );
#2833 = ORIENTED_EDGE('',*,*,#2834,.F.);
#2834 = EDGE_CURVE('',#2741,#2812,#2835,.T.);
#2835 = SURFACE_CURVE('',#2836,(#2840,#2846),.PCURVE_S1.);
#2836 = LINE('',#2837,#2838);
#2837 = CARTESIAN_POINT('',(13.1,-9.4,1.));
#2838 = VECTOR('',#2839,1.);
#2839 = DIRECTION('',(-0.,1.,0.));
#2840 = PCURVE('',#1423,#2841);
#2841 = DEFINITIONAL_REPRESENTATION('',(#2842),#2845);
#2842 = B_SPLINE_CURVE_WITH_KNOTS('',1,(#2843,#2844),.UNSPECIFIED.,.F.,
  .F.,(2,2),(5.4,13.4),.PIECEWISE_BEZIER_KNOTS.);
#2843 = CARTESIAN_POINT('',(1.1,0.));
#2844 = CARTESIAN_POINT('',(1.1,-8.));
#2845 = ( GEOMETRIC_REPRESENTATION_CONTEXT(2) 
PARAMETRIC_REPRESENTATION_CONTEXT() REPRESENTATION_CONTEXT('2D SPACE',''
  ) );
#2846 = PCURVE('',#2120,#2847);
#2847 = DEFINITIONAL_REPRESENTATION('',(#2848),#2851);
#2848 = B_SPLINE_CURVE_WITH_KNOTS('',1,(#2849,#2850),.UNSPECIFIED.,.F.,
  .F.,(2,2),(5.4,13.4),.PIECEWISE_BEZIER_KNOTS.);
#2849 = CARTESIAN_POINT('',(26.6,10.8));
#2850 = CARTESIAN_POINT('',(26.6,18.8));
#2851 = ( GEOMETRIC_REPRESENTATION_CONTEXT(2) 
PARAMETRIC_REPRESENTATION_CONTEXT() REPRESENTATION_CONTEXT('2D SPACE',''
  ) );
#2852 = ADVANCED_FACE('',(#2853),#1399,.F.);
#2853 = FACE_BOUND('',#2854,.F.);
#2854 = EDGE_LOOP('',(#2855,#2856,#2857,#2880));
#2855 = ORIENTED_EDGE('',*,*,#2811,.F.);
#2856 = ORIENTED_EDGE('',*,*,#1384,.T.);
#2857 = ORIENTED_EDGE('',*,*,#2858,.T.);
#2858 = EDGE_CURVE('',#1359,#2859,#2861,.T.);
#2859 = VERTEX_POINT('',#2860);
#2860 = CARTESIAN_POINT('',(9.1,4.,1.));
#2861 = SURFACE_CURVE('',#2862,(#2866,#2873),.PCURVE_S1.);
#2862 = LINE('',#2863,#2864);
#2863 = CARTESIAN_POINT('',(9.1,4.,-1.E-01));
#2864 = VECTOR('',#2865,1.);
#2865 = DIRECTION('',(0.,0.,1.));
#2866 = PCURVE('',#1399,#2867);
#2867 = DEFINITIONAL_REPRESENTATION('',(#2868),#2872);
#2868 = LINE('',#2869,#2870);
#2869 = CARTESIAN_POINT('',(0.,0.));
#2870 = VECTOR('',#2871,1.);
#2871 = DIRECTION('',(1.,0.));
#2872 = ( GEOMETRIC_REPRESENTATION_CONTEXT(2) 
PARAMETRIC_REPRESENTATION_CONTEXT() REPRESENTATION_CONTEXT('2D SPACE',''
  ) );
#2873 = PCURVE('',#1373,#2874);
#2874 = DEFINITIONAL_REPRESENTATION('',(#2875),#2879);
#2875 = LINE('',#2876,#2877);
#2876 = CARTESIAN_POINT('',(0.,-8.));
#2877 = VECTOR('',#2878,1.);
#2878 = DIRECTION('',(1.,0.));
#2879 = ( GEOMETRIC_REPRESENTATION_CONTEXT(2) 
PARAMETRIC_REPRESENTATION_CONTEXT() REPRESENTATION_CONTEXT('2D SPACE',''
  ) );
#2880 = ORIENTED_EDGE('',*,*,#2881,.F.);
#2881 = EDGE_CURVE('',#2812,#2859,#2882,.T.);
#2882 = SURFACE_CURVE('',#2883,(#2887,#2893),.PCURVE_S1.);
#2883 = LINE('',#2884,#2885);
#2884 = CARTESIAN_POINT('',(-2.2,4.,1.));
#2885 = VECTOR('',#2886,1.);
#2886 = DIRECTION('',(-1.,-0.,0.));
#2887 = PCURVE('',#1399,#2888);
#2888 = DEFINITIONAL_REPRESENTATION('',(#2889),#2892);
#2889 = B_SPLINE_CURVE_WITH_KNOTS('',1,(#2890,#2891),.UNSPECIFIED.,.F.,
  .F.,(2,2),(-15.3,-11.3),.PIECEWISE_BEZIER_KNOTS.);
#2890 = CARTESIAN_POINT('',(1.1,4.));
#2891 = CARTESIAN_POINT('',(1.1,0.));
#2892 = ( GEOMETRIC_REPRESENTATION_CONTEXT(2) 
PARAMETRIC_REPRESENTATION_CONTEXT() REPRESENTATION_CONTEXT('2D SPACE',''
  ) );
#2893 = PCURVE('',#2120,#2894);
#2894 = DEFINITIONAL_REPRESENTATION('',(#2895),#2898);
#2895 = B_SPLINE_CURVE_WITH_KNOTS('',1,(#2896,#2897),.UNSPECIFIED.,.F.,
  .F.,(2,2),(-15.3,-11.3),.PIECEWISE_BEZIER_KNOTS.);
#2896 = CARTESIAN_POINT('',(26.6,18.8));
#2897 = CARTESIAN_POINT('',(22.6,18.8));
#2898 = ( GEOMETRIC_REPRESENTATION_CONTEXT(2) 
PARAMETRIC_REPRESENTATION_CONTEXT() REPRESENTATION_CONTEXT('2D SPACE',''
  ) );
#2899 = ADVANCED_FACE('',(#2900),#1373,.T.);
#2900 = FACE_BOUND('',#2901,.T.);
#2901 = EDGE_LOOP('',(#2902,#2903,#2904,#2905));
#2902 = ORIENTED_EDGE('',*,*,#2764,.F.);
#2903 = ORIENTED_EDGE('',*,*,#1358,.T.);
#2904 = ORIENTED_EDGE('',*,*,#2858,.T.);
#2905 = ORIENTED_EDGE('',*,*,#2906,.F.);
#2906 = EDGE_CURVE('',#2765,#2859,#2907,.T.);
#2907 = SURFACE_CURVE('',#2908,(#2912,#2918),.PCURVE_S1.);
#2908 = LINE('',#2909,#2910);
#2909 = CARTESIAN_POINT('',(9.1,-9.4,1.));
#2910 = VECTOR('',#2911,1.);
#2911 = DIRECTION('',(-0.,1.,0.));
#2912 = PCURVE('',#1373,#2913);
#2913 = DEFINITIONAL_REPRESENTATION('',(#2914),#2917);
#2914 = B_SPLINE_CURVE_WITH_KNOTS('',1,(#2915,#2916),.UNSPECIFIED.,.F.,
  .F.,(2,2),(5.4,13.4),.PIECEWISE_BEZIER_KNOTS.);
#2915 = CARTESIAN_POINT('',(1.1,0.));
#2916 = CARTESIAN_POINT('',(1.1,-8.));
#2917 = ( GEOMETRIC_REPRESENTATION_CONTEXT(2) 
PARAMETRIC_REPRESENTATION_CONTEXT() REPRESENTATION_CONTEXT('2D SPACE',''
  ) );
#2918 = PCURVE('',#2120,#2919);
#2919 = DEFINITIONAL_REPRESENTATION('',(#2920),#2923);
#2920 = B_SPLINE_CURVE_WITH_KNOTS('',1,(#2921,#2922),.UNSPECIFIED.,.F.,
  .F.,(2,2),(5.4,13.4),.PIECEWISE_BEZIER_KNOTS.);
#2921 = CARTESIAN_POINT('',(22.6,10.8));
#2922 = CARTESIAN_POINT('',(22.6,18.8));
#2923 = ( GEOMETRIC_REPRESENTATION_CONTEXT(2) 
PARAMETRIC_REPRESENTATION_CONTEXT() REPRESENTATION_CONTEXT('2D SPACE',''
  ) );
#2924 = ADVANCED_FACE('',(#2925,#2931),#1498,.F.);
#2925 = FACE_BOUND('',#2926,.F.);
#2926 = EDGE_LOOP('',(#2927,#2928,#2929,#2930));
#2927 = ORIENTED_EDGE('',*,*,#2432,.F.);
#2928 = ORIENTED_EDGE('',*,*,#1483,.T.);
#2929 = ORIENTED_EDGE('',*,*,#2634,.T.);
#2930 = ORIENTED_EDGE('',*,*,#2561,.F.);
#2931 = FACE_BOUND('',#2932,.F.);
#2932 = EDGE_LOOP('',(#2933));
#2933 = ORIENTED_EDGE('',*,*,#2055,.F.);
#2934 = ADVANCED_FACE('',(#2935,#2941),#1592,.F.);
#2935 = FACE_BOUND('',#2936,.F.);
#2936 = EDGE_LOOP('',(#2937,#2938,#2939,#2940));
#2937 = ORIENTED_EDGE('',*,*,#2509,.F.);
#2938 = ORIENTED_EDGE('',*,*,#2610,.T.);
#2939 = ORIENTED_EDGE('',*,*,#2690,.T.);
#2940 = ORIENTED_EDGE('',*,*,#1577,.F.);
#2941 = FACE_BOUND('',#2942,.F.);
#2942 = EDGE_LOOP('',(#2943));
#2943 = ORIENTED_EDGE('',*,*,#2306,.F.);
#2944 = ADVANCED_FACE('',(#2945),#1761,.F.);
#2945 = FACE_BOUND('',#2946,.F.);
#2946 = EDGE_LOOP('',(#2947,#2948,#2969,#2970));
#2947 = ORIENTED_EDGE('',*,*,#1651,.F.);
#2948 = ORIENTED_EDGE('',*,*,#2949,.F.);
#2949 = EDGE_CURVE('',#2661,#1652,#2950,.T.);
#2950 = SEAM_CURVE('',#2951,(#2955,#2962),.PCURVE_S1.);
#2951 = LINE('',#2952,#2953);
#2952 = CARTESIAN_POINT('',(-16.,-18.,2.1));
#2953 = VECTOR('',#2954,1.);
#2954 = DIRECTION('',(1.,0.,2.22044604925E-16));
#2955 = PCURVE('',#1761,#2956);
#2956 = DEFINITIONAL_REPRESENTATION('',(#2957),#2961);
#2957 = LINE('',#2958,#2959);
#2958 = CARTESIAN_POINT('',(6.28318530718,-0.));
#2959 = VECTOR('',#2960,1.);
#2960 = DIRECTION('',(0.,1.));
#2961 = ( GEOMETRIC_REPRESENTATION_CONTEXT(2) 
PARAMETRIC_REPRESENTATION_CONTEXT() REPRESENTATION_CONTEXT('2D SPACE',''
  ) );
#2962 = PCURVE('',#1761,#2963);
#2963 = DEFINITIONAL_REPRESENTATION('',(#2964),#2968);
#2964 = LINE('',#2965,#2966);
#2965 = CARTESIAN_POINT('',(0.,-0.));
#2966 = VECTOR('',#2967,1.);
#2967 = DIRECTION('',(0.,1.));
#2968 = ( GEOMETRIC_REPRESENTATION_CONTEXT(2) 
PARAMETRIC_REPRESENTATION_CONTEXT() REPRESENTATION_CONTEXT('2D SPACE',''
  ) );
#2969 = ORIENTED_EDGE('',*,*,#2660,.T.);
#2970 = ORIENTED_EDGE('',*,*,#2949,.T.);
#2971 = ADVANCED_FACE('',(#2972),#1961,.F.);
#2972 = FACE_BOUND('',#2973,.F.);
#2973 = EDGE_LOOP('',(#2974,#2975,#2996,#2997));
#2974 = ORIENTED_EDGE('',*,*,#1849,.F.);
#2975 = ORIENTED_EDGE('',*,*,#2976,.F.);
#2976 = EDGE_CURVE('',#2714,#1850,#2977,.T.);
#2977 = SEAM_CURVE('',#2978,(#2982,#2989),.PCURVE_S1.);
#2978 = LINE('',#2979,#2980);
#2979 = CARTESIAN_POINT('',(-16.,18.,2.1));
#2980 = VECTOR('',#2981,1.);
#2981 = DIRECTION('',(1.,0.,2.22044604925E-16));
#2982 = PCURVE('',#1961,#2983);
#2983 = DEFINITIONAL_REPRESENTATION('',(#2984),#2988);
#2984 = LINE('',#2985,#2986);
#2985 = CARTESIAN_POINT('',(6.28318530718,-0.));
#2986 = VECTOR('',#2987,1.);
#2987 = DIRECTION('',(0.,1.));
#2988 = ( GEOMETRIC_REPRESENTATION_CONTEXT(2) 
PARAMETRIC_REPRESENTATION_CONTEXT() REPRESENTATION_CONTEXT('2D SPACE',''
  ) );
#2989 = PCURVE('',#1961,#2990);
#2990 = DEFINITIONAL_REPRESENTATION('',(#2991),#2995);
#2991 = LINE('',#2992,#2993);
#2992 = CARTESIAN_POINT('',(0.,-0.));
#2993 = VECTOR('',#2994,1.);
#2994 = DIRECTION('',(0.,1.));
#2995 = ( GEOMETRIC_REPRESENTATION_CONTEXT(2) 
PARAMETRIC_REPRESENTATION_CONTEXT() REPRESENTATION_CONTEXT('2D SPACE',''
  ) );
#2996 = ORIENTED_EDGE('',*,*,#2713,.T.);
#2997 = ORIENTED_EDGE('',*,*,#2976,.T.);
#2998 = ADVANCED_FACE('',(#2999,#3005),#2120,.T.);
#2999 = FACE_BOUND('',#3000,.T.);
#3000 = EDGE_LOOP('',(#3001,#3002,#3003,#3004));
#3001 = ORIENTED_EDGE('',*,*,#2207,.F.);
#3002 = ORIENTED_EDGE('',*,*,#2104,.T.);
#3003 = ORIENTED_EDGE('',*,*,#2158,.T.);
#3004 = ORIENTED_EDGE('',*,*,#2256,.F.);
#3005 = FACE_BOUND('',#3006,.T.);
#3006 = EDGE_LOOP('',(#3007,#3008,#3009,#3010));
#3007 = ORIENTED_EDGE('',*,*,#2787,.T.);
#3008 = ORIENTED_EDGE('',*,*,#2906,.T.);
#3009 = ORIENTED_EDGE('',*,*,#2881,.F.);
#3010 = ORIENTED_EDGE('',*,*,#2834,.F.);
#3011 = ( GEOMETRIC_REPRESENTATION_CONTEXT(3) 
GLOBAL_UNCERTAINTY_ASSIGNED_CONTEXT((#3015)) 
GLOBAL_UNIT_ASSIGNED_CONTEXT((#3012,#3013,#3014)) REPRESENTATION_CONTEXT
('Context #1','3D Context with UNIT and UNCERTAINTY') );
#3012 = ( LENGTH_UNIT() NAMED_UNIT(*) SI_UNIT(.MILLI.,.METRE.) );
#3013 = ( NAMED_UNIT(*) PLANE_ANGLE_UNIT() SI_UNIT($,.RADIAN.) );
#3014 = ( NAMED_UNIT(*) SI_UNIT($,.STERADIAN.) SOLID_ANGLE_UNIT() );
#3015 = UNCERTAINTY_MEASURE_WITH_UNIT(LENGTH_MEASURE(1.E-07),#3012,
  'distance_accuracy_value','confusion accuracy');
#3016 = CONTEXT_DEPENDENT_SHAPE_REPRESENTATION(#3017,#3019);
#3017 = ( REPRESENTATION_RELATIONSHIP('','',#60,#10) 
REPRESENTATION_RELATIONSHIP_WITH_TRANSFORMATION(#3018) 
SHAPE_REPRESENTATION_RELATIONSHIP() );
#3018 = ITEM_DEFINED_TRANSFORMATION('','',#11,#15);
#3019 = PRODUCT_DEFINITION_SHAPE('Placement','Placement of an item',
  #3020);
#3020 = NEXT_ASSEMBLY_USAGE_OCCURRENCE('8','=>[0:1:1:2]','',#5,#55,$);
#3021 = PRODUCT_RELATED_PRODUCT_CATEGORY('part',$,(#57));
#3022 = SHAPE_DEFINITION_REPRESENTATION(#3023,#3029);
#3023 = PRODUCT_DEFINITION_SHAPE('','',#3024);
#3024 = PRODUCT_DEFINITION('design','',#3025,#3028);
#3025 = PRODUCT_DEFINITION_FORMATION('','',#3026);
#3026 = PRODUCT('COMPOUND','COMPOUND','',(#3027));
#3027 = PRODUCT_CONTEXT('',#2,'mechanical');
#3028 = PRODUCT_DEFINITION_CONTEXT('part definition',#2,'design');
#3029 = ADVANCED_BREP_SHAPE_REPRESENTATION('',(#11,#3030),#4164);
#3030 = MANIFOLD_SOLID_BREP('',#3031);
#3031 = CLOSED_SHELL('',(#3032,#3152,#3520,#3570,#3624,#3887,#3914,#3941
    ,#3968,#3995,#4002,#4029,#4076,#4103,#4130,#4137));
#3032 = ADVANCED_FACE('',(#3033),#3047,.F.);
#3033 = FACE_BOUND('',#3034,.F.);
#3034 = EDGE_LOOP('',(#3035,#3070,#3098,#3126));
#3035 = ORIENTED_EDGE('',*,*,#3036,.F.);
#3036 = EDGE_CURVE('',#3037,#3039,#3041,.T.);
#3037 = VERTEX_POINT('',#3038);
#3038 = CARTESIAN_POINT('',(-15.,-17.,10.5));
#3039 = VERTEX_POINT('',#3040);
#3040 = CARTESIAN_POINT('',(-15.,17.,10.5));
#3041 = SURFACE_CURVE('',#3042,(#3046,#3058),.PCURVE_S1.);
#3042 = LINE('',#3043,#3044);
#3043 = CARTESIAN_POINT('',(-15.,-20.,10.5));
#3044 = VECTOR('',#3045,1.);
#3045 = DIRECTION('',(-0.,1.,0.));
#3046 = PCURVE('',#3047,#3052);
#3047 = PLANE('',#3048);
#3048 = AXIS2_PLACEMENT_3D('',#3049,#3050,#3051);
#3049 = CARTESIAN_POINT('',(-15.,-20.,10.));
#3050 = DIRECTION('',(1.,0.,-0.));
#3051 = DIRECTION('',(0.,0.,1.));
#3052 = DEFINITIONAL_REPRESENTATION('',(#3053),#3057);
#3053 = LINE('',#3054,#3055);
#3054 = CARTESIAN_POINT('',(0.5,0.));
#3055 = VECTOR('',#3056,1.);
#3056 = DIRECTION('',(0.,-1.));
#3057 = ( GEOMETRIC_REPRESENTATION_CONTEXT(2) 
PARAMETRIC_REPRESENTATION_CONTEXT() REPRESENTATION_CONTEXT('2D SPACE',''
  ) );
#3058 = PCURVE('',#3059,#3064);
#3059 = PLANE('',#3060);
#3060 = AXIS2_PLACEMENT_3D('',#3061,#3062,#3063);
#3061 = CARTESIAN_POINT('',(-15.,-20.,10.5));
#3062 = DIRECTION('',(0.,0.,1.));
#3063 = DIRECTION('',(1.,0.,-0.));
#3064 = DEFINITIONAL_REPRESENTATION('',(#3065),#3069);
#3065 = LINE('',#3066,#3067);
#3066 = CARTESIAN_POINT('',(0.,0.));
#3067 = VECTOR('',#3068,1.);
#3068 = DIRECTION('',(0.,1.));
#3069 = ( GEOMETRIC_REPRESENTATION_CONTEXT(2) 
PARAMETRIC_REPRESENTATION_CONTEXT() REPRESENTATION_CONTEXT('2D SPACE',''
  ) );
#3070 = ORIENTED_EDGE('',*,*,#3071,.F.);
#3071 = EDGE_CURVE('',#3072,#3037,#3074,.T.);
#3072 = VERTEX_POINT('',#3073);
#3073 = CARTESIAN_POINT('',(-15.,-17.,10.));
#3074 = SURFACE_CURVE('',#3075,(#3079,#3086),.PCURVE_S1.);
#3075 = LINE('',#3076,#3077);
#3076 = CARTESIAN_POINT('',(-15.,-17.,10.));
#3077 = VECTOR('',#3078,1.);
#3078 = DIRECTION('',(0.,0.,1.));
#3079 = PCURVE('',#3047,#3080);
#3080 = DEFINITIONAL_REPRESENTATION('',(#3081),#3085);
#3081 = LINE('',#3082,#3083);
#3082 = CARTESIAN_POINT('',(0.,-3.));
#3083 = VECTOR('',#3084,1.);
#3084 = DIRECTION('',(1.,0.));
#3085 = ( GEOMETRIC_REPRESENTATION_CONTEXT(2) 
PARAMETRIC_REPRESENTATION_CONTEXT() REPRESENTATION_CONTEXT('2D SPACE',''
  ) );
#3086 = PCURVE('',#3087,#3092);
#3087 = CYLINDRICAL_SURFACE('',#3088,3.);
#3088 = AXIS2_PLACEMENT_3D('',#3089,#3090,#3091);
#3089 = CARTESIAN_POINT('',(-12.,-17.,10.));
#3090 = DIRECTION('',(0.,0.,1.));
#3091 = DIRECTION('',(-1.,-0.,0.));
#3092 = DEFINITIONAL_REPRESENTATION('',(#3093),#3097);
#3093 = LINE('',#3094,#3095);
#3094 = CARTESIAN_POINT('',(0.,0.));
#3095 = VECTOR('',#3096,1.);
#3096 = DIRECTION('',(0.,1.));
#3097 = ( GEOMETRIC_REPRESENTATION_CONTEXT(2) 
PARAMETRIC_REPRESENTATION_CONTEXT() REPRESENTATION_CONTEXT('2D SPACE',''
  ) );
#3098 = ORIENTED_EDGE('',*,*,#3099,.T.);
#3099 = EDGE_CURVE('',#3072,#3100,#3102,.T.);
#3100 = VERTEX_POINT('',#3101);
#3101 = CARTESIAN_POINT('',(-15.,17.,10.));
#3102 = SURFACE_CURVE('',#3103,(#3107,#3114),.PCURVE_S1.);
#3103 = LINE('',#3104,#3105);
#3104 = CARTESIAN_POINT('',(-15.,-20.,10.));
#3105 = VECTOR('',#3106,1.);
#3106 = DIRECTION('',(-0.,1.,0.));
#3107 = PCURVE('',#3047,#3108);
#3108 = DEFINITIONAL_REPRESENTATION('',(#3109),#3113);
#3109 = LINE('',#3110,#3111);
#3110 = CARTESIAN_POINT('',(0.,0.));
#3111 = VECTOR('',#3112,1.);
#3112 = DIRECTION('',(0.,-1.));
#3113 = ( GEOMETRIC_REPRESENTATION_CONTEXT(2) 
PARAMETRIC_REPRESENTATION_CONTEXT() REPRESENTATION_CONTEXT('2D SPACE',''
  ) );
#3114 = PCURVE('',#3115,#3120);
#3115 = PLANE('',#3116);
#3116 = AXIS2_PLACEMENT_3D('',#3117,#3118,#3119);
#3117 = CARTESIAN_POINT('',(-15.,-20.,10.));
#3118 = DIRECTION('',(0.,0.,1.));
#3119 = DIRECTION('',(1.,0.,-0.));
#3120 = DEFINITIONAL_REPRESENTATION('',(#3121),#3125);
#3121 = LINE('',#3122,#3123);
#3122 = CARTESIAN_POINT('',(0.,0.));
#3123 = VECTOR('',#3124,1.);
#3124 = DIRECTION('',(0.,1.));
#3125 = ( GEOMETRIC_REPRESENTATION_CONTEXT(2) 
PARAMETRIC_REPRESENTATION_CONTEXT() REPRESENTATION_CONTEXT('2D SPACE',''
  ) );
#3126 = ORIENTED_EDGE('',*,*,#3127,.T.);
#3127 = EDGE_CURVE('',#3100,#3039,#3128,.T.);
#3128 = SURFACE_CURVE('',#3129,(#3133,#3140),.PCURVE_S1.);
#3129 = LINE('',#3130,#3131);
#3130 = CARTESIAN_POINT('',(-15.,17.,10.));
#3131 = VECTOR('',#3132,1.);
#3132 = DIRECTION('',(0.,0.,1.));
#3133 = PCURVE('',#3047,#3134);
#3134 = DEFINITIONAL_REPRESENTATION('',(#3135),#3139);
#3135 = LINE('',#3136,#3137);
#3136 = CARTESIAN_POINT('',(0.,-37.));
#3137 = VECTOR('',#3138,1.);
#3138 = DIRECTION('',(1.,0.));
#3139 = ( GEOMETRIC_REPRESENTATION_CONTEXT(2) 
PARAMETRIC_REPRESENTATION_CONTEXT() REPRESENTATION_CONTEXT('2D SPACE',''
  ) );
#3140 = PCURVE('',#3141,#3146);
#3141 = CYLINDRICAL_SURFACE('',#3142,3.);
#3142 = AXIS2_PLACEMENT_3D('',#3143,#3144,#3145);
#3143 = CARTESIAN_POINT('',(-12.,17.,10.));
#3144 = DIRECTION('',(0.,0.,1.));
#3145 = DIRECTION('',(-1.,-0.,0.));
#3146 = DEFINITIONAL_REPRESENTATION('',(#3147),#3151);
#3147 = LINE('',#3148,#3149);
#3148 = CARTESIAN_POINT('',(-0.,0.));
#3149 = VECTOR('',#3150,1.);
#3150 = DIRECTION('',(-0.,1.));
#3151 = ( GEOMETRIC_REPRESENTATION_CONTEXT(2) 
PARAMETRIC_REPRESENTATION_CONTEXT() REPRESENTATION_CONTEXT('2D SPACE',''
  ) );
#3152 = ADVANCED_FACE('',(#3153,#3352,#3383,#3489),#3059,.T.);
#3153 = FACE_BOUND('',#3154,.T.);
#3154 = EDGE_LOOP('',(#3155,#3156,#3180,#3208,#3241,#3269,#3298,#3326));
#3155 = ORIENTED_EDGE('',*,*,#3036,.F.);
#3156 = ORIENTED_EDGE('',*,*,#3157,.T.);
#3157 = EDGE_CURVE('',#3037,#3158,#3160,.T.);
#3158 = VERTEX_POINT('',#3159);
#3159 = CARTESIAN_POINT('',(-12.,-20.,10.5));
#3160 = SURFACE_CURVE('',#3161,(#3166,#3173),.PCURVE_S1.);
#3161 = CIRCLE('',#3162,3.);
#3162 = AXIS2_PLACEMENT_3D('',#3163,#3164,#3165);
#3163 = CARTESIAN_POINT('',(-12.,-17.,10.5));
#3164 = DIRECTION('',(0.,0.,1.));
#3165 = DIRECTION('',(0.,-1.,0.));
#3166 = PCURVE('',#3059,#3167);
#3167 = DEFINITIONAL_REPRESENTATION('',(#3168),#3172);
#3168 = CIRCLE('',#3169,3.);
#3169 = AXIS2_PLACEMENT_2D('',#3170,#3171);
#3170 = CARTESIAN_POINT('',(3.,3.));
#3171 = DIRECTION('',(0.,-1.));
#3172 = ( GEOMETRIC_REPRESENTATION_CONTEXT(2) 
PARAMETRIC_REPRESENTATION_CONTEXT() REPRESENTATION_CONTEXT('2D SPACE',''
  ) );
#3173 = PCURVE('',#3087,#3174);
#3174 = DEFINITIONAL_REPRESENTATION('',(#3175),#3179);
#3175 = LINE('',#3176,#3177);
#3176 = CARTESIAN_POINT('',(-4.712388980385,0.5));
#3177 = VECTOR('',#3178,1.);
#3178 = DIRECTION('',(1.,0.));
#3179 = ( GEOMETRIC_REPRESENTATION_CONTEXT(2) 
PARAMETRIC_REPRESENTATION_CONTEXT() REPRESENTATION_CONTEXT('2D SPACE',''
  ) );
#3180 = ORIENTED_EDGE('',*,*,#3181,.T.);
#3181 = EDGE_CURVE('',#3158,#3182,#3184,.T.);
#3182 = VERTEX_POINT('',#3183);
#3183 = CARTESIAN_POINT('',(12.,-20.,10.5));
#3184 = SURFACE_CURVE('',#3185,(#3189,#3196),.PCURVE_S1.);
#3185 = LINE('',#3186,#3187);
#3186 = CARTESIAN_POINT('',(-15.,-20.,10.5));
#3187 = VECTOR('',#3188,1.);
#3188 = DIRECTION('',(1.,0.,-0.));
#3189 = PCURVE('',#3059,#3190);
#3190 = DEFINITIONAL_REPRESENTATION('',(#3191),#3195);
#3191 = LINE('',#3192,#3193);
#3192 = CARTESIAN_POINT('',(0.,0.));
#3193 = VECTOR('',#3194,1.);
#3194 = DIRECTION('',(1.,0.));
#3195 = ( GEOMETRIC_REPRESENTATION_CONTEXT(2) 
PARAMETRIC_REPRESENTATION_CONTEXT() REPRESENTATION_CONTEXT('2D SPACE',''
  ) );
#3196 = PCURVE('',#3197,#3202);
#3197 = PLANE('',#3198);
#3198 = AXIS2_PLACEMENT_3D('',#3199,#3200,#3201);
#3199 = CARTESIAN_POINT('',(-15.,-20.,10.));
#3200 = DIRECTION('',(-0.,1.,0.));
#3201 = DIRECTION('',(0.,0.,1.));
#3202 = DEFINITIONAL_REPRESENTATION('',(#3203),#3207);
#3203 = LINE('',#3204,#3205);
#3204 = CARTESIAN_POINT('',(0.5,0.));
#3205 = VECTOR('',#3206,1.);
#3206 = DIRECTION('',(0.,1.));
#3207 = ( GEOMETRIC_REPRESENTATION_CONTEXT(2) 
PARAMETRIC_REPRESENTATION_CONTEXT() REPRESENTATION_CONTEXT('2D SPACE',''
  ) );
#3208 = ORIENTED_EDGE('',*,*,#3209,.F.);
#3209 = EDGE_CURVE('',#3210,#3182,#3212,.T.);
#3210 = VERTEX_POINT('',#3211);
#3211 = CARTESIAN_POINT('',(15.,-17.,10.5));
#3212 = SURFACE_CURVE('',#3213,(#3218,#3229),.PCURVE_S1.);
#3213 = CIRCLE('',#3214,3.);
#3214 = AXIS2_PLACEMENT_3D('',#3215,#3216,#3217);
#3215 = CARTESIAN_POINT('',(12.,-17.,10.5));
#3216 = DIRECTION('',(-0.,-0.,-1.));
#3217 = DIRECTION('',(0.,-1.,0.));
#3218 = PCURVE('',#3059,#3219);
#3219 = DEFINITIONAL_REPRESENTATION('',(#3220),#3228);
#3220 = ( BOUNDED_CURVE() B_SPLINE_CURVE(2,(#3221,#3222,#3223,#3224,
#3225,#3226,#3227),.UNSPECIFIED.,.T.,.F.) B_SPLINE_CURVE_WITH_KNOTS((1,2
    ,2,2,2,1),(-2.094395102393,0.,2.094395102393,4.188790204786,
6.28318530718,8.377580409573),.UNSPECIFIED.) CURVE() 
GEOMETRIC_REPRESENTATION_ITEM() RATIONAL_B_SPLINE_CURVE((1.,0.5,1.,0.5,
1.,0.5,1.)) REPRESENTATION_ITEM('') );
#3221 = CARTESIAN_POINT('',(27.,0.));
#3222 = CARTESIAN_POINT('',(21.803847577293,0.));
#3223 = CARTESIAN_POINT('',(24.401923788647,4.5));
#3224 = CARTESIAN_POINT('',(27.,9.));
#3225 = CARTESIAN_POINT('',(29.598076211353,4.5));
#3226 = CARTESIAN_POINT('',(32.196152422707,4.440892098501E-15));
#3227 = CARTESIAN_POINT('',(27.,0.));
#3228 = ( GEOMETRIC_REPRESENTATION_CONTEXT(2) 
PARAMETRIC_REPRESENTATION_CONTEXT() REPRESENTATION_CONTEXT('2D SPACE',''
  ) );
#3229 = PCURVE('',#3230,#3235);
#3230 = CYLINDRICAL_SURFACE('',#3231,3.);
#3231 = AXIS2_PLACEMENT_3D('',#3232,#3233,#3234);
#3232 = CARTESIAN_POINT('',(12.,-17.,10.));
#3233 = DIRECTION('',(0.,0.,1.));
#3234 = DIRECTION('',(1.,0.,-0.));
#3235 = DEFINITIONAL_REPRESENTATION('',(#3236),#3240);
#3236 = LINE('',#3237,#3238);
#3237 = CARTESIAN_POINT('',(4.712388980385,0.5));
#3238 = VECTOR('',#3239,1.);
#3239 = DIRECTION('',(-1.,0.));
#3240 = ( GEOMETRIC_REPRESENTATION_CONTEXT(2) 
PARAMETRIC_REPRESENTATION_CONTEXT() REPRESENTATION_CONTEXT('2D SPACE',''
  ) );
#3241 = ORIENTED_EDGE('',*,*,#3242,.T.);
#3242 = EDGE_CURVE('',#3210,#3243,#3245,.T.);
#3243 = VERTEX_POINT('',#3244);
#3244 = CARTESIAN_POINT('',(15.,17.,10.5));
#3245 = SURFACE_CURVE('',#3246,(#3250,#3257),.PCURVE_S1.);
#3246 = LINE('',#3247,#3248);
#3247 = CARTESIAN_POINT('',(15.,-20.,10.5));
#3248 = VECTOR('',#3249,1.);
#3249 = DIRECTION('',(-0.,1.,0.));
#3250 = PCURVE('',#3059,#3251);
#3251 = DEFINITIONAL_REPRESENTATION('',(#3252),#3256);
#3252 = LINE('',#3253,#3254);
#3253 = CARTESIAN_POINT('',(30.,0.));
#3254 = VECTOR('',#3255,1.);
#3255 = DIRECTION('',(0.,1.));
#3256 = ( GEOMETRIC_REPRESENTATION_CONTEXT(2) 
PARAMETRIC_REPRESENTATION_CONTEXT() REPRESENTATION_CONTEXT('2D SPACE',''
  ) );
#3257 = PCURVE('',#3258,#3263);
#3258 = PLANE('',#3259);
#3259 = AXIS2_PLACEMENT_3D('',#3260,#3261,#3262);
#3260 = CARTESIAN_POINT('',(15.,-20.,10.));
#3261 = DIRECTION('',(1.,0.,-0.));
#3262 = DIRECTION('',(0.,0.,1.));
#3263 = DEFINITIONAL_REPRESENTATION('',(#3264),#3268);
#3264 = LINE('',#3265,#3266);
#3265 = CARTESIAN_POINT('',(0.5,0.));
#3266 = VECTOR('',#3267,1.);
#3267 = DIRECTION('',(0.,-1.));
#3268 = ( GEOMETRIC_REPRESENTATION_CONTEXT(2) 
PARAMETRIC_REPRESENTATION_CONTEXT() REPRESENTATION_CONTEXT('2D SPACE',''
  ) );
#3269 = ORIENTED_EDGE('',*,*,#3270,.T.);
#3270 = EDGE_CURVE('',#3243,#3271,#3273,.T.);
#3271 = VERTEX_POINT('',#3272);
#3272 = CARTESIAN_POINT('',(12.,20.,10.5));
#3273 = SURFACE_CURVE('',#3274,(#3279,#3286),.PCURVE_S1.);
#3274 = CIRCLE('',#3275,3.);
#3275 = AXIS2_PLACEMENT_3D('',#3276,#3277,#3278);
#3276 = CARTESIAN_POINT('',(12.,17.,10.5));
#3277 = DIRECTION('',(0.,0.,1.));
#3278 = DIRECTION('',(0.,-1.,0.));
#3279 = PCURVE('',#3059,#3280);
#3280 = DEFINITIONAL_REPRESENTATION('',(#3281),#3285);
#3281 = CIRCLE('',#3282,3.);
#3282 = AXIS2_PLACEMENT_2D('',#3283,#3284);
#3283 = CARTESIAN_POINT('',(27.,37.));
#3284 = DIRECTION('',(0.,-1.));
#3285 = ( GEOMETRIC_REPRESENTATION_CONTEXT(2) 
PARAMETRIC_REPRESENTATION_CONTEXT() REPRESENTATION_CONTEXT('2D SPACE',''
  ) );
#3286 = PCURVE('',#3287,#3292);
#3287 = CYLINDRICAL_SURFACE('',#3288,3.);
#3288 = AXIS2_PLACEMENT_3D('',#3289,#3290,#3291);
#3289 = CARTESIAN_POINT('',(12.,17.,10.));
#3290 = DIRECTION('',(0.,0.,1.));
#3291 = DIRECTION('',(1.,0.,-0.));
#3292 = DEFINITIONAL_REPRESENTATION('',(#3293),#3297);
#3293 = LINE('',#3294,#3295);
#3294 = CARTESIAN_POINT('',(-1.570796326795,0.5));
#3295 = VECTOR('',#3296,1.);
#3296 = DIRECTION('',(1.,0.));
#3297 = ( GEOMETRIC_REPRESENTATION_CONTEXT(2) 
PARAMETRIC_REPRESENTATION_CONTEXT() REPRESENTATION_CONTEXT('2D SPACE',''
  ) );
#3298 = ORIENTED_EDGE('',*,*,#3299,.F.);
#3299 = EDGE_CURVE('',#3300,#3271,#3302,.T.);
#3300 = VERTEX_POINT('',#3301);
#3301 = CARTESIAN_POINT('',(-12.,20.,10.5));
#3302 = SURFACE_CURVE('',#3303,(#3307,#3314),.PCURVE_S1.);
#3303 = LINE('',#3304,#3305);
#3304 = CARTESIAN_POINT('',(-15.,20.,10.5));
#3305 = VECTOR('',#3306,1.);
#3306 = DIRECTION('',(1.,0.,-0.));
#3307 = PCURVE('',#3059,#3308);
#3308 = DEFINITIONAL_REPRESENTATION('',(#3309),#3313);
#3309 = LINE('',#3310,#3311);
#3310 = CARTESIAN_POINT('',(0.,40.));
#3311 = VECTOR('',#3312,1.);
#3312 = DIRECTION('',(1.,0.));
#3313 = ( GEOMETRIC_REPRESENTATION_CONTEXT(2) 
PARAMETRIC_REPRESENTATION_CONTEXT() REPRESENTATION_CONTEXT('2D SPACE',''
  ) );
#3314 = PCURVE('',#3315,#3320);
#3315 = PLANE('',#3316);
#3316 = AXIS2_PLACEMENT_3D('',#3317,#3318,#3319);
#3317 = CARTESIAN_POINT('',(-15.,20.,10.));
#3318 = DIRECTION('',(-0.,1.,0.));
#3319 = DIRECTION('',(0.,0.,1.));
#3320 = DEFINITIONAL_REPRESENTATION('',(#3321),#3325);
#3321 = LINE('',#3322,#3323);
#3322 = CARTESIAN_POINT('',(0.5,0.));
#3323 = VECTOR('',#3324,1.);
#3324 = DIRECTION('',(0.,1.));
#3325 = ( GEOMETRIC_REPRESENTATION_CONTEXT(2) 
PARAMETRIC_REPRESENTATION_CONTEXT() REPRESENTATION_CONTEXT('2D SPACE',''
  ) );
#3326 = ORIENTED_EDGE('',*,*,#3327,.F.);
#3327 = EDGE_CURVE('',#3039,#3300,#3328,.T.);
#3328 = SURFACE_CURVE('',#3329,(#3334,#3345),.PCURVE_S1.);
#3329 = CIRCLE('',#3330,3.);
#3330 = AXIS2_PLACEMENT_3D('',#3331,#3332,#3333);
#3331 = CARTESIAN_POINT('',(-12.,17.,10.5));
#3332 = DIRECTION('',(-0.,-0.,-1.));
#3333 = DIRECTION('',(0.,-1.,0.));
#3334 = PCURVE('',#3059,#3335);
#3335 = DEFINITIONAL_REPRESENTATION('',(#3336),#3344);
#3336 = ( BOUNDED_CURVE() B_SPLINE_CURVE(2,(#3337,#3338,#3339,#3340,
#3341,#3342,#3343),.UNSPECIFIED.,.T.,.F.) B_SPLINE_CURVE_WITH_KNOTS((1,2
    ,2,2,2,1),(-2.094395102393,0.,2.094395102393,4.188790204786,
6.28318530718,8.377580409573),.UNSPECIFIED.) CURVE() 
GEOMETRIC_REPRESENTATION_ITEM() RATIONAL_B_SPLINE_CURVE((1.,0.5,1.,0.5,
1.,0.5,1.)) REPRESENTATION_ITEM('') );
#3337 = CARTESIAN_POINT('',(3.,34.));
#3338 = CARTESIAN_POINT('',(-2.196152422707,34.));
#3339 = CARTESIAN_POINT('',(0.401923788647,38.5));
#3340 = CARTESIAN_POINT('',(3.,43.));
#3341 = CARTESIAN_POINT('',(5.598076211353,38.5));
#3342 = CARTESIAN_POINT('',(8.196152422707,34.));
#3343 = CARTESIAN_POINT('',(3.,34.));
#3344 = ( GEOMETRIC_REPRESENTATION_CONTEXT(2) 
PARAMETRIC_REPRESENTATION_CONTEXT() REPRESENTATION_CONTEXT('2D SPACE',''
  ) );
#3345 = PCURVE('',#3141,#3346);
#3346 = DEFINITIONAL_REPRESENTATION('',(#3347),#3351);
#3347 = LINE('',#3348,#3349);
#3348 = CARTESIAN_POINT('',(1.570796326795,0.5));
#3349 = VECTOR('',#3350,1.);
#3350 = DIRECTION('',(-1.,0.));
#3351 = ( GEOMETRIC_REPRESENTATION_CONTEXT(2) 
PARAMETRIC_REPRESENTATION_CONTEXT() REPRESENTATION_CONTEXT('2D SPACE',''
  ) );
#3352 = FACE_BOUND('',#3353,.T.);
#3353 = EDGE_LOOP('',(#3354));
#3354 = ORIENTED_EDGE('',*,*,#3355,.F.);
#3355 = EDGE_CURVE('',#3356,#3356,#3358,.T.);
#3356 = VERTEX_POINT('',#3357);
#3357 = CARTESIAN_POINT('',(1.1,-17.4,10.5));
#3358 = SURFACE_CURVE('',#3359,(#3364,#3371),.PCURVE_S1.);
#3359 = CIRCLE('',#3360,1.1);
#3360 = AXIS2_PLACEMENT_3D('',#3361,#3362,#3363);
#3361 = CARTESIAN_POINT('',(0.,-17.4,10.5));
#3362 = DIRECTION('',(0.,0.,1.));
#3363 = DIRECTION('',(1.,0.,-0.));
#3364 = PCURVE('',#3059,#3365);
#3365 = DEFINITIONAL_REPRESENTATION('',(#3366),#3370);
#3366 = CIRCLE('',#3367,1.1);
#3367 = AXIS2_PLACEMENT_2D('',#3368,#3369);
#3368 = CARTESIAN_POINT('',(15.,2.6));
#3369 = DIRECTION('',(1.,0.));
#3370 = ( GEOMETRIC_REPRESENTATION_CONTEXT(2) 
PARAMETRIC_REPRESENTATION_CONTEXT() REPRESENTATION_CONTEXT('2D SPACE',''
  ) );
#3371 = PCURVE('',#3372,#3377);
#3372 = CYLINDRICAL_SURFACE('',#3373,1.1);
#3373 = AXIS2_PLACEMENT_3D('',#3374,#3375,#3376);
#3374 = CARTESIAN_POINT('',(0.,-17.4,9.25));
#3375 = DIRECTION('',(0.,0.,1.));
#3376 = DIRECTION('',(1.,0.,-0.));
#3377 = DEFINITIONAL_REPRESENTATION('',(#3378),#3382);
#3378 = LINE('',#3379,#3380);
#3379 = CARTESIAN_POINT('',(0.,1.25));
#3380 = VECTOR('',#3381,1.);
#3381 = DIRECTION('',(1.,0.));
#3382 = ( GEOMETRIC_REPRESENTATION_CONTEXT(2) 
PARAMETRIC_REPRESENTATION_CONTEXT() REPRESENTATION_CONTEXT('2D SPACE',''
  ) );
#3383 = FACE_BOUND('',#3384,.T.);
#3384 = EDGE_LOOP('',(#3385,#3413,#3439,#3465));
#3385 = ORIENTED_EDGE('',*,*,#3386,.T.);
#3386 = EDGE_CURVE('',#3387,#3389,#3391,.T.);
#3387 = VERTEX_POINT('',#3388);
#3388 = CARTESIAN_POINT('',(13.5,-14.8,10.5));
#3389 = VERTEX_POINT('',#3390);
#3390 = CARTESIAN_POINT('',(-13.5,-14.8,10.5));
#3391 = SURFACE_CURVE('',#3392,(#3396,#3402),.PCURVE_S1.);
#3392 = LINE('',#3393,#3394);
#3393 = CARTESIAN_POINT('',(-14.25,-14.8,10.5));
#3394 = VECTOR('',#3395,1.);
#3395 = DIRECTION('',(-1.,-0.,0.));
#3396 = PCURVE('',#3059,#3397);
#3397 = DEFINITIONAL_REPRESENTATION('',(#3398),#3401);
#3398 = B_SPLINE_CURVE_WITH_KNOTS('',1,(#3399,#3400),.UNSPECIFIED.,.F.,
  .F.,(2,2),(-27.75,-0.75),.PIECEWISE_BEZIER_KNOTS.);
#3399 = CARTESIAN_POINT('',(28.5,5.2));
#3400 = CARTESIAN_POINT('',(1.5,5.2));
#3401 = ( GEOMETRIC_REPRESENTATION_CONTEXT(2) 
PARAMETRIC_REPRESENTATION_CONTEXT() REPRESENTATION_CONTEXT('2D SPACE',''
  ) );
#3402 = PCURVE('',#3403,#3408);
#3403 = PLANE('',#3404);
#3404 = AXIS2_PLACEMENT_3D('',#3405,#3406,#3407);
#3405 = CARTESIAN_POINT('',(-13.5,-14.8,9.5));
#3406 = DIRECTION('',(-0.,1.,0.));
#3407 = DIRECTION('',(0.,0.,1.));
#3408 = DEFINITIONAL_REPRESENTATION('',(#3409),#3412);
#3409 = B_SPLINE_CURVE_WITH_KNOTS('',1,(#3410,#3411),.UNSPECIFIED.,.F.,
  .F.,(2,2),(-27.75,-0.75),.PIECEWISE_BEZIER_KNOTS.);
#3410 = CARTESIAN_POINT('',(1.,27.));
#3411 = CARTESIAN_POINT('',(1.,0.));
#3412 = ( GEOMETRIC_REPRESENTATION_CONTEXT(2) 
PARAMETRIC_REPRESENTATION_CONTEXT() REPRESENTATION_CONTEXT('2D SPACE',''
  ) );
#3413 = ORIENTED_EDGE('',*,*,#3414,.T.);
#3414 = EDGE_CURVE('',#3389,#3415,#3417,.T.);
#3415 = VERTEX_POINT('',#3416);
#3416 = CARTESIAN_POINT('',(-13.5,14.8,10.5));
#3417 = SURFACE_CURVE('',#3418,(#3422,#3428),.PCURVE_S1.);
#3418 = LINE('',#3419,#3420);
#3419 = CARTESIAN_POINT('',(-13.5,-17.4,10.5));
#3420 = VECTOR('',#3421,1.);
#3421 = DIRECTION('',(-0.,1.,0.));
#3422 = PCURVE('',#3059,#3423);
#3423 = DEFINITIONAL_REPRESENTATION('',(#3424),#3427);
#3424 = B_SPLINE_CURVE_WITH_KNOTS('',1,(#3425,#3426),.UNSPECIFIED.,.F.,
  .F.,(2,2),(2.6,32.2),.PIECEWISE_BEZIER_KNOTS.);
#3425 = CARTESIAN_POINT('',(1.5,5.2));
#3426 = CARTESIAN_POINT('',(1.5,34.8));
#3427 = ( GEOMETRIC_REPRESENTATION_CONTEXT(2) 
PARAMETRIC_REPRESENTATION_CONTEXT() REPRESENTATION_CONTEXT('2D SPACE',''
  ) );
#3428 = PCURVE('',#3429,#3434);
#3429 = PLANE('',#3430);
#3430 = AXIS2_PLACEMENT_3D('',#3431,#3432,#3433);
#3431 = CARTESIAN_POINT('',(-13.5,-14.8,9.5));
#3432 = DIRECTION('',(1.,0.,-0.));
#3433 = DIRECTION('',(0.,0.,1.));
#3434 = DEFINITIONAL_REPRESENTATION('',(#3435),#3438);
#3435 = B_SPLINE_CURVE_WITH_KNOTS('',1,(#3436,#3437),.UNSPECIFIED.,.F.,
  .F.,(2,2),(2.6,32.2),.PIECEWISE_BEZIER_KNOTS.);
#3436 = CARTESIAN_POINT('',(1.,0.));
#3437 = CARTESIAN_POINT('',(1.,-29.6));
#3438 = ( GEOMETRIC_REPRESENTATION_CONTEXT(2) 
PARAMETRIC_REPRESENTATION_CONTEXT() REPRESENTATION_CONTEXT('2D SPACE',''
  ) );
#3439 = ORIENTED_EDGE('',*,*,#3440,.F.);
#3440 = EDGE_CURVE('',#3441,#3415,#3443,.T.);
#3441 = VERTEX_POINT('',#3442);
#3442 = CARTESIAN_POINT('',(13.5,14.8,10.5));
#3443 = SURFACE_CURVE('',#3444,(#3448,#3454),.PCURVE_S1.);
#3444 = LINE('',#3445,#3446);
#3445 = CARTESIAN_POINT('',(-14.25,14.8,10.5));
#3446 = VECTOR('',#3447,1.);
#3447 = DIRECTION('',(-1.,-0.,0.));
#3448 = PCURVE('',#3059,#3449);
#3449 = DEFINITIONAL_REPRESENTATION('',(#3450),#3453);
#3450 = B_SPLINE_CURVE_WITH_KNOTS('',1,(#3451,#3452),.UNSPECIFIED.,.F.,
  .F.,(2,2),(-27.75,-0.75),.PIECEWISE_BEZIER_KNOTS.);
#3451 = CARTESIAN_POINT('',(28.5,34.8));
#3452 = CARTESIAN_POINT('',(1.5,34.8));
#3453 = ( GEOMETRIC_REPRESENTATION_CONTEXT(2) 
PARAMETRIC_REPRESENTATION_CONTEXT() REPRESENTATION_CONTEXT('2D SPACE',''
  ) );
#3454 = PCURVE('',#3455,#3460);
#3455 = PLANE('',#3456);
#3456 = AXIS2_PLACEMENT_3D('',#3457,#3458,#3459);
#3457 = CARTESIAN_POINT('',(-13.5,14.8,9.5));
#3458 = DIRECTION('',(-0.,1.,0.));
#3459 = DIRECTION('',(0.,0.,1.));
#3460 = DEFINITIONAL_REPRESENTATION('',(#3461),#3464);
#3461 = B_SPLINE_CURVE_WITH_KNOTS('',1,(#3462,#3463),.UNSPECIFIED.,.F.,
  .F.,(2,2),(-27.75,-0.75),.PIECEWISE_BEZIER_KNOTS.);
#3462 = CARTESIAN_POINT('',(1.,27.));
#3463 = CARTESIAN_POINT('',(1.,0.));
#3464 = ( GEOMETRIC_REPRESENTATION_CONTEXT(2) 
PARAMETRIC_REPRESENTATION_CONTEXT() REPRESENTATION_CONTEXT('2D SPACE',''
  ) );
#3465 = ORIENTED_EDGE('',*,*,#3466,.F.);
#3466 = EDGE_CURVE('',#3387,#3441,#3467,.T.);
#3467 = SURFACE_CURVE('',#3468,(#3472,#3478),.PCURVE_S1.);
#3468 = LINE('',#3469,#3470);
#3469 = CARTESIAN_POINT('',(13.5,-17.4,10.5));
#3470 = VECTOR('',#3471,1.);
#3471 = DIRECTION('',(-0.,1.,0.));
#3472 = PCURVE('',#3059,#3473);
#3473 = DEFINITIONAL_REPRESENTATION('',(#3474),#3477);
#3474 = B_SPLINE_CURVE_WITH_KNOTS('',1,(#3475,#3476),.UNSPECIFIED.,.F.,
  .F.,(2,2),(2.6,32.2),.PIECEWISE_BEZIER_KNOTS.);
#3475 = CARTESIAN_POINT('',(28.5,5.2));
#3476 = CARTESIAN_POINT('',(28.5,34.8));
#3477 = ( GEOMETRIC_REPRESENTATION_CONTEXT(2) 
PARAMETRIC_REPRESENTATION_CONTEXT() REPRESENTATION_CONTEXT('2D SPACE',''
  ) );
#3478 = PCURVE('',#3479,#3484);
#3479 = PLANE('',#3480);
#3480 = AXIS2_PLACEMENT_3D('',#3481,#3482,#3483);
#3481 = CARTESIAN_POINT('',(13.5,-14.8,9.5));
#3482 = DIRECTION('',(1.,0.,-0.));
#3483 = DIRECTION('',(0.,0.,1.));
#3484 = DEFINITIONAL_REPRESENTATION('',(#3485),#3488);
#3485 = B_SPLINE_CURVE_WITH_KNOTS('',1,(#3486,#3487),.UNSPECIFIED.,.F.,
  .F.,(2,2),(2.6,32.2),.PIECEWISE_BEZIER_KNOTS.);
#3486 = CARTESIAN_POINT('',(1.,0.));
#3487 = CARTESIAN_POINT('',(1.,-29.6));
#3488 = ( GEOMETRIC_REPRESENTATION_CONTEXT(2) 
PARAMETRIC_REPRESENTATION_CONTEXT() REPRESENTATION_CONTEXT('2D SPACE',''
  ) );
#3489 = FACE_BOUND('',#3490,.T.);
#3490 = EDGE_LOOP('',(#3491));
#3491 = ORIENTED_EDGE('',*,*,#3492,.F.);
#3492 = EDGE_CURVE('',#3493,#3493,#3495,.T.);
#3493 = VERTEX_POINT('',#3494);
#3494 = CARTESIAN_POINT('',(1.1,17.4,10.5));
#3495 = SURFACE_CURVE('',#3496,(#3501,#3508),.PCURVE_S1.);
#3496 = CIRCLE('',#3497,1.1);
#3497 = AXIS2_PLACEMENT_3D('',#3498,#3499,#3500);
#3498 = CARTESIAN_POINT('',(0.,17.4,10.5));
#3499 = DIRECTION('',(0.,0.,1.));
#3500 = DIRECTION('',(1.,0.,-0.));
#3501 = PCURVE('',#3059,#3502);
#3502 = DEFINITIONAL_REPRESENTATION('',(#3503),#3507);
#3503 = CIRCLE('',#3504,1.1);
#3504 = AXIS2_PLACEMENT_2D('',#3505,#3506);
#3505 = CARTESIAN_POINT('',(15.,37.4));
#3506 = DIRECTION('',(1.,0.));
#3507 = ( GEOMETRIC_REPRESENTATION_CONTEXT(2) 
PARAMETRIC_REPRESENTATION_CONTEXT() REPRESENTATION_CONTEXT('2D SPACE',''
  ) );
#3508 = PCURVE('',#3509,#3514);
#3509 = CYLINDRICAL_SURFACE('',#3510,1.1);
#3510 = AXIS2_PLACEMENT_3D('',#3511,#3512,#3513);
#3511 = CARTESIAN_POINT('',(0.,17.4,9.25));
#3512 = DIRECTION('',(0.,0.,1.));
#3513 = DIRECTION('',(1.,0.,-0.));
#3514 = DEFINITIONAL_REPRESENTATION('',(#3515),#3519);
#3515 = LINE('',#3516,#3517);
#3516 = CARTESIAN_POINT('',(0.,1.25));
#3517 = VECTOR('',#3518,1.);
#3518 = DIRECTION('',(1.,0.));
#3519 = ( GEOMETRIC_REPRESENTATION_CONTEXT(2) 
PARAMETRIC_REPRESENTATION_CONTEXT() REPRESENTATION_CONTEXT('2D SPACE',''
  ) );
#3520 = ADVANCED_FACE('',(#3521),#3087,.T.);
#3521 = FACE_BOUND('',#3522,.T.);
#3522 = EDGE_LOOP('',(#3523,#3547,#3568,#3569));
#3523 = ORIENTED_EDGE('',*,*,#3524,.T.);
#3524 = EDGE_CURVE('',#3072,#3525,#3527,.T.);
#3525 = VERTEX_POINT('',#3526);
#3526 = CARTESIAN_POINT('',(-12.,-20.,10.));
#3527 = SURFACE_CURVE('',#3528,(#3533,#3540),.PCURVE_S1.);
#3528 = CIRCLE('',#3529,3.);
#3529 = AXIS2_PLACEMENT_3D('',#3530,#3531,#3532);
#3530 = CARTESIAN_POINT('',(-12.,-17.,10.));
#3531 = DIRECTION('',(0.,0.,1.));
#3532 = DIRECTION('',(0.,-1.,0.));
#3533 = PCURVE('',#3087,#3534);
#3534 = DEFINITIONAL_REPRESENTATION('',(#3535),#3539);
#3535 = LINE('',#3536,#3537);
#3536 = CARTESIAN_POINT('',(-4.712388980385,0.));
#3537 = VECTOR('',#3538,1.);
#3538 = DIRECTION('',(1.,0.));
#3539 = ( GEOMETRIC_REPRESENTATION_CONTEXT(2) 
PARAMETRIC_REPRESENTATION_CONTEXT() REPRESENTATION_CONTEXT('2D SPACE',''
  ) );
#3540 = PCURVE('',#3115,#3541);
#3541 = DEFINITIONAL_REPRESENTATION('',(#3542),#3546);
#3542 = CIRCLE('',#3543,3.);
#3543 = AXIS2_PLACEMENT_2D('',#3544,#3545);
#3544 = CARTESIAN_POINT('',(3.,3.));
#3545 = DIRECTION('',(0.,-1.));
#3546 = ( GEOMETRIC_REPRESENTATION_CONTEXT(2) 
PARAMETRIC_REPRESENTATION_CONTEXT() REPRESENTATION_CONTEXT('2D SPACE',''
  ) );
#3547 = ORIENTED_EDGE('',*,*,#3548,.T.);
#3548 = EDGE_CURVE('',#3525,#3158,#3549,.T.);
#3549 = SURFACE_CURVE('',#3550,(#3554,#3561),.PCURVE_S1.);
#3550 = LINE('',#3551,#3552);
#3551 = CARTESIAN_POINT('',(-12.,-20.,10.));
#3552 = VECTOR('',#3553,1.);
#3553 = DIRECTION('',(0.,0.,1.));
#3554 = PCURVE('',#3087,#3555);
#3555 = DEFINITIONAL_REPRESENTATION('',(#3556),#3560);
#3556 = LINE('',#3557,#3558);
#3557 = CARTESIAN_POINT('',(1.570796326795,0.));
#3558 = VECTOR('',#3559,1.);
#3559 = DIRECTION('',(0.,1.));
#3560 = ( GEOMETRIC_REPRESENTATION_CONTEXT(2) 
PARAMETRIC_REPRESENTATION_CONTEXT() REPRESENTATION_CONTEXT('2D SPACE',''
  ) );
#3561 = PCURVE('',#3197,#3562);
#3562 = DEFINITIONAL_REPRESENTATION('',(#3563),#3567);
#3563 = LINE('',#3564,#3565);
#3564 = CARTESIAN_POINT('',(0.,3.));
#3565 = VECTOR('',#3566,1.);
#3566 = DIRECTION('',(1.,0.));
#3567 = ( GEOMETRIC_REPRESENTATION_CONTEXT(2) 
PARAMETRIC_REPRESENTATION_CONTEXT() REPRESENTATION_CONTEXT('2D SPACE',''
  ) );
#3568 = ORIENTED_EDGE('',*,*,#3157,.F.);
#3569 = ORIENTED_EDGE('',*,*,#3071,.F.);
#3570 = ADVANCED_FACE('',(#3571),#3141,.T.);
#3571 = FACE_BOUND('',#3572,.F.);
#3572 = EDGE_LOOP('',(#3573,#3601,#3622,#3623));
#3573 = ORIENTED_EDGE('',*,*,#3574,.T.);
#3574 = EDGE_CURVE('',#3100,#3575,#3577,.T.);
#3575 = VERTEX_POINT('',#3576);
#3576 = CARTESIAN_POINT('',(-12.,20.,10.));
#3577 = SURFACE_CURVE('',#3578,(#3583,#3590),.PCURVE_S1.);
#3578 = CIRCLE('',#3579,3.);
#3579 = AXIS2_PLACEMENT_3D('',#3580,#3581,#3582);
#3580 = CARTESIAN_POINT('',(-12.,17.,10.));
#3581 = DIRECTION('',(-0.,-0.,-1.));
#3582 = DIRECTION('',(0.,-1.,0.));
#3583 = PCURVE('',#3141,#3584);
#3584 = DEFINITIONAL_REPRESENTATION('',(#3585),#3589);
#3585 = LINE('',#3586,#3587);
#3586 = CARTESIAN_POINT('',(1.570796326795,-0.));
#3587 = VECTOR('',#3588,1.);
#3588 = DIRECTION('',(-1.,0.));
#3589 = ( GEOMETRIC_REPRESENTATION_CONTEXT(2) 
PARAMETRIC_REPRESENTATION_CONTEXT() REPRESENTATION_CONTEXT('2D SPACE',''
  ) );
#3590 = PCURVE('',#3115,#3591);
#3591 = DEFINITIONAL_REPRESENTATION('',(#3592),#3600);
#3592 = ( BOUNDED_CURVE() B_SPLINE_CURVE(2,(#3593,#3594,#3595,#3596,
#3597,#3598,#3599),.UNSPECIFIED.,.T.,.F.) B_SPLINE_CURVE_WITH_KNOTS((1,2
    ,2,2,2,1),(-2.094395102393,0.,2.094395102393,4.188790204786,
6.28318530718,8.377580409573),.UNSPECIFIED.) CURVE() 
GEOMETRIC_REPRESENTATION_ITEM() RATIONAL_B_SPLINE_CURVE((1.,0.5,1.,0.5,
1.,0.5,1.)) REPRESENTATION_ITEM('') );
#3593 = CARTESIAN_POINT('',(3.,34.));
#3594 = CARTESIAN_POINT('',(-2.196152422707,34.));
#3595 = CARTESIAN_POINT('',(0.401923788647,38.5));
#3596 = CARTESIAN_POINT('',(3.,43.));
#3597 = CARTESIAN_POINT('',(5.598076211353,38.5));
#3598 = CARTESIAN_POINT('',(8.196152422707,34.));
#3599 = CARTESIAN_POINT('',(3.,34.));
#3600 = ( GEOMETRIC_REPRESENTATION_CONTEXT(2) 
PARAMETRIC_REPRESENTATION_CONTEXT() REPRESENTATION_CONTEXT('2D SPACE',''
  ) );
#3601 = ORIENTED_EDGE('',*,*,#3602,.T.);
#3602 = EDGE_CURVE('',#3575,#3300,#3603,.T.);
#3603 = SURFACE_CURVE('',#3604,(#3608,#3615),.PCURVE_S1.);
#3604 = LINE('',#3605,#3606);
#3605 = CARTESIAN_POINT('',(-12.,20.,10.));
#3606 = VECTOR('',#3607,1.);
#3607 = DIRECTION('',(0.,0.,1.));
#3608 = PCURVE('',#3141,#3609);
#3609 = DEFINITIONAL_REPRESENTATION('',(#3610),#3614);
#3610 = LINE('',#3611,#3612);
#3611 = CARTESIAN_POINT('',(-1.570796326795,0.));
#3612 = VECTOR('',#3613,1.);
#3613 = DIRECTION('',(-0.,1.));
#3614 = ( GEOMETRIC_REPRESENTATION_CONTEXT(2) 
PARAMETRIC_REPRESENTATION_CONTEXT() REPRESENTATION_CONTEXT('2D SPACE',''
  ) );
#3615 = PCURVE('',#3315,#3616);
#3616 = DEFINITIONAL_REPRESENTATION('',(#3617),#3621);
#3617 = LINE('',#3618,#3619);
#3618 = CARTESIAN_POINT('',(0.,3.));
#3619 = VECTOR('',#3620,1.);
#3620 = DIRECTION('',(1.,0.));
#3621 = ( GEOMETRIC_REPRESENTATION_CONTEXT(2) 
PARAMETRIC_REPRESENTATION_CONTEXT() REPRESENTATION_CONTEXT('2D SPACE',''
  ) );
#3622 = ORIENTED_EDGE('',*,*,#3327,.F.);
#3623 = ORIENTED_EDGE('',*,*,#3127,.F.);
#3624 = ADVANCED_FACE('',(#3625,#3749,#3775,#3861),#3115,.F.);
#3625 = FACE_BOUND('',#3626,.F.);
#3626 = EDGE_LOOP('',(#3627,#3628,#3629,#3652,#3680,#3703,#3727,#3748));
#3627 = ORIENTED_EDGE('',*,*,#3099,.F.);
#3628 = ORIENTED_EDGE('',*,*,#3524,.T.);
#3629 = ORIENTED_EDGE('',*,*,#3630,.T.);
#3630 = EDGE_CURVE('',#3525,#3631,#3633,.T.);
#3631 = VERTEX_POINT('',#3632);
#3632 = CARTESIAN_POINT('',(12.,-20.,10.));
#3633 = SURFACE_CURVE('',#3634,(#3638,#3645),.PCURVE_S1.);
#3634 = LINE('',#3635,#3636);
#3635 = CARTESIAN_POINT('',(-15.,-20.,10.));
#3636 = VECTOR('',#3637,1.);
#3637 = DIRECTION('',(1.,0.,-0.));
#3638 = PCURVE('',#3115,#3639);
#3639 = DEFINITIONAL_REPRESENTATION('',(#3640),#3644);
#3640 = LINE('',#3641,#3642);
#3641 = CARTESIAN_POINT('',(0.,0.));
#3642 = VECTOR('',#3643,1.);
#3643 = DIRECTION('',(1.,0.));
#3644 = ( GEOMETRIC_REPRESENTATION_CONTEXT(2) 
PARAMETRIC_REPRESENTATION_CONTEXT() REPRESENTATION_CONTEXT('2D SPACE',''
  ) );
#3645 = PCURVE('',#3197,#3646);
#3646 = DEFINITIONAL_REPRESENTATION('',(#3647),#3651);
#3647 = LINE('',#3648,#3649);
#3648 = CARTESIAN_POINT('',(0.,0.));
#3649 = VECTOR('',#3650,1.);
#3650 = DIRECTION('',(0.,1.));
#3651 = ( GEOMETRIC_REPRESENTATION_CONTEXT(2) 
PARAMETRIC_REPRESENTATION_CONTEXT() REPRESENTATION_CONTEXT('2D SPACE',''
  ) );
#3652 = ORIENTED_EDGE('',*,*,#3653,.F.);
#3653 = EDGE_CURVE('',#3654,#3631,#3656,.T.);
#3654 = VERTEX_POINT('',#3655);
#3655 = CARTESIAN_POINT('',(15.,-17.,10.));
#3656 = SURFACE_CURVE('',#3657,(#3662,#3673),.PCURVE_S1.);
#3657 = CIRCLE('',#3658,3.);
#3658 = AXIS2_PLACEMENT_3D('',#3659,#3660,#3661);
#3659 = CARTESIAN_POINT('',(12.,-17.,10.));
#3660 = DIRECTION('',(-0.,-0.,-1.));
#3661 = DIRECTION('',(0.,-1.,0.));
#3662 = PCURVE('',#3115,#3663);
#3663 = DEFINITIONAL_REPRESENTATION('',(#3664),#3672);
#3664 = ( BOUNDED_CURVE() B_SPLINE_CURVE(2,(#3665,#3666,#3667,#3668,
#3669,#3670,#3671),.UNSPECIFIED.,.T.,.F.) B_SPLINE_CURVE_WITH_KNOTS((1,2
    ,2,2,2,1),(-2.094395102393,0.,2.094395102393,4.188790204786,
6.28318530718,8.377580409573),.UNSPECIFIED.) CURVE() 
GEOMETRIC_REPRESENTATION_ITEM() RATIONAL_B_SPLINE_CURVE((1.,0.5,1.,0.5,
1.,0.5,1.)) REPRESENTATION_ITEM('') );
#3665 = CARTESIAN_POINT('',(27.,0.));
#3666 = CARTESIAN_POINT('',(21.803847577293,0.));
#3667 = CARTESIAN_POINT('',(24.401923788647,4.5));
#3668 = CARTESIAN_POINT('',(27.,9.));
#3669 = CARTESIAN_POINT('',(29.598076211353,4.5));
#3670 = CARTESIAN_POINT('',(32.196152422707,4.440892098501E-15));
#3671 = CARTESIAN_POINT('',(27.,0.));
#3672 = ( GEOMETRIC_REPRESENTATION_CONTEXT(2) 
PARAMETRIC_REPRESENTATION_CONTEXT() REPRESENTATION_CONTEXT('2D SPACE',''
  ) );
#3673 = PCURVE('',#3230,#3674);
#3674 = DEFINITIONAL_REPRESENTATION('',(#3675),#3679);
#3675 = LINE('',#3676,#3677);
#3676 = CARTESIAN_POINT('',(4.712388980385,-0.));
#3677 = VECTOR('',#3678,1.);
#3678 = DIRECTION('',(-1.,0.));
#3679 = ( GEOMETRIC_REPRESENTATION_CONTEXT(2) 
PARAMETRIC_REPRESENTATION_CONTEXT() REPRESENTATION_CONTEXT('2D SPACE',''
  ) );
#3680 = ORIENTED_EDGE('',*,*,#3681,.T.);
#3681 = EDGE_CURVE('',#3654,#3682,#3684,.T.);
#3682 = VERTEX_POINT('',#3683);
#3683 = CARTESIAN_POINT('',(15.,17.,10.));
#3684 = SURFACE_CURVE('',#3685,(#3689,#3696),.PCURVE_S1.);
#3685 = LINE('',#3686,#3687);
#3686 = CARTESIAN_POINT('',(15.,-20.,10.));
#3687 = VECTOR('',#3688,1.);
#3688 = DIRECTION('',(-0.,1.,0.));
#3689 = PCURVE('',#3115,#3690);
#3690 = DEFINITIONAL_REPRESENTATION('',(#3691),#3695);
#3691 = LINE('',#3692,#3693);
#3692 = CARTESIAN_POINT('',(30.,0.));
#3693 = VECTOR('',#3694,1.);
#3694 = DIRECTION('',(0.,1.));
#3695 = ( GEOMETRIC_REPRESENTATION_CONTEXT(2) 
PARAMETRIC_REPRESENTATION_CONTEXT() REPRESENTATION_CONTEXT('2D SPACE',''
  ) );
#3696 = PCURVE('',#3258,#3697);
#3697 = DEFINITIONAL_REPRESENTATION('',(#3698),#3702);
#3698 = LINE('',#3699,#3700);
#3699 = CARTESIAN_POINT('',(0.,0.));
#3700 = VECTOR('',#3701,1.);
#3701 = DIRECTION('',(0.,-1.));
#3702 = ( GEOMETRIC_REPRESENTATION_CONTEXT(2) 
PARAMETRIC_REPRESENTATION_CONTEXT() REPRESENTATION_CONTEXT('2D SPACE',''
  ) );
#3703 = ORIENTED_EDGE('',*,*,#3704,.T.);
#3704 = EDGE_CURVE('',#3682,#3705,#3707,.T.);
#3705 = VERTEX_POINT('',#3706);
#3706 = CARTESIAN_POINT('',(12.,20.,10.));
#3707 = SURFACE_CURVE('',#3708,(#3713,#3720),.PCURVE_S1.);
#3708 = CIRCLE('',#3709,3.);
#3709 = AXIS2_PLACEMENT_3D('',#3710,#3711,#3712);
#3710 = CARTESIAN_POINT('',(12.,17.,10.));
#3711 = DIRECTION('',(0.,0.,1.));
#3712 = DIRECTION('',(0.,-1.,0.));
#3713 = PCURVE('',#3115,#3714);
#3714 = DEFINITIONAL_REPRESENTATION('',(#3715),#3719);
#3715 = CIRCLE('',#3716,3.);
#3716 = AXIS2_PLACEMENT_2D('',#3717,#3718);
#3717 = CARTESIAN_POINT('',(27.,37.));
#3718 = DIRECTION('',(0.,-1.));
#3719 = ( GEOMETRIC_REPRESENTATION_CONTEXT(2) 
PARAMETRIC_REPRESENTATION_CONTEXT() REPRESENTATION_CONTEXT('2D SPACE',''
  ) );
#3720 = PCURVE('',#3287,#3721);
#3721 = DEFINITIONAL_REPRESENTATION('',(#3722),#3726);
#3722 = LINE('',#3723,#3724);
#3723 = CARTESIAN_POINT('',(-1.570796326795,0.));
#3724 = VECTOR('',#3725,1.);
#3725 = DIRECTION('',(1.,0.));
#3726 = ( GEOMETRIC_REPRESENTATION_CONTEXT(2) 
PARAMETRIC_REPRESENTATION_CONTEXT() REPRESENTATION_CONTEXT('2D SPACE',''
  ) );
#3727 = ORIENTED_EDGE('',*,*,#3728,.F.);
#3728 = EDGE_CURVE('',#3575,#3705,#3729,.T.);
#3729 = SURFACE_CURVE('',#3730,(#3734,#3741),.PCURVE_S1.);
#3730 = LINE('',#3731,#3732);
#3731 = CARTESIAN_POINT('',(-15.,20.,10.));
#3732 = VECTOR('',#3733,1.);
#3733 = DIRECTION('',(1.,0.,-0.));
#3734 = PCURVE('',#3115,#3735);
#3735 = DEFINITIONAL_REPRESENTATION('',(#3736),#3740);
#3736 = LINE('',#3737,#3738);
#3737 = CARTESIAN_POINT('',(0.,40.));
#3738 = VECTOR('',#3739,1.);
#3739 = DIRECTION('',(1.,0.));
#3740 = ( GEOMETRIC_REPRESENTATION_CONTEXT(2) 
PARAMETRIC_REPRESENTATION_CONTEXT() REPRESENTATION_CONTEXT('2D SPACE',''
  ) );
#3741 = PCURVE('',#3315,#3742);
#3742 = DEFINITIONAL_REPRESENTATION('',(#3743),#3747);
#3743 = LINE('',#3744,#3745);
#3744 = CARTESIAN_POINT('',(0.,0.));
#3745 = VECTOR('',#3746,1.);
#3746 = DIRECTION('',(0.,1.));
#3747 = ( GEOMETRIC_REPRESENTATION_CONTEXT(2) 
PARAMETRIC_REPRESENTATION_CONTEXT() REPRESENTATION_CONTEXT('2D SPACE',''
  ) );
#3748 = ORIENTED_EDGE('',*,*,#3574,.F.);
#3749 = FACE_BOUND('',#3750,.F.);
#3750 = EDGE_LOOP('',(#3751));
#3751 = ORIENTED_EDGE('',*,*,#3752,.F.);
#3752 = EDGE_CURVE('',#3753,#3753,#3755,.T.);
#3753 = VERTEX_POINT('',#3754);
#3754 = CARTESIAN_POINT('',(1.1,-17.4,10.));
#3755 = SURFACE_CURVE('',#3756,(#3761,#3768),.PCURVE_S1.);
#3756 = CIRCLE('',#3757,1.1);
#3757 = AXIS2_PLACEMENT_3D('',#3758,#3759,#3760);
#3758 = CARTESIAN_POINT('',(0.,-17.4,10.));
#3759 = DIRECTION('',(0.,0.,1.));
#3760 = DIRECTION('',(1.,0.,-0.));
#3761 = PCURVE('',#3115,#3762);
#3762 = DEFINITIONAL_REPRESENTATION('',(#3763),#3767);
#3763 = CIRCLE('',#3764,1.1);
#3764 = AXIS2_PLACEMENT_2D('',#3765,#3766);
#3765 = CARTESIAN_POINT('',(15.,2.6));
#3766 = DIRECTION('',(1.,0.));
#3767 = ( GEOMETRIC_REPRESENTATION_CONTEXT(2) 
PARAMETRIC_REPRESENTATION_CONTEXT() REPRESENTATION_CONTEXT('2D SPACE',''
  ) );
#3768 = PCURVE('',#3372,#3769);
#3769 = DEFINITIONAL_REPRESENTATION('',(#3770),#3774);
#3770 = LINE('',#3771,#3772);
#3771 = CARTESIAN_POINT('',(0.,0.75));
#3772 = VECTOR('',#3773,1.);
#3773 = DIRECTION('',(1.,0.));
#3774 = ( GEOMETRIC_REPRESENTATION_CONTEXT(2) 
PARAMETRIC_REPRESENTATION_CONTEXT() REPRESENTATION_CONTEXT('2D SPACE',''
  ) );
#3775 = FACE_BOUND('',#3776,.F.);
#3776 = EDGE_LOOP('',(#3777,#3800,#3821,#3842));
#3777 = ORIENTED_EDGE('',*,*,#3778,.T.);
#3778 = EDGE_CURVE('',#3779,#3781,#3783,.T.);
#3779 = VERTEX_POINT('',#3780);
#3780 = CARTESIAN_POINT('',(13.5,-14.8,10.));
#3781 = VERTEX_POINT('',#3782);
#3782 = CARTESIAN_POINT('',(-13.5,-14.8,10.));
#3783 = SURFACE_CURVE('',#3784,(#3788,#3794),.PCURVE_S1.);
#3784 = LINE('',#3785,#3786);
#3785 = CARTESIAN_POINT('',(-14.25,-14.8,10.));
#3786 = VECTOR('',#3787,1.);
#3787 = DIRECTION('',(-1.,-0.,0.));
#3788 = PCURVE('',#3115,#3789);
#3789 = DEFINITIONAL_REPRESENTATION('',(#3790),#3793);
#3790 = B_SPLINE_CURVE_WITH_KNOTS('',1,(#3791,#3792),.UNSPECIFIED.,.F.,
  .F.,(2,2),(-27.75,-0.75),.PIECEWISE_BEZIER_KNOTS.);
#3791 = CARTESIAN_POINT('',(28.5,5.2));
#3792 = CARTESIAN_POINT('',(1.5,5.2));
#3793 = ( GEOMETRIC_REPRESENTATION_CONTEXT(2) 
PARAMETRIC_REPRESENTATION_CONTEXT() REPRESENTATION_CONTEXT('2D SPACE',''
  ) );
#3794 = PCURVE('',#3403,#3795);
#3795 = DEFINITIONAL_REPRESENTATION('',(#3796),#3799);
#3796 = B_SPLINE_CURVE_WITH_KNOTS('',1,(#3797,#3798),.UNSPECIFIED.,.F.,
  .F.,(2,2),(-27.75,-0.75),.PIECEWISE_BEZIER_KNOTS.);
#3797 = CARTESIAN_POINT('',(0.5,27.));
#3798 = CARTESIAN_POINT('',(0.5,0.));
#3799 = ( GEOMETRIC_REPRESENTATION_CONTEXT(2) 
PARAMETRIC_REPRESENTATION_CONTEXT() REPRESENTATION_CONTEXT('2D SPACE',''
  ) );
#3800 = ORIENTED_EDGE('',*,*,#3801,.T.);
#3801 = EDGE_CURVE('',#3781,#3802,#3804,.T.);
#3802 = VERTEX_POINT('',#3803);
#3803 = CARTESIAN_POINT('',(-13.5,14.8,10.));
#3804 = SURFACE_CURVE('',#3805,(#3809,#3815),.PCURVE_S1.);
#3805 = LINE('',#3806,#3807);
#3806 = CARTESIAN_POINT('',(-13.5,-17.4,10.));
#3807 = VECTOR('',#3808,1.);
#3808 = DIRECTION('',(-0.,1.,0.));
#3809 = PCURVE('',#3115,#3810);
#3810 = DEFINITIONAL_REPRESENTATION('',(#3811),#3814);
#3811 = B_SPLINE_CURVE_WITH_KNOTS('',1,(#3812,#3813),.UNSPECIFIED.,.F.,
  .F.,(2,2),(2.6,32.2),.PIECEWISE_BEZIER_KNOTS.);
#3812 = CARTESIAN_POINT('',(1.5,5.2));
#3813 = CARTESIAN_POINT('',(1.5,34.8));
#3814 = ( GEOMETRIC_REPRESENTATION_CONTEXT(2) 
PARAMETRIC_REPRESENTATION_CONTEXT() REPRESENTATION_CONTEXT('2D SPACE',''
  ) );
#3815 = PCURVE('',#3429,#3816);
#3816 = DEFINITIONAL_REPRESENTATION('',(#3817),#3820);
#3817 = B_SPLINE_CURVE_WITH_KNOTS('',1,(#3818,#3819),.UNSPECIFIED.,.F.,
  .F.,(2,2),(2.6,32.2),.PIECEWISE_BEZIER_KNOTS.);
#3818 = CARTESIAN_POINT('',(0.5,0.));
#3819 = CARTESIAN_POINT('',(0.5,-29.6));
#3820 = ( GEOMETRIC_REPRESENTATION_CONTEXT(2) 
PARAMETRIC_REPRESENTATION_CONTEXT() REPRESENTATION_CONTEXT('2D SPACE',''
  ) );
#3821 = ORIENTED_EDGE('',*,*,#3822,.F.);
#3822 = EDGE_CURVE('',#3823,#3802,#3825,.T.);
#3823 = VERTEX_POINT('',#3824);
#3824 = CARTESIAN_POINT('',(13.5,14.8,10.));
#3825 = SURFACE_CURVE('',#3826,(#3830,#3836),.PCURVE_S1.);
#3826 = LINE('',#3827,#3828);
#3827 = CARTESIAN_POINT('',(-14.25,14.8,10.));
#3828 = VECTOR('',#3829,1.);
#3829 = DIRECTION('',(-1.,-0.,0.));
#3830 = PCURVE('',#3115,#3831);
#3831 = DEFINITIONAL_REPRESENTATION('',(#3832),#3835);
#3832 = B_SPLINE_CURVE_WITH_KNOTS('',1,(#3833,#3834),.UNSPECIFIED.,.F.,
  .F.,(2,2),(-27.75,-0.75),.PIECEWISE_BEZIER_KNOTS.);
#3833 = CARTESIAN_POINT('',(28.5,34.8));
#3834 = CARTESIAN_POINT('',(1.5,34.8));
#3835 = ( GEOMETRIC_REPRESENTATION_CONTEXT(2) 
PARAMETRIC_REPRESENTATION_CONTEXT() REPRESENTATION_CONTEXT('2D SPACE',''
  ) );
#3836 = PCURVE('',#3455,#3837);
#3837 = DEFINITIONAL_REPRESENTATION('',(#3838),#3841);
#3838 = B_SPLINE_CURVE_WITH_KNOTS('',1,(#3839,#3840),.UNSPECIFIED.,.F.,
  .F.,(2,2),(-27.75,-0.75),.PIECEWISE_BEZIER_KNOTS.);
#3839 = CARTESIAN_POINT('',(0.5,27.));
#3840 = CARTESIAN_POINT('',(0.5,0.));
#3841 = ( GEOMETRIC_REPRESENTATION_CONTEXT(2) 
PARAMETRIC_REPRESENTATION_CONTEXT() REPRESENTATION_CONTEXT('2D SPACE',''
  ) );
#3842 = ORIENTED_EDGE('',*,*,#3843,.F.);
#3843 = EDGE_CURVE('',#3779,#3823,#3844,.T.);
#3844 = SURFACE_CURVE('',#3845,(#3849,#3855),.PCURVE_S1.);
#3845 = LINE('',#3846,#3847);
#3846 = CARTESIAN_POINT('',(13.5,-17.4,10.));
#3847 = VECTOR('',#3848,1.);
#3848 = DIRECTION('',(-0.,1.,0.));
#3849 = PCURVE('',#3115,#3850);
#3850 = DEFINITIONAL_REPRESENTATION('',(#3851),#3854);
#3851 = B_SPLINE_CURVE_WITH_KNOTS('',1,(#3852,#3853),.UNSPECIFIED.,.F.,
  .F.,(2,2),(2.6,32.2),.PIECEWISE_BEZIER_KNOTS.);
#3852 = CARTESIAN_POINT('',(28.5,5.2));
#3853 = CARTESIAN_POINT('',(28.5,34.8));
#3854 = ( GEOMETRIC_REPRESENTATION_CONTEXT(2) 
PARAMETRIC_REPRESENTATION_CONTEXT() REPRESENTATION_CONTEXT('2D SPACE',''
  ) );
#3855 = PCURVE('',#3479,#3856);
#3856 = DEFINITIONAL_REPRESENTATION('',(#3857),#3860);
#3857 = B_SPLINE_CURVE_WITH_KNOTS('',1,(#3858,#3859),.UNSPECIFIED.,.F.,
  .F.,(2,2),(2.6,32.2),.PIECEWISE_BEZIER_KNOTS.);
#3858 = CARTESIAN_POINT('',(0.5,0.));
#3859 = CARTESIAN_POINT('',(0.5,-29.6));
#3860 = ( GEOMETRIC_REPRESENTATION_CONTEXT(2) 
PARAMETRIC_REPRESENTATION_CONTEXT() REPRESENTATION_CONTEXT('2D SPACE',''
  ) );
#3861 = FACE_BOUND('',#3862,.F.);
#3862 = EDGE_LOOP('',(#3863));
#3863 = ORIENTED_EDGE('',*,*,#3864,.F.);
#3864 = EDGE_CURVE('',#3865,#3865,#3867,.T.);
#3865 = VERTEX_POINT('',#3866);
#3866 = CARTESIAN_POINT('',(1.1,17.4,10.));
#3867 = SURFACE_CURVE('',#3868,(#3873,#3880),.PCURVE_S1.);
#3868 = CIRCLE('',#3869,1.1);
#3869 = AXIS2_PLACEMENT_3D('',#3870,#3871,#3872);
#3870 = CARTESIAN_POINT('',(0.,17.4,10.));
#3871 = DIRECTION('',(0.,0.,1.));
#3872 = DIRECTION('',(1.,0.,-0.));
#3873 = PCURVE('',#3115,#3874);
#3874 = DEFINITIONAL_REPRESENTATION('',(#3875),#3879);
#3875 = CIRCLE('',#3876,1.1);
#3876 = AXIS2_PLACEMENT_2D('',#3877,#3878);
#3877 = CARTESIAN_POINT('',(15.,37.4));
#3878 = DIRECTION('',(1.,0.));
#3879 = ( GEOMETRIC_REPRESENTATION_CONTEXT(2) 
PARAMETRIC_REPRESENTATION_CONTEXT() REPRESENTATION_CONTEXT('2D SPACE',''
  ) );
#3880 = PCURVE('',#3509,#3881);
#3881 = DEFINITIONAL_REPRESENTATION('',(#3882),#3886);
#3882 = LINE('',#3883,#3884);
#3883 = CARTESIAN_POINT('',(0.,0.75));
#3884 = VECTOR('',#3885,1.);
#3885 = DIRECTION('',(1.,0.));
#3886 = ( GEOMETRIC_REPRESENTATION_CONTEXT(2) 
PARAMETRIC_REPRESENTATION_CONTEXT() REPRESENTATION_CONTEXT('2D SPACE',''
  ) );
#3887 = ADVANCED_FACE('',(#3888),#3197,.F.);
#3888 = FACE_BOUND('',#3889,.F.);
#3889 = EDGE_LOOP('',(#3890,#3891,#3892,#3893));
#3890 = ORIENTED_EDGE('',*,*,#3630,.F.);
#3891 = ORIENTED_EDGE('',*,*,#3548,.T.);
#3892 = ORIENTED_EDGE('',*,*,#3181,.T.);
#3893 = ORIENTED_EDGE('',*,*,#3894,.F.);
#3894 = EDGE_CURVE('',#3631,#3182,#3895,.T.);
#3895 = SURFACE_CURVE('',#3896,(#3900,#3907),.PCURVE_S1.);
#3896 = LINE('',#3897,#3898);
#3897 = CARTESIAN_POINT('',(12.,-20.,10.));
#3898 = VECTOR('',#3899,1.);
#3899 = DIRECTION('',(0.,0.,1.));
#3900 = PCURVE('',#3197,#3901);
#3901 = DEFINITIONAL_REPRESENTATION('',(#3902),#3906);
#3902 = LINE('',#3903,#3904);
#3903 = CARTESIAN_POINT('',(0.,27.));
#3904 = VECTOR('',#3905,1.);
#3905 = DIRECTION('',(1.,0.));
#3906 = ( GEOMETRIC_REPRESENTATION_CONTEXT(2) 
PARAMETRIC_REPRESENTATION_CONTEXT() REPRESENTATION_CONTEXT('2D SPACE',''
  ) );
#3907 = PCURVE('',#3230,#3908);
#3908 = DEFINITIONAL_REPRESENTATION('',(#3909),#3913);
#3909 = LINE('',#3910,#3911);
#3910 = CARTESIAN_POINT('',(-1.570796326795,0.));
#3911 = VECTOR('',#3912,1.);
#3912 = DIRECTION('',(-0.,1.));
#3913 = ( GEOMETRIC_REPRESENTATION_CONTEXT(2) 
PARAMETRIC_REPRESENTATION_CONTEXT() REPRESENTATION_CONTEXT('2D SPACE',''
  ) );
#3914 = ADVANCED_FACE('',(#3915),#3315,.T.);
#3915 = FACE_BOUND('',#3916,.T.);
#3916 = EDGE_LOOP('',(#3917,#3918,#3919,#3920));
#3917 = ORIENTED_EDGE('',*,*,#3728,.F.);
#3918 = ORIENTED_EDGE('',*,*,#3602,.T.);
#3919 = ORIENTED_EDGE('',*,*,#3299,.T.);
#3920 = ORIENTED_EDGE('',*,*,#3921,.F.);
#3921 = EDGE_CURVE('',#3705,#3271,#3922,.T.);
#3922 = SURFACE_CURVE('',#3923,(#3927,#3934),.PCURVE_S1.);
#3923 = LINE('',#3924,#3925);
#3924 = CARTESIAN_POINT('',(12.,20.,10.));
#3925 = VECTOR('',#3926,1.);
#3926 = DIRECTION('',(0.,0.,1.));
#3927 = PCURVE('',#3315,#3928);
#3928 = DEFINITIONAL_REPRESENTATION('',(#3929),#3933);
#3929 = LINE('',#3930,#3931);
#3930 = CARTESIAN_POINT('',(0.,27.));
#3931 = VECTOR('',#3932,1.);
#3932 = DIRECTION('',(1.,0.));
#3933 = ( GEOMETRIC_REPRESENTATION_CONTEXT(2) 
PARAMETRIC_REPRESENTATION_CONTEXT() REPRESENTATION_CONTEXT('2D SPACE',''
  ) );
#3934 = PCURVE('',#3287,#3935);
#3935 = DEFINITIONAL_REPRESENTATION('',(#3936),#3940);
#3936 = LINE('',#3937,#3938);
#3937 = CARTESIAN_POINT('',(1.570796326795,0.));
#3938 = VECTOR('',#3939,1.);
#3939 = DIRECTION('',(0.,1.));
#3940 = ( GEOMETRIC_REPRESENTATION_CONTEXT(2) 
PARAMETRIC_REPRESENTATION_CONTEXT() REPRESENTATION_CONTEXT('2D SPACE',''
  ) );
#3941 = ADVANCED_FACE('',(#3942),#3230,.T.);
#3942 = FACE_BOUND('',#3943,.F.);
#3943 = EDGE_LOOP('',(#3944,#3945,#3946,#3947));
#3944 = ORIENTED_EDGE('',*,*,#3653,.T.);
#3945 = ORIENTED_EDGE('',*,*,#3894,.T.);
#3946 = ORIENTED_EDGE('',*,*,#3209,.F.);
#3947 = ORIENTED_EDGE('',*,*,#3948,.F.);
#3948 = EDGE_CURVE('',#3654,#3210,#3949,.T.);
#3949 = SURFACE_CURVE('',#3950,(#3954,#3961),.PCURVE_S1.);
#3950 = LINE('',#3951,#3952);
#3951 = CARTESIAN_POINT('',(15.,-17.,10.));
#3952 = VECTOR('',#3953,1.);
#3953 = DIRECTION('',(0.,0.,1.));
#3954 = PCURVE('',#3230,#3955);
#3955 = DEFINITIONAL_REPRESENTATION('',(#3956),#3960);
#3956 = LINE('',#3957,#3958);
#3957 = CARTESIAN_POINT('',(-0.,0.));
#3958 = VECTOR('',#3959,1.);
#3959 = DIRECTION('',(-0.,1.));
#3960 = ( GEOMETRIC_REPRESENTATION_CONTEXT(2) 
PARAMETRIC_REPRESENTATION_CONTEXT() REPRESENTATION_CONTEXT('2D SPACE',''
  ) );
#3961 = PCURVE('',#3258,#3962);
#3962 = DEFINITIONAL_REPRESENTATION('',(#3963),#3967);
#3963 = LINE('',#3964,#3965);
#3964 = CARTESIAN_POINT('',(0.,-3.));
#3965 = VECTOR('',#3966,1.);
#3966 = DIRECTION('',(1.,0.));
#3967 = ( GEOMETRIC_REPRESENTATION_CONTEXT(2) 
PARAMETRIC_REPRESENTATION_CONTEXT() REPRESENTATION_CONTEXT('2D SPACE',''
  ) );
#3968 = ADVANCED_FACE('',(#3969),#3287,.T.);
#3969 = FACE_BOUND('',#3970,.T.);
#3970 = EDGE_LOOP('',(#3971,#3972,#3973,#3974));
#3971 = ORIENTED_EDGE('',*,*,#3704,.T.);
#3972 = ORIENTED_EDGE('',*,*,#3921,.T.);
#3973 = ORIENTED_EDGE('',*,*,#3270,.F.);
#3974 = ORIENTED_EDGE('',*,*,#3975,.F.);
#3975 = EDGE_CURVE('',#3682,#3243,#3976,.T.);
#3976 = SURFACE_CURVE('',#3977,(#3981,#3988),.PCURVE_S1.);
#3977 = LINE('',#3978,#3979);
#3978 = CARTESIAN_POINT('',(15.,17.,10.));
#3979 = VECTOR('',#3980,1.);
#3980 = DIRECTION('',(0.,0.,1.));
#3981 = PCURVE('',#3287,#3982);
#3982 = DEFINITIONAL_REPRESENTATION('',(#3983),#3987);
#3983 = LINE('',#3984,#3985);
#3984 = CARTESIAN_POINT('',(0.,0.));
#3985 = VECTOR('',#3986,1.);
#3986 = DIRECTION('',(0.,1.));
#3987 = ( GEOMETRIC_REPRESENTATION_CONTEXT(2) 
PARAMETRIC_REPRESENTATION_CONTEXT() REPRESENTATION_CONTEXT('2D SPACE',''
  ) );
#3988 = PCURVE('',#3258,#3989);
#3989 = DEFINITIONAL_REPRESENTATION('',(#3990),#3994);
#3990 = LINE('',#3991,#3992);
#3991 = CARTESIAN_POINT('',(0.,-37.));
#3992 = VECTOR('',#3993,1.);
#3993 = DIRECTION('',(1.,0.));
#3994 = ( GEOMETRIC_REPRESENTATION_CONTEXT(2) 
PARAMETRIC_REPRESENTATION_CONTEXT() REPRESENTATION_CONTEXT('2D SPACE',''
  ) );
#3995 = ADVANCED_FACE('',(#3996),#3258,.T.);
#3996 = FACE_BOUND('',#3997,.T.);
#3997 = EDGE_LOOP('',(#3998,#3999,#4000,#4001));
#3998 = ORIENTED_EDGE('',*,*,#3242,.F.);
#3999 = ORIENTED_EDGE('',*,*,#3948,.F.);
#4000 = ORIENTED_EDGE('',*,*,#3681,.T.);
#4001 = ORIENTED_EDGE('',*,*,#3975,.T.);
#4002 = ADVANCED_FACE('',(#4003),#3372,.F.);
#4003 = FACE_BOUND('',#4004,.F.);
#4004 = EDGE_LOOP('',(#4005,#4006,#4027,#4028));
#4005 = ORIENTED_EDGE('',*,*,#3355,.F.);
#4006 = ORIENTED_EDGE('',*,*,#4007,.F.);
#4007 = EDGE_CURVE('',#3753,#3356,#4008,.T.);
#4008 = SEAM_CURVE('',#4009,(#4013,#4020),.PCURVE_S1.);
#4009 = LINE('',#4010,#4011);
#4010 = CARTESIAN_POINT('',(1.1,-17.4,9.25));
#4011 = VECTOR('',#4012,1.);
#4012 = DIRECTION('',(0.,0.,1.));
#4013 = PCURVE('',#3372,#4014);
#4014 = DEFINITIONAL_REPRESENTATION('',(#4015),#4019);
#4015 = LINE('',#4016,#4017);
#4016 = CARTESIAN_POINT('',(6.28318530718,-0.));
#4017 = VECTOR('',#4018,1.);
#4018 = DIRECTION('',(0.,1.));
#4019 = ( GEOMETRIC_REPRESENTATION_CONTEXT(2) 
PARAMETRIC_REPRESENTATION_CONTEXT() REPRESENTATION_CONTEXT('2D SPACE',''
  ) );
#4020 = PCURVE('',#3372,#4021);
#4021 = DEFINITIONAL_REPRESENTATION('',(#4022),#4026);
#4022 = LINE('',#4023,#4024);
#4023 = CARTESIAN_POINT('',(0.,-0.));
#4024 = VECTOR('',#4025,1.);
#4025 = DIRECTION('',(0.,1.));
#4026 = ( GEOMETRIC_REPRESENTATION_CONTEXT(2) 
PARAMETRIC_REPRESENTATION_CONTEXT() REPRESENTATION_CONTEXT('2D SPACE',''
  ) );
#4027 = ORIENTED_EDGE('',*,*,#3752,.T.);
#4028 = ORIENTED_EDGE('',*,*,#4007,.T.);
#4029 = ADVANCED_FACE('',(#4030),#3403,.T.);
#4030 = FACE_BOUND('',#4031,.T.);
#4031 = EDGE_LOOP('',(#4032,#4053,#4054,#4075));
#4032 = ORIENTED_EDGE('',*,*,#4033,.F.);
#4033 = EDGE_CURVE('',#3779,#3387,#4034,.T.);
#4034 = SURFACE_CURVE('',#4035,(#4039,#4046),.PCURVE_S1.);
#4035 = LINE('',#4036,#4037);
#4036 = CARTESIAN_POINT('',(13.5,-14.8,9.5));
#4037 = VECTOR('',#4038,1.);
#4038 = DIRECTION('',(0.,0.,1.));
#4039 = PCURVE('',#3403,#4040);
#4040 = DEFINITIONAL_REPRESENTATION('',(#4041),#4045);
#4041 = LINE('',#4042,#4043);
#4042 = CARTESIAN_POINT('',(0.,27.));
#4043 = VECTOR('',#4044,1.);
#4044 = DIRECTION('',(1.,0.));
#4045 = ( GEOMETRIC_REPRESENTATION_CONTEXT(2) 
PARAMETRIC_REPRESENTATION_CONTEXT() REPRESENTATION_CONTEXT('2D SPACE',''
  ) );
#4046 = PCURVE('',#3479,#4047);
#4047 = DEFINITIONAL_REPRESENTATION('',(#4048),#4052);
#4048 = LINE('',#4049,#4050);
#4049 = CARTESIAN_POINT('',(0.,0.));
#4050 = VECTOR('',#4051,1.);
#4051 = DIRECTION('',(1.,0.));
#4052 = ( GEOMETRIC_REPRESENTATION_CONTEXT(2) 
PARAMETRIC_REPRESENTATION_CONTEXT() REPRESENTATION_CONTEXT('2D SPACE',''
  ) );
#4053 = ORIENTED_EDGE('',*,*,#3778,.T.);
#4054 = ORIENTED_EDGE('',*,*,#4055,.T.);
#4055 = EDGE_CURVE('',#3781,#3389,#4056,.T.);
#4056 = SURFACE_CURVE('',#4057,(#4061,#4068),.PCURVE_S1.);
#4057 = LINE('',#4058,#4059);
#4058 = CARTESIAN_POINT('',(-13.5,-14.8,9.5));
#4059 = VECTOR('',#4060,1.);
#4060 = DIRECTION('',(0.,0.,1.));
#4061 = PCURVE('',#3403,#4062);
#4062 = DEFINITIONAL_REPRESENTATION('',(#4063),#4067);
#4063 = LINE('',#4064,#4065);
#4064 = CARTESIAN_POINT('',(0.,0.));
#4065 = VECTOR('',#4066,1.);
#4066 = DIRECTION('',(1.,0.));
#4067 = ( GEOMETRIC_REPRESENTATION_CONTEXT(2) 
PARAMETRIC_REPRESENTATION_CONTEXT() REPRESENTATION_CONTEXT('2D SPACE',''
  ) );
#4068 = PCURVE('',#3429,#4069);
#4069 = DEFINITIONAL_REPRESENTATION('',(#4070),#4074);
#4070 = LINE('',#4071,#4072);
#4071 = CARTESIAN_POINT('',(0.,0.));
#4072 = VECTOR('',#4073,1.);
#4073 = DIRECTION('',(1.,0.));
#4074 = ( GEOMETRIC_REPRESENTATION_CONTEXT(2) 
PARAMETRIC_REPRESENTATION_CONTEXT() REPRESENTATION_CONTEXT('2D SPACE',''
  ) );
#4075 = ORIENTED_EDGE('',*,*,#3386,.F.);
#4076 = ADVANCED_FACE('',(#4077),#3479,.F.);
#4077 = FACE_BOUND('',#4078,.F.);
#4078 = EDGE_LOOP('',(#4079,#4080,#4081,#4102));
#4079 = ORIENTED_EDGE('',*,*,#4033,.F.);
#4080 = ORIENTED_EDGE('',*,*,#3843,.T.);
#4081 = ORIENTED_EDGE('',*,*,#4082,.T.);
#4082 = EDGE_CURVE('',#3823,#3441,#4083,.T.);
#4083 = SURFACE_CURVE('',#4084,(#4088,#4095),.PCURVE_S1.);
#4084 = LINE('',#4085,#4086);
#4085 = CARTESIAN_POINT('',(13.5,14.8,9.5));
#4086 = VECTOR('',#4087,1.);
#4087 = DIRECTION('',(0.,0.,1.));
#4088 = PCURVE('',#3479,#4089);
#4089 = DEFINITIONAL_REPRESENTATION('',(#4090),#4094);
#4090 = LINE('',#4091,#4092);
#4091 = CARTESIAN_POINT('',(0.,-29.6));
#4092 = VECTOR('',#4093,1.);
#4093 = DIRECTION('',(1.,0.));
#4094 = ( GEOMETRIC_REPRESENTATION_CONTEXT(2) 
PARAMETRIC_REPRESENTATION_CONTEXT() REPRESENTATION_CONTEXT('2D SPACE',''
  ) );
#4095 = PCURVE('',#3455,#4096);
#4096 = DEFINITIONAL_REPRESENTATION('',(#4097),#4101);
#4097 = LINE('',#4098,#4099);
#4098 = CARTESIAN_POINT('',(0.,27.));
#4099 = VECTOR('',#4100,1.);
#4100 = DIRECTION('',(1.,0.));
#4101 = ( GEOMETRIC_REPRESENTATION_CONTEXT(2) 
PARAMETRIC_REPRESENTATION_CONTEXT() REPRESENTATION_CONTEXT('2D SPACE',''
  ) );
#4102 = ORIENTED_EDGE('',*,*,#3466,.F.);
#4103 = ADVANCED_FACE('',(#4104),#3429,.T.);
#4104 = FACE_BOUND('',#4105,.T.);
#4105 = EDGE_LOOP('',(#4106,#4107,#4108,#4129));
#4106 = ORIENTED_EDGE('',*,*,#4055,.F.);
#4107 = ORIENTED_EDGE('',*,*,#3801,.T.);
#4108 = ORIENTED_EDGE('',*,*,#4109,.T.);
#4109 = EDGE_CURVE('',#3802,#3415,#4110,.T.);
#4110 = SURFACE_CURVE('',#4111,(#4115,#4122),.PCURVE_S1.);
#4111 = LINE('',#4112,#4113);
#4112 = CARTESIAN_POINT('',(-13.5,14.8,9.5));
#4113 = VECTOR('',#4114,1.);
#4114 = DIRECTION('',(0.,0.,1.));
#4115 = PCURVE('',#3429,#4116);
#4116 = DEFINITIONAL_REPRESENTATION('',(#4117),#4121);
#4117 = LINE('',#4118,#4119);
#4118 = CARTESIAN_POINT('',(0.,-29.6));
#4119 = VECTOR('',#4120,1.);
#4120 = DIRECTION('',(1.,0.));
#4121 = ( GEOMETRIC_REPRESENTATION_CONTEXT(2) 
PARAMETRIC_REPRESENTATION_CONTEXT() REPRESENTATION_CONTEXT('2D SPACE',''
  ) );
#4122 = PCURVE('',#3455,#4123);
#4123 = DEFINITIONAL_REPRESENTATION('',(#4124),#4128);
#4124 = LINE('',#4125,#4126);
#4125 = CARTESIAN_POINT('',(0.,0.));
#4126 = VECTOR('',#4127,1.);
#4127 = DIRECTION('',(1.,0.));
#4128 = ( GEOMETRIC_REPRESENTATION_CONTEXT(2) 
PARAMETRIC_REPRESENTATION_CONTEXT() REPRESENTATION_CONTEXT('2D SPACE',''
  ) );
#4129 = ORIENTED_EDGE('',*,*,#3414,.F.);
#4130 = ADVANCED_FACE('',(#4131),#3455,.F.);
#4131 = FACE_BOUND('',#4132,.F.);
#4132 = EDGE_LOOP('',(#4133,#4134,#4135,#4136));
#4133 = ORIENTED_EDGE('',*,*,#4082,.F.);
#4134 = ORIENTED_EDGE('',*,*,#3822,.T.);
#4135 = ORIENTED_EDGE('',*,*,#4109,.T.);
#4136 = ORIENTED_EDGE('',*,*,#3440,.F.);
#4137 = ADVANCED_FACE('',(#4138),#3509,.F.);
#4138 = FACE_BOUND('',#4139,.F.);
#4139 = EDGE_LOOP('',(#4140,#4141,#4162,#4163));
#4140 = ORIENTED_EDGE('',*,*,#3492,.F.);
#4141 = ORIENTED_EDGE('',*,*,#4142,.F.);
#4142 = EDGE_CURVE('',#3865,#3493,#4143,.T.);
#4143 = SEAM_CURVE('',#4144,(#4148,#4155),.PCURVE_S1.);
#4144 = LINE('',#4145,#4146);
#4145 = CARTESIAN_POINT('',(1.1,17.4,9.25));
#4146 = VECTOR('',#4147,1.);
#4147 = DIRECTION('',(0.,0.,1.));
#4148 = PCURVE('',#3509,#4149);
#4149 = DEFINITIONAL_REPRESENTATION('',(#4150),#4154);
#4150 = LINE('',#4151,#4152);
#4151 = CARTESIAN_POINT('',(6.28318530718,-0.));
#4152 = VECTOR('',#4153,1.);
#4153 = DIRECTION('',(0.,1.));
#4154 = ( GEOMETRIC_REPRESENTATION_CONTEXT(2) 
PARAMETRIC_REPRESENTATION_CONTEXT() REPRESENTATION_CONTEXT('2D SPACE',''
  ) );
#4155 = PCURVE('',#3509,#4156);
#4156 = DEFINITIONAL_REPRESENTATION('',(#4157),#4161);
#4157 = LINE('',#4158,#4159);
#4158 = CARTESIAN_POINT('',(0.,-0.));
#4159 = VECTOR('',#4160,1.);
#4160 = DIRECTION('',(0.,1.));
#4161 = ( GEOMETRIC_REPRESENTATION_CONTEXT(2) 
PARAMETRIC_REPRESENTATION_CONTEXT() REPRESENTATION_CONTEXT('2D SPACE',''
  ) );
#4162 = ORIENTED_EDGE('',*,*,#3864,.T.);
#4163 = ORIENTED_EDGE('',*,*,#4142,.T.);
#4164 = ( GEOMETRIC_REPRESENTATION_CONTEXT(3) 
GLOBAL_UNCERTAINTY_ASSIGNED_CONTEXT((#4168)) 
GLOBAL_UNIT_ASSIGNED_CONTEXT((#4165,#4166,#4167)) REPRESENTATION_CONTEXT
('Context #1','3D Context with UNIT and UNCERTAINTY') );
#4165 = ( LENGTH_UNIT() NAMED_UNIT(*) SI_UNIT(.MILLI.,.METRE.) );
#4166 = ( NAMED_UNIT(*) PLANE_ANGLE_UNIT() SI_UNIT($,.RADIAN.) );
#4167 = ( NAMED_UNIT(*) SI_UNIT($,.STERADIAN.) SOLID_ANGLE_UNIT() );
#4168 = UNCERTAINTY_MEASURE_WITH_UNIT(LENGTH_MEASURE(1.E-07),#4165,
  'distance_accuracy_value','confusion accuracy');
#4169 = CONTEXT_DEPENDENT_SHAPE_REPRESENTATION(#4170,#4172);
#4170 = ( REPRESENTATION_RELATIONSHIP('','',#3029,#10) 
REPRESENTATION_RELATIONSHIP_WITH_TRANSFORMATION(#4171) 
SHAPE_REPRESENTATION_RELATIONSHIP() );
#4171 = ITEM_DEFINED_TRANSFORMATION('','',#11,#19);
#4172 = PRODUCT_DEFINITION_SHAPE('Placement','Placement of an item',
  #4173);
#4173 = NEXT_ASSEMBLY_USAGE_OCCURRENCE('9','=>[0:1:1:3]','',#5,#3024,$);
#4174 = PRODUCT_RELATED_PRODUCT_CATEGORY('part',$,(#3026));
#4175 = SHAPE_DEFINITION_REPRESENTATION(#4176,#4182);
#4176 = PRODUCT_DEFINITION_SHAPE('','',#4177);
#4177 = PRODUCT_DEFINITION('design','',#4178,#4181);
#4178 = PRODUCT_DEFINITION_FORMATION('','',#4179);
#4179 = PRODUCT('COMPOUND','COMPOUND','',(#4180));
#4180 = PRODUCT_CONTEXT('',#2,'mechanical');
#4181 = PRODUCT_DEFINITION_CONTEXT('part definition',#2,'design');
#4182 = ADVANCED_BREP_SHAPE_REPRESENTATION('',(#11,#4183),#5101);
#4183 = MANIFOLD_SOLID_BREP('',#4184);
#4184 = CLOSED_SHELL('',(#4185,#4305,#4598,#4648,#4702,#4905,#4932,#4959
    ,#4986,#5013,#5020,#5047,#5074));
#4185 = ADVANCED_FACE('',(#4186),#4200,.F.);
#4186 = FACE_BOUND('',#4187,.F.);
#4187 = EDGE_LOOP('',(#4188,#4223,#4251,#4279));
#4188 = ORIENTED_EDGE('',*,*,#4189,.F.);
#4189 = EDGE_CURVE('',#4190,#4192,#4194,.T.);
#4190 = VERTEX_POINT('',#4191);
#4191 = CARTESIAN_POINT('',(-15.,-17.,12.));
#4192 = VERTEX_POINT('',#4193);
#4193 = CARTESIAN_POINT('',(-15.,17.,12.));
#4194 = SURFACE_CURVE('',#4195,(#4199,#4211),.PCURVE_S1.);
#4195 = LINE('',#4196,#4197);
#4196 = CARTESIAN_POINT('',(-15.,-20.,12.));
#4197 = VECTOR('',#4198,1.);
#4198 = DIRECTION('',(-0.,1.,0.));
#4199 = PCURVE('',#4200,#4205);
#4200 = PLANE('',#4201);
#4201 = AXIS2_PLACEMENT_3D('',#4202,#4203,#4204);
#4202 = CARTESIAN_POINT('',(-15.,-20.,10.5));
#4203 = DIRECTION('',(1.,0.,-0.));
#4204 = DIRECTION('',(0.,0.,1.));
#4205 = DEFINITIONAL_REPRESENTATION('',(#4206),#4210);
#4206 = LINE('',#4207,#4208);
#4207 = CARTESIAN_POINT('',(1.5,0.));
#4208 = VECTOR('',#4209,1.);
#4209 = DIRECTION('',(0.,-1.));
#4210 = ( GEOMETRIC_REPRESENTATION_CONTEXT(2) 
PARAMETRIC_REPRESENTATION_CONTEXT() REPRESENTATION_CONTEXT('2D SPACE',''
  ) );
#4211 = PCURVE('',#4212,#4217);
#4212 = PLANE('',#4213);
#4213 = AXIS2_PLACEMENT_3D('',#4214,#4215,#4216);
#4214 = CARTESIAN_POINT('',(-15.,-20.,12.));
#4215 = DIRECTION('',(0.,0.,1.));
#4216 = DIRECTION('',(1.,0.,-0.));
#4217 = DEFINITIONAL_REPRESENTATION('',(#4218),#4222);
#4218 = LINE('',#4219,#4220);
#4219 = CARTESIAN_POINT('',(0.,0.));
#4220 = VECTOR('',#4221,1.);
#4221 = DIRECTION('',(0.,1.));
#4222 = ( GEOMETRIC_REPRESENTATION_CONTEXT(2) 
PARAMETRIC_REPRESENTATION_CONTEXT() REPRESENTATION_CONTEXT('2D SPACE',''
  ) );
#4223 = ORIENTED_EDGE('',*,*,#4224,.F.);
#4224 = EDGE_CURVE('',#4225,#4190,#4227,.T.);
#4225 = VERTEX_POINT('',#4226);
#4226 = CARTESIAN_POINT('',(-15.,-17.,10.5));
#4227 = SURFACE_CURVE('',#4228,(#4232,#4239),.PCURVE_S1.);
#4228 = LINE('',#4229,#4230);
#4229 = CARTESIAN_POINT('',(-15.,-17.,10.5));
#4230 = VECTOR('',#4231,1.);
#4231 = DIRECTION('',(0.,0.,1.));
#4232 = PCURVE('',#4200,#4233);
#4233 = DEFINITIONAL_REPRESENTATION('',(#4234),#4238);
#4234 = LINE('',#4235,#4236);
#4235 = CARTESIAN_POINT('',(0.,-3.));
#4236 = VECTOR('',#4237,1.);
#4237 = DIRECTION('',(1.,0.));
#4238 = ( GEOMETRIC_REPRESENTATION_CONTEXT(2) 
PARAMETRIC_REPRESENTATION_CONTEXT() REPRESENTATION_CONTEXT('2D SPACE',''
  ) );
#4239 = PCURVE('',#4240,#4245);
#4240 = CYLINDRICAL_SURFACE('',#4241,3.);
#4241 = AXIS2_PLACEMENT_3D('',#4242,#4243,#4244);
#4242 = CARTESIAN_POINT('',(-12.,-17.,10.5));
#4243 = DIRECTION('',(0.,0.,1.));
#4244 = DIRECTION('',(-1.,-0.,0.));
#4245 = DEFINITIONAL_REPRESENTATION('',(#4246),#4250);
#4246 = LINE('',#4247,#4248);
#4247 = CARTESIAN_POINT('',(0.,0.));
#4248 = VECTOR('',#4249,1.);
#4249 = DIRECTION('',(0.,1.));
#4250 = ( GEOMETRIC_REPRESENTATION_CONTEXT(2) 
PARAMETRIC_REPRESENTATION_CONTEXT() REPRESENTATION_CONTEXT('2D SPACE',''
  ) );
#4251 = ORIENTED_EDGE('',*,*,#4252,.T.);
#4252 = EDGE_CURVE('',#4225,#4253,#4255,.T.);
#4253 = VERTEX_POINT('',#4254);
#4254 = CARTESIAN_POINT('',(-15.,17.,10.5));
#4255 = SURFACE_CURVE('',#4256,(#4260,#4267),.PCURVE_S1.);
#4256 = LINE('',#4257,#4258);
#4257 = CARTESIAN_POINT('',(-15.,-20.,10.5));
#4258 = VECTOR('',#4259,1.);
#4259 = DIRECTION('',(-0.,1.,0.));
#4260 = PCURVE('',#4200,#4261);
#4261 = DEFINITIONAL_REPRESENTATION('',(#4262),#4266);
#4262 = LINE('',#4263,#4264);
#4263 = CARTESIAN_POINT('',(0.,0.));
#4264 = VECTOR('',#4265,1.);
#4265 = DIRECTION('',(0.,-1.));
#4266 = ( GEOMETRIC_REPRESENTATION_CONTEXT(2) 
PARAMETRIC_REPRESENTATION_CONTEXT() REPRESENTATION_CONTEXT('2D SPACE',''
  ) );
#4267 = PCURVE('',#4268,#4273);
#4268 = PLANE('',#4269);
#4269 = AXIS2_PLACEMENT_3D('',#4270,#4271,#4272);
#4270 = CARTESIAN_POINT('',(-15.,-20.,10.5));
#4271 = DIRECTION('',(0.,0.,1.));
#4272 = DIRECTION('',(1.,0.,-0.));
#4273 = DEFINITIONAL_REPRESENTATION('',(#4274),#4278);
#4274 = LINE('',#4275,#4276);
#4275 = CARTESIAN_POINT('',(0.,0.));
#4276 = VECTOR('',#4277,1.);
#4277 = DIRECTION('',(0.,1.));
#4278 = ( GEOMETRIC_REPRESENTATION_CONTEXT(2) 
PARAMETRIC_REPRESENTATION_CONTEXT() REPRESENTATION_CONTEXT('2D SPACE',''
  ) );
#4279 = ORIENTED_EDGE('',*,*,#4280,.T.);
#4280 = EDGE_CURVE('',#4253,#4192,#4281,.T.);
#4281 = SURFACE_CURVE('',#4282,(#4286,#4293),.PCURVE_S1.);
#4282 = LINE('',#4283,#4284);
#4283 = CARTESIAN_POINT('',(-15.,17.,10.5));
#4284 = VECTOR('',#4285,1.);
#4285 = DIRECTION('',(0.,0.,1.));
#4286 = PCURVE('',#4200,#4287);
#4287 = DEFINITIONAL_REPRESENTATION('',(#4288),#4292);
#4288 = LINE('',#4289,#4290);
#4289 = CARTESIAN_POINT('',(0.,-37.));
#4290 = VECTOR('',#4291,1.);
#4291 = DIRECTION('',(1.,0.));
#4292 = ( GEOMETRIC_REPRESENTATION_CONTEXT(2) 
PARAMETRIC_REPRESENTATION_CONTEXT() REPRESENTATION_CONTEXT('2D SPACE',''
  ) );
#4293 = PCURVE('',#4294,#4299);
#4294 = CYLINDRICAL_SURFACE('',#4295,3.);
#4295 = AXIS2_PLACEMENT_3D('',#4296,#4297,#4298);
#4296 = CARTESIAN_POINT('',(-12.,17.,10.5));
#4297 = DIRECTION('',(0.,0.,1.));
#4298 = DIRECTION('',(-1.,-0.,0.));
#4299 = DEFINITIONAL_REPRESENTATION('',(#4300),#4304);
#4300 = LINE('',#4301,#4302);
#4301 = CARTESIAN_POINT('',(-0.,0.));
#4302 = VECTOR('',#4303,1.);
#4303 = DIRECTION('',(-0.,1.));
#4304 = ( GEOMETRIC_REPRESENTATION_CONTEXT(2) 
PARAMETRIC_REPRESENTATION_CONTEXT() REPRESENTATION_CONTEXT('2D SPACE',''
  ) );
#4305 = ADVANCED_FACE('',(#4306,#4505,#4536,#4567),#4212,.T.);
#4306 = FACE_BOUND('',#4307,.T.);
#4307 = EDGE_LOOP('',(#4308,#4309,#4333,#4361,#4394,#4422,#4451,#4479));
#4308 = ORIENTED_EDGE('',*,*,#4189,.F.);
#4309 = ORIENTED_EDGE('',*,*,#4310,.T.);
#4310 = EDGE_CURVE('',#4190,#4311,#4313,.T.);
#4311 = VERTEX_POINT('',#4312);
#4312 = CARTESIAN_POINT('',(-12.,-20.,12.));
#4313 = SURFACE_CURVE('',#4314,(#4319,#4326),.PCURVE_S1.);
#4314 = CIRCLE('',#4315,3.);
#4315 = AXIS2_PLACEMENT_3D('',#4316,#4317,#4318);
#4316 = CARTESIAN_POINT('',(-12.,-17.,12.));
#4317 = DIRECTION('',(0.,0.,1.));
#4318 = DIRECTION('',(0.,-1.,0.));
#4319 = PCURVE('',#4212,#4320);
#4320 = DEFINITIONAL_REPRESENTATION('',(#4321),#4325);
#4321 = CIRCLE('',#4322,3.);
#4322 = AXIS2_PLACEMENT_2D('',#4323,#4324);
#4323 = CARTESIAN_POINT('',(3.,3.));
#4324 = DIRECTION('',(0.,-1.));
#4325 = ( GEOMETRIC_REPRESENTATION_CONTEXT(2) 
PARAMETRIC_REPRESENTATION_CONTEXT() REPRESENTATION_CONTEXT('2D SPACE',''
  ) );
#4326 = PCURVE('',#4240,#4327);
#4327 = DEFINITIONAL_REPRESENTATION('',(#4328),#4332);
#4328 = LINE('',#4329,#4330);
#4329 = CARTESIAN_POINT('',(-4.712388980385,1.5));
#4330 = VECTOR('',#4331,1.);
#4331 = DIRECTION('',(1.,0.));
#4332 = ( GEOMETRIC_REPRESENTATION_CONTEXT(2) 
PARAMETRIC_REPRESENTATION_CONTEXT() REPRESENTATION_CONTEXT('2D SPACE',''
  ) );
#4333 = ORIENTED_EDGE('',*,*,#4334,.T.);
#4334 = EDGE_CURVE('',#4311,#4335,#4337,.T.);
#4335 = VERTEX_POINT('',#4336);
#4336 = CARTESIAN_POINT('',(12.,-20.,12.));
#4337 = SURFACE_CURVE('',#4338,(#4342,#4349),.PCURVE_S1.);
#4338 = LINE('',#4339,#4340);
#4339 = CARTESIAN_POINT('',(-15.,-20.,12.));
#4340 = VECTOR('',#4341,1.);
#4341 = DIRECTION('',(1.,0.,-0.));
#4342 = PCURVE('',#4212,#4343);
#4343 = DEFINITIONAL_REPRESENTATION('',(#4344),#4348);
#4344 = LINE('',#4345,#4346);
#4345 = CARTESIAN_POINT('',(0.,0.));
#4346 = VECTOR('',#4347,1.);
#4347 = DIRECTION('',(1.,0.));
#4348 = ( GEOMETRIC_REPRESENTATION_CONTEXT(2) 
PARAMETRIC_REPRESENTATION_CONTEXT() REPRESENTATION_CONTEXT('2D SPACE',''
  ) );
#4349 = PCURVE('',#4350,#4355);
#4350 = PLANE('',#4351);
#4351 = AXIS2_PLACEMENT_3D('',#4352,#4353,#4354);
#4352 = CARTESIAN_POINT('',(-15.,-20.,10.5));
#4353 = DIRECTION('',(-0.,1.,0.));
#4354 = DIRECTION('',(0.,0.,1.));
#4355 = DEFINITIONAL_REPRESENTATION('',(#4356),#4360);
#4356 = LINE('',#4357,#4358);
#4357 = CARTESIAN_POINT('',(1.5,0.));
#4358 = VECTOR('',#4359,1.);
#4359 = DIRECTION('',(0.,1.));
#4360 = ( GEOMETRIC_REPRESENTATION_CONTEXT(2) 
PARAMETRIC_REPRESENTATION_CONTEXT() REPRESENTATION_CONTEXT('2D SPACE',''
  ) );
#4361 = ORIENTED_EDGE('',*,*,#4362,.F.);
#4362 = EDGE_CURVE('',#4363,#4335,#4365,.T.);
#4363 = VERTEX_POINT('',#4364);
#4364 = CARTESIAN_POINT('',(15.,-17.,12.));
#4365 = SURFACE_CURVE('',#4366,(#4371,#4382),.PCURVE_S1.);
#4366 = CIRCLE('',#4367,3.);
#4367 = AXIS2_PLACEMENT_3D('',#4368,#4369,#4370);
#4368 = CARTESIAN_POINT('',(12.,-17.,12.));
#4369 = DIRECTION('',(-0.,-0.,-1.));
#4370 = DIRECTION('',(0.,-1.,0.));
#4371 = PCURVE('',#4212,#4372);
#4372 = DEFINITIONAL_REPRESENTATION('',(#4373),#4381);
#4373 = ( BOUNDED_CURVE() B_SPLINE_CURVE(2,(#4374,#4375,#4376,#4377,
#4378,#4379,#4380),.UNSPECIFIED.,.T.,.F.) B_SPLINE_CURVE_WITH_KNOTS((1,2
    ,2,2,2,1),(-2.094395102393,0.,2.094395102393,4.188790204786,
6.28318530718,8.377580409573),.UNSPECIFIED.) CURVE() 
GEOMETRIC_REPRESENTATION_ITEM() RATIONAL_B_SPLINE_CURVE((1.,0.5,1.,0.5,
1.,0.5,1.)) REPRESENTATION_ITEM('') );
#4374 = CARTESIAN_POINT('',(27.,0.));
#4375 = CARTESIAN_POINT('',(21.803847577293,0.));
#4376 = CARTESIAN_POINT('',(24.401923788647,4.5));
#4377 = CARTESIAN_POINT('',(27.,9.));
#4378 = CARTESIAN_POINT('',(29.598076211353,4.5));
#4379 = CARTESIAN_POINT('',(32.196152422707,4.440892098501E-15));
#4380 = CARTESIAN_POINT('',(27.,0.));
#4381 = ( GEOMETRIC_REPRESENTATION_CONTEXT(2) 
PARAMETRIC_REPRESENTATION_CONTEXT() REPRESENTATION_CONTEXT('2D SPACE',''
  ) );
#4382 = PCURVE('',#4383,#4388);
#4383 = CYLINDRICAL_SURFACE('',#4384,3.);
#4384 = AXIS2_PLACEMENT_3D('',#4385,#4386,#4387);
#4385 = CARTESIAN_POINT('',(12.,-17.,10.5));
#4386 = DIRECTION('',(0.,0.,1.));
#4387 = DIRECTION('',(1.,0.,-0.));
#4388 = DEFINITIONAL_REPRESENTATION('',(#4389),#4393);
#4389 = LINE('',#4390,#4391);
#4390 = CARTESIAN_POINT('',(4.712388980385,1.5));
#4391 = VECTOR('',#4392,1.);
#4392 = DIRECTION('',(-1.,0.));
#4393 = ( GEOMETRIC_REPRESENTATION_CONTEXT(2) 
PARAMETRIC_REPRESENTATION_CONTEXT() REPRESENTATION_CONTEXT('2D SPACE',''
  ) );
#4394 = ORIENTED_EDGE('',*,*,#4395,.T.);
#4395 = EDGE_CURVE('',#4363,#4396,#4398,.T.);
#4396 = VERTEX_POINT('',#4397);
#4397 = CARTESIAN_POINT('',(15.,17.,12.));
#4398 = SURFACE_CURVE('',#4399,(#4403,#4410),.PCURVE_S1.);
#4399 = LINE('',#4400,#4401);
#4400 = CARTESIAN_POINT('',(15.,-20.,12.));
#4401 = VECTOR('',#4402,1.);
#4402 = DIRECTION('',(-0.,1.,0.));
#4403 = PCURVE('',#4212,#4404);
#4404 = DEFINITIONAL_REPRESENTATION('',(#4405),#4409);
#4405 = LINE('',#4406,#4407);
#4406 = CARTESIAN_POINT('',(30.,0.));
#4407 = VECTOR('',#4408,1.);
#4408 = DIRECTION('',(0.,1.));
#4409 = ( GEOMETRIC_REPRESENTATION_CONTEXT(2) 
PARAMETRIC_REPRESENTATION_CONTEXT() REPRESENTATION_CONTEXT('2D SPACE',''
  ) );
#4410 = PCURVE('',#4411,#4416);
#4411 = PLANE('',#4412);
#4412 = AXIS2_PLACEMENT_3D('',#4413,#4414,#4415);
#4413 = CARTESIAN_POINT('',(15.,-20.,10.5));
#4414 = DIRECTION('',(1.,0.,-0.));
#4415 = DIRECTION('',(0.,0.,1.));
#4416 = DEFINITIONAL_REPRESENTATION('',(#4417),#4421);
#4417 = LINE('',#4418,#4419);
#4418 = CARTESIAN_POINT('',(1.5,0.));
#4419 = VECTOR('',#4420,1.);
#4420 = DIRECTION('',(0.,-1.));
#4421 = ( GEOMETRIC_REPRESENTATION_CONTEXT(2) 
PARAMETRIC_REPRESENTATION_CONTEXT() REPRESENTATION_CONTEXT('2D SPACE',''
  ) );
#4422 = ORIENTED_EDGE('',*,*,#4423,.T.);
#4423 = EDGE_CURVE('',#4396,#4424,#4426,.T.);
#4424 = VERTEX_POINT('',#4425);
#4425 = CARTESIAN_POINT('',(12.,20.,12.));
#4426 = SURFACE_CURVE('',#4427,(#4432,#4439),.PCURVE_S1.);
#4427 = CIRCLE('',#4428,3.);
#4428 = AXIS2_PLACEMENT_3D('',#4429,#4430,#4431);
#4429 = CARTESIAN_POINT('',(12.,17.,12.));
#4430 = DIRECTION('',(0.,0.,1.));
#4431 = DIRECTION('',(0.,-1.,0.));
#4432 = PCURVE('',#4212,#4433);
#4433 = DEFINITIONAL_REPRESENTATION('',(#4434),#4438);
#4434 = CIRCLE('',#4435,3.);
#4435 = AXIS2_PLACEMENT_2D('',#4436,#4437);
#4436 = CARTESIAN_POINT('',(27.,37.));
#4437 = DIRECTION('',(0.,-1.));
#4438 = ( GEOMETRIC_REPRESENTATION_CONTEXT(2) 
PARAMETRIC_REPRESENTATION_CONTEXT() REPRESENTATION_CONTEXT('2D SPACE',''
  ) );
#4439 = PCURVE('',#4440,#4445);
#4440 = CYLINDRICAL_SURFACE('',#4441,3.);
#4441 = AXIS2_PLACEMENT_3D('',#4442,#4443,#4444);
#4442 = CARTESIAN_POINT('',(12.,17.,10.5));
#4443 = DIRECTION('',(0.,0.,1.));
#4444 = DIRECTION('',(1.,0.,-0.));
#4445 = DEFINITIONAL_REPRESENTATION('',(#4446),#4450);
#4446 = LINE('',#4447,#4448);
#4447 = CARTESIAN_POINT('',(-1.570796326795,1.5));
#4448 = VECTOR('',#4449,1.);
#4449 = DIRECTION('',(1.,0.));
#4450 = ( GEOMETRIC_REPRESENTATION_CONTEXT(2) 
PARAMETRIC_REPRESENTATION_CONTEXT() REPRESENTATION_CONTEXT('2D SPACE',''
  ) );
#4451 = ORIENTED_EDGE('',*,*,#4452,.F.);
#4452 = EDGE_CURVE('',#4453,#4424,#4455,.T.);
#4453 = VERTEX_POINT('',#4454);
#4454 = CARTESIAN_POINT('',(-12.,20.,12.));
#4455 = SURFACE_CURVE('',#4456,(#4460,#4467),.PCURVE_S1.);
#4456 = LINE('',#4457,#4458);
#4457 = CARTESIAN_POINT('',(-15.,20.,12.));
#4458 = VECTOR('',#4459,1.);
#4459 = DIRECTION('',(1.,0.,-0.));
#4460 = PCURVE('',#4212,#4461);
#4461 = DEFINITIONAL_REPRESENTATION('',(#4462),#4466);
#4462 = LINE('',#4463,#4464);
#4463 = CARTESIAN_POINT('',(0.,40.));
#4464 = VECTOR('',#4465,1.);
#4465 = DIRECTION('',(1.,0.));
#4466 = ( GEOMETRIC_REPRESENTATION_CONTEXT(2) 
PARAMETRIC_REPRESENTATION_CONTEXT() REPRESENTATION_CONTEXT('2D SPACE',''
  ) );
#4467 = PCURVE('',#4468,#4473);
#4468 = PLANE('',#4469);
#4469 = AXIS2_PLACEMENT_3D('',#4470,#4471,#4472);
#4470 = CARTESIAN_POINT('',(-15.,20.,10.5));
#4471 = DIRECTION('',(-0.,1.,0.));
#4472 = DIRECTION('',(0.,0.,1.));
#4473 = DEFINITIONAL_REPRESENTATION('',(#4474),#4478);
#4474 = LINE('',#4475,#4476);
#4475 = CARTESIAN_POINT('',(1.5,0.));
#4476 = VECTOR('',#4477,1.);
#4477 = DIRECTION('',(0.,1.));
#4478 = ( GEOMETRIC_REPRESENTATION_CONTEXT(2) 
PARAMETRIC_REPRESENTATION_CONTEXT() REPRESENTATION_CONTEXT('2D SPACE',''
  ) );
#4479 = ORIENTED_EDGE('',*,*,#4480,.F.);
#4480 = EDGE_CURVE('',#4192,#4453,#4481,.T.);
#4481 = SURFACE_CURVE('',#4482,(#4487,#4498),.PCURVE_S1.);
#4482 = CIRCLE('',#4483,3.);
#4483 = AXIS2_PLACEMENT_3D('',#4484,#4485,#4486);
#4484 = CARTESIAN_POINT('',(-12.,17.,12.));
#4485 = DIRECTION('',(-0.,-0.,-1.));
#4486 = DIRECTION('',(0.,-1.,0.));
#4487 = PCURVE('',#4212,#4488);
#4488 = DEFINITIONAL_REPRESENTATION('',(#4489),#4497);
#4489 = ( BOUNDED_CURVE() B_SPLINE_CURVE(2,(#4490,#4491,#4492,#4493,
#4494,#4495,#4496),.UNSPECIFIED.,.T.,.F.) B_SPLINE_CURVE_WITH_KNOTS((1,2
    ,2,2,2,1),(-2.094395102393,0.,2.094395102393,4.188790204786,
6.28318530718,8.377580409573),.UNSPECIFIED.) CURVE() 
GEOMETRIC_REPRESENTATION_ITEM() RATIONAL_B_SPLINE_CURVE((1.,0.5,1.,0.5,
1.,0.5,1.)) REPRESENTATION_ITEM('') );
#4490 = CARTESIAN_POINT('',(3.,34.));
#4491 = CARTESIAN_POINT('',(-2.196152422707,34.));
#4492 = CARTESIAN_POINT('',(0.401923788647,38.5));
#4493 = CARTESIAN_POINT('',(3.,43.));
#4494 = CARTESIAN_POINT('',(5.598076211353,38.5));
#4495 = CARTESIAN_POINT('',(8.196152422707,34.));
#4496 = CARTESIAN_POINT('',(3.,34.));
#4497 = ( GEOMETRIC_REPRESENTATION_CONTEXT(2) 
PARAMETRIC_REPRESENTATION_CONTEXT() REPRESENTATION_CONTEXT('2D SPACE',''
  ) );
#4498 = PCURVE('',#4294,#4499);
#4499 = DEFINITIONAL_REPRESENTATION('',(#4500),#4504);
#4500 = LINE('',#4501,#4502);
#4501 = CARTESIAN_POINT('',(1.570796326795,1.5));
#4502 = VECTOR('',#4503,1.);
#4503 = DIRECTION('',(-1.,0.));
#4504 = ( GEOMETRIC_REPRESENTATION_CONTEXT(2) 
PARAMETRIC_REPRESENTATION_CONTEXT() REPRESENTATION_CONTEXT('2D SPACE',''
  ) );
#4505 = FACE_BOUND('',#4506,.T.);
#4506 = EDGE_LOOP('',(#4507));
#4507 = ORIENTED_EDGE('',*,*,#4508,.F.);
#4508 = EDGE_CURVE('',#4509,#4509,#4511,.T.);
#4509 = VERTEX_POINT('',#4510);
#4510 = CARTESIAN_POINT('',(1.1,-17.4,12.));
#4511 = SURFACE_CURVE('',#4512,(#4517,#4524),.PCURVE_S1.);
#4512 = CIRCLE('',#4513,1.1);
#4513 = AXIS2_PLACEMENT_3D('',#4514,#4515,#4516);
#4514 = CARTESIAN_POINT('',(0.,-17.4,12.));
#4515 = DIRECTION('',(0.,0.,1.));
#4516 = DIRECTION('',(1.,0.,-0.));
#4517 = PCURVE('',#4212,#4518);
#4518 = DEFINITIONAL_REPRESENTATION('',(#4519),#4523);
#4519 = CIRCLE('',#4520,1.1);
#4520 = AXIS2_PLACEMENT_2D('',#4521,#4522);
#4521 = CARTESIAN_POINT('',(15.,2.6));
#4522 = DIRECTION('',(1.,0.));
#4523 = ( GEOMETRIC_REPRESENTATION_CONTEXT(2) 
PARAMETRIC_REPRESENTATION_CONTEXT() REPRESENTATION_CONTEXT('2D SPACE',''
  ) );
#4524 = PCURVE('',#4525,#4530);
#4525 = CYLINDRICAL_SURFACE('',#4526,1.1);
#4526 = AXIS2_PLACEMENT_3D('',#4527,#4528,#4529);
#4527 = CARTESIAN_POINT('',(0.,-17.4,10.));
#4528 = DIRECTION('',(0.,0.,1.));
#4529 = DIRECTION('',(1.,0.,-0.));
#4530 = DEFINITIONAL_REPRESENTATION('',(#4531),#4535);
#4531 = LINE('',#4532,#4533);
#4532 = CARTESIAN_POINT('',(0.,2.));
#4533 = VECTOR('',#4534,1.);
#4534 = DIRECTION('',(1.,0.));
#4535 = ( GEOMETRIC_REPRESENTATION_CONTEXT(2) 
PARAMETRIC_REPRESENTATION_CONTEXT() REPRESENTATION_CONTEXT('2D SPACE',''
  ) );
#4536 = FACE_BOUND('',#4537,.T.);
#4537 = EDGE_LOOP('',(#4538));
#4538 = ORIENTED_EDGE('',*,*,#4539,.F.);
#4539 = EDGE_CURVE('',#4540,#4540,#4542,.T.);
#4540 = VERTEX_POINT('',#4541);
#4541 = CARTESIAN_POINT('',(1.,-6.5,12.));
#4542 = SURFACE_CURVE('',#4543,(#4548,#4555),.PCURVE_S1.);
#4543 = CIRCLE('',#4544,1.);
#4544 = AXIS2_PLACEMENT_3D('',#4545,#4546,#4547);
#4545 = CARTESIAN_POINT('',(0.,-6.5,12.));
#4546 = DIRECTION('',(0.,0.,1.));
#4547 = DIRECTION('',(1.,0.,-0.));
#4548 = PCURVE('',#4212,#4549);
#4549 = DEFINITIONAL_REPRESENTATION('',(#4550),#4554);
#4550 = CIRCLE('',#4551,1.);
#4551 = AXIS2_PLACEMENT_2D('',#4552,#4553);
#4552 = CARTESIAN_POINT('',(15.,13.5));
#4553 = DIRECTION('',(1.,0.));
#4554 = ( GEOMETRIC_REPRESENTATION_CONTEXT(2) 
PARAMETRIC_REPRESENTATION_CONTEXT() REPRESENTATION_CONTEXT('2D SPACE',''
  ) );
#4555 = PCURVE('',#4556,#4561);
#4556 = CYLINDRICAL_SURFACE('',#4557,1.);
#4557 = AXIS2_PLACEMENT_3D('',#4558,#4559,#4560);
#4558 = CARTESIAN_POINT('',(0.,-6.5,10.));
#4559 = DIRECTION('',(0.,0.,1.));
#4560 = DIRECTION('',(1.,0.,-0.));
#4561 = DEFINITIONAL_REPRESENTATION('',(#4562),#4566);
#4562 = LINE('',#4563,#4564);
#4563 = CARTESIAN_POINT('',(0.,2.));
#4564 = VECTOR('',#4565,1.);
#4565 = DIRECTION('',(1.,0.));
#4566 = ( GEOMETRIC_REPRESENTATION_CONTEXT(2) 
PARAMETRIC_REPRESENTATION_CONTEXT() REPRESENTATION_CONTEXT('2D SPACE',''
  ) );
#4567 = FACE_BOUND('',#4568,.T.);
#4568 = EDGE_LOOP('',(#4569));
#4569 = ORIENTED_EDGE('',*,*,#4570,.F.);
#4570 = EDGE_CURVE('',#4571,#4571,#4573,.T.);
#4571 = VERTEX_POINT('',#4572);
#4572 = CARTESIAN_POINT('',(1.1,17.4,12.));
#4573 = SURFACE_CURVE('',#4574,(#4579,#4586),.PCURVE_S1.);
#4574 = CIRCLE('',#4575,1.1);
#4575 = AXIS2_PLACEMENT_3D('',#4576,#4577,#4578);
#4576 = CARTESIAN_POINT('',(0.,17.4,12.));
#4577 = DIRECTION('',(0.,0.,1.));
#4578 = DIRECTION('',(1.,0.,-0.));
#4579 = PCURVE('',#4212,#4580);
#4580 = DEFINITIONAL_REPRESENTATION('',(#4581),#4585);
#4581 = CIRCLE('',#4582,1.1);
#4582 = AXIS2_PLACEMENT_2D('',#4583,#4584);
#4583 = CARTESIAN_POINT('',(15.,37.4));
#4584 = DIRECTION('',(1.,0.));
#4585 = ( GEOMETRIC_REPRESENTATION_CONTEXT(2) 
PARAMETRIC_REPRESENTATION_CONTEXT() REPRESENTATION_CONTEXT('2D SPACE',''
  ) );
#4586 = PCURVE('',#4587,#4592);
#4587 = CYLINDRICAL_SURFACE('',#4588,1.1);
#4588 = AXIS2_PLACEMENT_3D('',#4589,#4590,#4591);
#4589 = CARTESIAN_POINT('',(0.,17.4,10.));
#4590 = DIRECTION('',(0.,0.,1.));
#4591 = DIRECTION('',(1.,0.,-0.));
#4592 = DEFINITIONAL_REPRESENTATION('',(#4593),#4597);
#4593 = LINE('',#4594,#4595);
#4594 = CARTESIAN_POINT('',(0.,2.));
#4595 = VECTOR('',#4596,1.);
#4596 = DIRECTION('',(1.,0.));
#4597 = ( GEOMETRIC_REPRESENTATION_CONTEXT(2) 
PARAMETRIC_REPRESENTATION_CONTEXT() REPRESENTATION_CONTEXT('2D SPACE',''
  ) );
#4598 = ADVANCED_FACE('',(#4599),#4240,.T.);
#4599 = FACE_BOUND('',#4600,.T.);
#4600 = EDGE_LOOP('',(#4601,#4625,#4646,#4647));
#4601 = ORIENTED_EDGE('',*,*,#4602,.T.);
#4602 = EDGE_CURVE('',#4225,#4603,#4605,.T.);
#4603 = VERTEX_POINT('',#4604);
#4604 = CARTESIAN_POINT('',(-12.,-20.,10.5));
#4605 = SURFACE_CURVE('',#4606,(#4611,#4618),.PCURVE_S1.);
#4606 = CIRCLE('',#4607,3.);
#4607 = AXIS2_PLACEMENT_3D('',#4608,#4609,#4610);
#4608 = CARTESIAN_POINT('',(-12.,-17.,10.5));
#4609 = DIRECTION('',(0.,0.,1.));
#4610 = DIRECTION('',(0.,-1.,0.));
#4611 = PCURVE('',#4240,#4612);
#4612 = DEFINITIONAL_REPRESENTATION('',(#4613),#4617);
#4613 = LINE('',#4614,#4615);
#4614 = CARTESIAN_POINT('',(-4.712388980385,0.));
#4615 = VECTOR('',#4616,1.);
#4616 = DIRECTION('',(1.,0.));
#4617 = ( GEOMETRIC_REPRESENTATION_CONTEXT(2) 
PARAMETRIC_REPRESENTATION_CONTEXT() REPRESENTATION_CONTEXT('2D SPACE',''
  ) );
#4618 = PCURVE('',#4268,#4619);
#4619 = DEFINITIONAL_REPRESENTATION('',(#4620),#4624);
#4620 = CIRCLE('',#4621,3.);
#4621 = AXIS2_PLACEMENT_2D('',#4622,#4623);
#4622 = CARTESIAN_POINT('',(3.,3.));
#4623 = DIRECTION('',(0.,-1.));
#4624 = ( GEOMETRIC_REPRESENTATION_CONTEXT(2) 
PARAMETRIC_REPRESENTATION_CONTEXT() REPRESENTATION_CONTEXT('2D SPACE',''
  ) );
#4625 = ORIENTED_EDGE('',*,*,#4626,.T.);
#4626 = EDGE_CURVE('',#4603,#4311,#4627,.T.);
#4627 = SURFACE_CURVE('',#4628,(#4632,#4639),.PCURVE_S1.);
#4628 = LINE('',#4629,#4630);
#4629 = CARTESIAN_POINT('',(-12.,-20.,10.5));
#4630 = VECTOR('',#4631,1.);
#4631 = DIRECTION('',(0.,0.,1.));
#4632 = PCURVE('',#4240,#4633);
#4633 = DEFINITIONAL_REPRESENTATION('',(#4634),#4638);
#4634 = LINE('',#4635,#4636);
#4635 = CARTESIAN_POINT('',(1.570796326795,0.));
#4636 = VECTOR('',#4637,1.);
#4637 = DIRECTION('',(0.,1.));
#4638 = ( GEOMETRIC_REPRESENTATION_CONTEXT(2) 
PARAMETRIC_REPRESENTATION_CONTEXT() REPRESENTATION_CONTEXT('2D SPACE',''
  ) );
#4639 = PCURVE('',#4350,#4640);
#4640 = DEFINITIONAL_REPRESENTATION('',(#4641),#4645);
#4641 = LINE('',#4642,#4643);
#4642 = CARTESIAN_POINT('',(0.,3.));
#4643 = VECTOR('',#4644,1.);
#4644 = DIRECTION('',(1.,0.));
#4645 = ( GEOMETRIC_REPRESENTATION_CONTEXT(2) 
PARAMETRIC_REPRESENTATION_CONTEXT() REPRESENTATION_CONTEXT('2D SPACE',''
  ) );
#4646 = ORIENTED_EDGE('',*,*,#4310,.F.);
#4647 = ORIENTED_EDGE('',*,*,#4224,.F.);
#4648 = ADVANCED_FACE('',(#4649),#4294,.T.);
#4649 = FACE_BOUND('',#4650,.F.);
#4650 = EDGE_LOOP('',(#4651,#4679,#4700,#4701));
#4651 = ORIENTED_EDGE('',*,*,#4652,.T.);
#4652 = EDGE_CURVE('',#4253,#4653,#4655,.T.);
#4653 = VERTEX_POINT('',#4654);
#4654 = CARTESIAN_POINT('',(-12.,20.,10.5));
#4655 = SURFACE_CURVE('',#4656,(#4661,#4668),.PCURVE_S1.);
#4656 = CIRCLE('',#4657,3.);
#4657 = AXIS2_PLACEMENT_3D('',#4658,#4659,#4660);
#4658 = CARTESIAN_POINT('',(-12.,17.,10.5));
#4659 = DIRECTION('',(-0.,-0.,-1.));
#4660 = DIRECTION('',(0.,-1.,0.));
#4661 = PCURVE('',#4294,#4662);
#4662 = DEFINITIONAL_REPRESENTATION('',(#4663),#4667);
#4663 = LINE('',#4664,#4665);
#4664 = CARTESIAN_POINT('',(1.570796326795,-0.));
#4665 = VECTOR('',#4666,1.);
#4666 = DIRECTION('',(-1.,0.));
#4667 = ( GEOMETRIC_REPRESENTATION_CONTEXT(2) 
PARAMETRIC_REPRESENTATION_CONTEXT() REPRESENTATION_CONTEXT('2D SPACE',''
  ) );
#4668 = PCURVE('',#4268,#4669);
#4669 = DEFINITIONAL_REPRESENTATION('',(#4670),#4678);
#4670 = ( BOUNDED_CURVE() B_SPLINE_CURVE(2,(#4671,#4672,#4673,#4674,
#4675,#4676,#4677),.UNSPECIFIED.,.T.,.F.) B_SPLINE_CURVE_WITH_KNOTS((1,2
    ,2,2,2,1),(-2.094395102393,0.,2.094395102393,4.188790204786,
6.28318530718,8.377580409573),.UNSPECIFIED.) CURVE() 
GEOMETRIC_REPRESENTATION_ITEM() RATIONAL_B_SPLINE_CURVE((1.,0.5,1.,0.5,
1.,0.5,1.)) REPRESENTATION_ITEM('') );
#4671 = CARTESIAN_POINT('',(3.,34.));
#4672 = CARTESIAN_POINT('',(-2.196152422707,34.));
#4673 = CARTESIAN_POINT('',(0.401923788647,38.5));
#4674 = CARTESIAN_POINT('',(3.,43.));
#4675 = CARTESIAN_POINT('',(5.598076211353,38.5));
#4676 = CARTESIAN_POINT('',(8.196152422707,34.));
#4677 = CARTESIAN_POINT('',(3.,34.));
#4678 = ( GEOMETRIC_REPRESENTATION_CONTEXT(2) 
PARAMETRIC_REPRESENTATION_CONTEXT() REPRESENTATION_CONTEXT('2D SPACE',''
  ) );
#4679 = ORIENTED_EDGE('',*,*,#4680,.T.);
#4680 = EDGE_CURVE('',#4653,#4453,#4681,.T.);
#4681 = SURFACE_CURVE('',#4682,(#4686,#4693),.PCURVE_S1.);
#4682 = LINE('',#4683,#4684);
#4683 = CARTESIAN_POINT('',(-12.,20.,10.5));
#4684 = VECTOR('',#4685,1.);
#4685 = DIRECTION('',(0.,0.,1.));
#4686 = PCURVE('',#4294,#4687);
#4687 = DEFINITIONAL_REPRESENTATION('',(#4688),#4692);
#4688 = LINE('',#4689,#4690);
#4689 = CARTESIAN_POINT('',(-1.570796326795,0.));
#4690 = VECTOR('',#4691,1.);
#4691 = DIRECTION('',(-0.,1.));
#4692 = ( GEOMETRIC_REPRESENTATION_CONTEXT(2) 
PARAMETRIC_REPRESENTATION_CONTEXT() REPRESENTATION_CONTEXT('2D SPACE',''
  ) );
#4693 = PCURVE('',#4468,#4694);
#4694 = DEFINITIONAL_REPRESENTATION('',(#4695),#4699);
#4695 = LINE('',#4696,#4697);
#4696 = CARTESIAN_POINT('',(0.,3.));
#4697 = VECTOR('',#4698,1.);
#4698 = DIRECTION('',(1.,0.));
#4699 = ( GEOMETRIC_REPRESENTATION_CONTEXT(2) 
PARAMETRIC_REPRESENTATION_CONTEXT() REPRESENTATION_CONTEXT('2D SPACE',''
  ) );
#4700 = ORIENTED_EDGE('',*,*,#4480,.F.);
#4701 = ORIENTED_EDGE('',*,*,#4280,.F.);
#4702 = ADVANCED_FACE('',(#4703,#4827,#4853,#4879),#4268,.F.);
#4703 = FACE_BOUND('',#4704,.F.);
#4704 = EDGE_LOOP('',(#4705,#4706,#4707,#4730,#4758,#4781,#4805,#4826));
#4705 = ORIENTED_EDGE('',*,*,#4252,.F.);
#4706 = ORIENTED_EDGE('',*,*,#4602,.T.);
#4707 = ORIENTED_EDGE('',*,*,#4708,.T.);
#4708 = EDGE_CURVE('',#4603,#4709,#4711,.T.);
#4709 = VERTEX_POINT('',#4710);
#4710 = CARTESIAN_POINT('',(12.,-20.,10.5));
#4711 = SURFACE_CURVE('',#4712,(#4716,#4723),.PCURVE_S1.);
#4712 = LINE('',#4713,#4714);
#4713 = CARTESIAN_POINT('',(-15.,-20.,10.5));
#4714 = VECTOR('',#4715,1.);
#4715 = DIRECTION('',(1.,0.,-0.));
#4716 = PCURVE('',#4268,#4717);
#4717 = DEFINITIONAL_REPRESENTATION('',(#4718),#4722);
#4718 = LINE('',#4719,#4720);
#4719 = CARTESIAN_POINT('',(0.,0.));
#4720 = VECTOR('',#4721,1.);
#4721 = DIRECTION('',(1.,0.));
#4722 = ( GEOMETRIC_REPRESENTATION_CONTEXT(2) 
PARAMETRIC_REPRESENTATION_CONTEXT() REPRESENTATION_CONTEXT('2D SPACE',''
  ) );
#4723 = PCURVE('',#4350,#4724);
#4724 = DEFINITIONAL_REPRESENTATION('',(#4725),#4729);
#4725 = LINE('',#4726,#4727);
#4726 = CARTESIAN_POINT('',(0.,0.));
#4727 = VECTOR('',#4728,1.);
#4728 = DIRECTION('',(0.,1.));
#4729 = ( GEOMETRIC_REPRESENTATION_CONTEXT(2) 
PARAMETRIC_REPRESENTATION_CONTEXT() REPRESENTATION_CONTEXT('2D SPACE',''
  ) );
#4730 = ORIENTED_EDGE('',*,*,#4731,.F.);
#4731 = EDGE_CURVE('',#4732,#4709,#4734,.T.);
#4732 = VERTEX_POINT('',#4733);
#4733 = CARTESIAN_POINT('',(15.,-17.,10.5));
#4734 = SURFACE_CURVE('',#4735,(#4740,#4751),.PCURVE_S1.);
#4735 = CIRCLE('',#4736,3.);
#4736 = AXIS2_PLACEMENT_3D('',#4737,#4738,#4739);
#4737 = CARTESIAN_POINT('',(12.,-17.,10.5));
#4738 = DIRECTION('',(-0.,-0.,-1.));
#4739 = DIRECTION('',(0.,-1.,0.));
#4740 = PCURVE('',#4268,#4741);
#4741 = DEFINITIONAL_REPRESENTATION('',(#4742),#4750);
#4742 = ( BOUNDED_CURVE() B_SPLINE_CURVE(2,(#4743,#4744,#4745,#4746,
#4747,#4748,#4749),.UNSPECIFIED.,.T.,.F.) B_SPLINE_CURVE_WITH_KNOTS((1,2
    ,2,2,2,1),(-2.094395102393,0.,2.094395102393,4.188790204786,
6.28318530718,8.377580409573),.UNSPECIFIED.) CURVE() 
GEOMETRIC_REPRESENTATION_ITEM() RATIONAL_B_SPLINE_CURVE((1.,0.5,1.,0.5,
1.,0.5,1.)) REPRESENTATION_ITEM('') );
#4743 = CARTESIAN_POINT('',(27.,0.));
#4744 = CARTESIAN_POINT('',(21.803847577293,0.));
#4745 = CARTESIAN_POINT('',(24.401923788647,4.5));
#4746 = CARTESIAN_POINT('',(27.,9.));
#4747 = CARTESIAN_POINT('',(29.598076211353,4.5));
#4748 = CARTESIAN_POINT('',(32.196152422707,4.440892098501E-15));
#4749 = CARTESIAN_POINT('',(27.,0.));
#4750 = ( GEOMETRIC_REPRESENTATION_CONTEXT(2) 
PARAMETRIC_REPRESENTATION_CONTEXT() REPRESENTATION_CONTEXT('2D SPACE',''
  ) );
#4751 = PCURVE('',#4383,#4752);
#4752 = DEFINITIONAL_REPRESENTATION('',(#4753),#4757);
#4753 = LINE('',#4754,#4755);
#4754 = CARTESIAN_POINT('',(4.712388980385,-0.));
#4755 = VECTOR('',#4756,1.);
#4756 = DIRECTION('',(-1.,0.));
#4757 = ( GEOMETRIC_REPRESENTATION_CONTEXT(2) 
PARAMETRIC_REPRESENTATION_CONTEXT() REPRESENTATION_CONTEXT('2D SPACE',''
  ) );
#4758 = ORIENTED_EDGE('',*,*,#4759,.T.);
#4759 = EDGE_CURVE('',#4732,#4760,#4762,.T.);
#4760 = VERTEX_POINT('',#4761);
#4761 = CARTESIAN_POINT('',(15.,17.,10.5));
#4762 = SURFACE_CURVE('',#4763,(#4767,#4774),.PCURVE_S1.);
#4763 = LINE('',#4764,#4765);
#4764 = CARTESIAN_POINT('',(15.,-20.,10.5));
#4765 = VECTOR('',#4766,1.);
#4766 = DIRECTION('',(-0.,1.,0.));
#4767 = PCURVE('',#4268,#4768);
#4768 = DEFINITIONAL_REPRESENTATION('',(#4769),#4773);
#4769 = LINE('',#4770,#4771);
#4770 = CARTESIAN_POINT('',(30.,0.));
#4771 = VECTOR('',#4772,1.);
#4772 = DIRECTION('',(0.,1.));
#4773 = ( GEOMETRIC_REPRESENTATION_CONTEXT(2) 
PARAMETRIC_REPRESENTATION_CONTEXT() REPRESENTATION_CONTEXT('2D SPACE',''
  ) );
#4774 = PCURVE('',#4411,#4775);
#4775 = DEFINITIONAL_REPRESENTATION('',(#4776),#4780);
#4776 = LINE('',#4777,#4778);
#4777 = CARTESIAN_POINT('',(0.,0.));
#4778 = VECTOR('',#4779,1.);
#4779 = DIRECTION('',(0.,-1.));
#4780 = ( GEOMETRIC_REPRESENTATION_CONTEXT(2) 
PARAMETRIC_REPRESENTATION_CONTEXT() REPRESENTATION_CONTEXT('2D SPACE',''
  ) );
#4781 = ORIENTED_EDGE('',*,*,#4782,.T.);
#4782 = EDGE_CURVE('',#4760,#4783,#4785,.T.);
#4783 = VERTEX_POINT('',#4784);
#4784 = CARTESIAN_POINT('',(12.,20.,10.5));
#4785 = SURFACE_CURVE('',#4786,(#4791,#4798),.PCURVE_S1.);
#4786 = CIRCLE('',#4787,3.);
#4787 = AXIS2_PLACEMENT_3D('',#4788,#4789,#4790);
#4788 = CARTESIAN_POINT('',(12.,17.,10.5));
#4789 = DIRECTION('',(0.,0.,1.));
#4790 = DIRECTION('',(0.,-1.,0.));
#4791 = PCURVE('',#4268,#4792);
#4792 = DEFINITIONAL_REPRESENTATION('',(#4793),#4797);
#4793 = CIRCLE('',#4794,3.);
#4794 = AXIS2_PLACEMENT_2D('',#4795,#4796);
#4795 = CARTESIAN_POINT('',(27.,37.));
#4796 = DIRECTION('',(0.,-1.));
#4797 = ( GEOMETRIC_REPRESENTATION_CONTEXT(2) 
PARAMETRIC_REPRESENTATION_CONTEXT() REPRESENTATION_CONTEXT('2D SPACE',''
  ) );
#4798 = PCURVE('',#4440,#4799);
#4799 = DEFINITIONAL_REPRESENTATION('',(#4800),#4804);
#4800 = LINE('',#4801,#4802);
#4801 = CARTESIAN_POINT('',(-1.570796326795,0.));
#4802 = VECTOR('',#4803,1.);
#4803 = DIRECTION('',(1.,0.));
#4804 = ( GEOMETRIC_REPRESENTATION_CONTEXT(2) 
PARAMETRIC_REPRESENTATION_CONTEXT() REPRESENTATION_CONTEXT('2D SPACE',''
  ) );
#4805 = ORIENTED_EDGE('',*,*,#4806,.F.);
#4806 = EDGE_CURVE('',#4653,#4783,#4807,.T.);
#4807 = SURFACE_CURVE('',#4808,(#4812,#4819),.PCURVE_S1.);
#4808 = LINE('',#4809,#4810);
#4809 = CARTESIAN_POINT('',(-15.,20.,10.5));
#4810 = VECTOR('',#4811,1.);
#4811 = DIRECTION('',(1.,0.,-0.));
#4812 = PCURVE('',#4268,#4813);
#4813 = DEFINITIONAL_REPRESENTATION('',(#4814),#4818);
#4814 = LINE('',#4815,#4816);
#4815 = CARTESIAN_POINT('',(0.,40.));
#4816 = VECTOR('',#4817,1.);
#4817 = DIRECTION('',(1.,0.));
#4818 = ( GEOMETRIC_REPRESENTATION_CONTEXT(2) 
PARAMETRIC_REPRESENTATION_CONTEXT() REPRESENTATION_CONTEXT('2D SPACE',''
  ) );
#4819 = PCURVE('',#4468,#4820);
#4820 = DEFINITIONAL_REPRESENTATION('',(#4821),#4825);
#4821 = LINE('',#4822,#4823);
#4822 = CARTESIAN_POINT('',(0.,0.));
#4823 = VECTOR('',#4824,1.);
#4824 = DIRECTION('',(0.,1.));
#4825 = ( GEOMETRIC_REPRESENTATION_CONTEXT(2) 
PARAMETRIC_REPRESENTATION_CONTEXT() REPRESENTATION_CONTEXT('2D SPACE',''
  ) );
#4826 = ORIENTED_EDGE('',*,*,#4652,.F.);
#4827 = FACE_BOUND('',#4828,.F.);
#4828 = EDGE_LOOP('',(#4829));
#4829 = ORIENTED_EDGE('',*,*,#4830,.F.);
#4830 = EDGE_CURVE('',#4831,#4831,#4833,.T.);
#4831 = VERTEX_POINT('',#4832);
#4832 = CARTESIAN_POINT('',(1.1,-17.4,10.5));
#4833 = SURFACE_CURVE('',#4834,(#4839,#4846),.PCURVE_S1.);
#4834 = CIRCLE('',#4835,1.1);
#4835 = AXIS2_PLACEMENT_3D('',#4836,#4837,#4838);
#4836 = CARTESIAN_POINT('',(0.,-17.4,10.5));
#4837 = DIRECTION('',(0.,0.,1.));
#4838 = DIRECTION('',(1.,0.,-0.));
#4839 = PCURVE('',#4268,#4840);
#4840 = DEFINITIONAL_REPRESENTATION('',(#4841),#4845);
#4841 = CIRCLE('',#4842,1.1);
#4842 = AXIS2_PLACEMENT_2D('',#4843,#4844);
#4843 = CARTESIAN_POINT('',(15.,2.6));
#4844 = DIRECTION('',(1.,0.));
#4845 = ( GEOMETRIC_REPRESENTATION_CONTEXT(2) 
PARAMETRIC_REPRESENTATION_CONTEXT() REPRESENTATION_CONTEXT('2D SPACE',''
  ) );
#4846 = PCURVE('',#4525,#4847);
#4847 = DEFINITIONAL_REPRESENTATION('',(#4848),#4852);
#4848 = LINE('',#4849,#4850);
#4849 = CARTESIAN_POINT('',(0.,0.5));
#4850 = VECTOR('',#4851,1.);
#4851 = DIRECTION('',(1.,0.));
#4852 = ( GEOMETRIC_REPRESENTATION_CONTEXT(2) 
PARAMETRIC_REPRESENTATION_CONTEXT() REPRESENTATION_CONTEXT('2D SPACE',''
  ) );
#4853 = FACE_BOUND('',#4854,.F.);
#4854 = EDGE_LOOP('',(#4855));
#4855 = ORIENTED_EDGE('',*,*,#4856,.F.);
#4856 = EDGE_CURVE('',#4857,#4857,#4859,.T.);
#4857 = VERTEX_POINT('',#4858);
#4858 = CARTESIAN_POINT('',(1.,-6.5,10.5));
#4859 = SURFACE_CURVE('',#4860,(#4865,#4872),.PCURVE_S1.);
#4860 = CIRCLE('',#4861,1.);
#4861 = AXIS2_PLACEMENT_3D('',#4862,#4863,#4864);
#4862 = CARTESIAN_POINT('',(0.,-6.5,10.5));
#4863 = DIRECTION('',(0.,0.,1.));
#4864 = DIRECTION('',(1.,0.,-0.));
#4865 = PCURVE('',#4268,#4866);
#4866 = DEFINITIONAL_REPRESENTATION('',(#4867),#4871);
#4867 = CIRCLE('',#4868,1.);
#4868 = AXIS2_PLACEMENT_2D('',#4869,#4870);
#4869 = CARTESIAN_POINT('',(15.,13.5));
#4870 = DIRECTION('',(1.,0.));
#4871 = ( GEOMETRIC_REPRESENTATION_CONTEXT(2) 
PARAMETRIC_REPRESENTATION_CONTEXT() REPRESENTATION_CONTEXT('2D SPACE',''
  ) );
#4872 = PCURVE('',#4556,#4873);
#4873 = DEFINITIONAL_REPRESENTATION('',(#4874),#4878);
#4874 = LINE('',#4875,#4876);
#4875 = CARTESIAN_POINT('',(0.,0.5));
#4876 = VECTOR('',#4877,1.);
#4877 = DIRECTION('',(1.,0.));
#4878 = ( GEOMETRIC_REPRESENTATION_CONTEXT(2) 
PARAMETRIC_REPRESENTATION_CONTEXT() REPRESENTATION_CONTEXT('2D SPACE',''
  ) );
#4879 = FACE_BOUND('',#4880,.F.);
#4880 = EDGE_LOOP('',(#4881));
#4881 = ORIENTED_EDGE('',*,*,#4882,.F.);
#4882 = EDGE_CURVE('',#4883,#4883,#4885,.T.);
#4883 = VERTEX_POINT('',#4884);
#4884 = CARTESIAN_POINT('',(1.1,17.4,10.5));
#4885 = SURFACE_CURVE('',#4886,(#4891,#4898),.PCURVE_S1.);
#4886 = CIRCLE('',#4887,1.1);
#4887 = AXIS2_PLACEMENT_3D('',#4888,#4889,#4890);
#4888 = CARTESIAN_POINT('',(0.,17.4,10.5));
#4889 = DIRECTION('',(0.,0.,1.));
#4890 = DIRECTION('',(1.,0.,-0.));
#4891 = PCURVE('',#4268,#4892);
#4892 = DEFINITIONAL_REPRESENTATION('',(#4893),#4897);
#4893 = CIRCLE('',#4894,1.1);
#4894 = AXIS2_PLACEMENT_2D('',#4895,#4896);
#4895 = CARTESIAN_POINT('',(15.,37.4));
#4896 = DIRECTION('',(1.,0.));
#4897 = ( GEOMETRIC_REPRESENTATION_CONTEXT(2) 
PARAMETRIC_REPRESENTATION_CONTEXT() REPRESENTATION_CONTEXT('2D SPACE',''
  ) );
#4898 = PCURVE('',#4587,#4899);
#4899 = DEFINITIONAL_REPRESENTATION('',(#4900),#4904);
#4900 = LINE('',#4901,#4902);
#4901 = CARTESIAN_POINT('',(0.,0.5));
#4902 = VECTOR('',#4903,1.);
#4903 = DIRECTION('',(1.,0.));
#4904 = ( GEOMETRIC_REPRESENTATION_CONTEXT(2) 
PARAMETRIC_REPRESENTATION_CONTEXT() REPRESENTATION_CONTEXT('2D SPACE',''
  ) );
#4905 = ADVANCED_FACE('',(#4906),#4350,.F.);
#4906 = FACE_BOUND('',#4907,.F.);
#4907 = EDGE_LOOP('',(#4908,#4909,#4910,#4911));
#4908 = ORIENTED_EDGE('',*,*,#4708,.F.);
#4909 = ORIENTED_EDGE('',*,*,#4626,.T.);
#4910 = ORIENTED_EDGE('',*,*,#4334,.T.);
#4911 = ORIENTED_EDGE('',*,*,#4912,.F.);
#4912 = EDGE_CURVE('',#4709,#4335,#4913,.T.);
#4913 = SURFACE_CURVE('',#4914,(#4918,#4925),.PCURVE_S1.);
#4914 = LINE('',#4915,#4916);
#4915 = CARTESIAN_POINT('',(12.,-20.,10.5));
#4916 = VECTOR('',#4917,1.);
#4917 = DIRECTION('',(0.,0.,1.));
#4918 = PCURVE('',#4350,#4919);
#4919 = DEFINITIONAL_REPRESENTATION('',(#4920),#4924);
#4920 = LINE('',#4921,#4922);
#4921 = CARTESIAN_POINT('',(0.,27.));
#4922 = VECTOR('',#4923,1.);
#4923 = DIRECTION('',(1.,0.));
#4924 = ( GEOMETRIC_REPRESENTATION_CONTEXT(2) 
PARAMETRIC_REPRESENTATION_CONTEXT() REPRESENTATION_CONTEXT('2D SPACE',''
  ) );
#4925 = PCURVE('',#4383,#4926);
#4926 = DEFINITIONAL_REPRESENTATION('',(#4927),#4931);
#4927 = LINE('',#4928,#4929);
#4928 = CARTESIAN_POINT('',(-1.570796326795,0.));
#4929 = VECTOR('',#4930,1.);
#4930 = DIRECTION('',(-0.,1.));
#4931 = ( GEOMETRIC_REPRESENTATION_CONTEXT(2) 
PARAMETRIC_REPRESENTATION_CONTEXT() REPRESENTATION_CONTEXT('2D SPACE',''
  ) );
#4932 = ADVANCED_FACE('',(#4933),#4468,.T.);
#4933 = FACE_BOUND('',#4934,.T.);
#4934 = EDGE_LOOP('',(#4935,#4936,#4937,#4938));
#4935 = ORIENTED_EDGE('',*,*,#4806,.F.);
#4936 = ORIENTED_EDGE('',*,*,#4680,.T.);
#4937 = ORIENTED_EDGE('',*,*,#4452,.T.);
#4938 = ORIENTED_EDGE('',*,*,#4939,.F.);
#4939 = EDGE_CURVE('',#4783,#4424,#4940,.T.);
#4940 = SURFACE_CURVE('',#4941,(#4945,#4952),.PCURVE_S1.);
#4941 = LINE('',#4942,#4943);
#4942 = CARTESIAN_POINT('',(12.,20.,10.5));
#4943 = VECTOR('',#4944,1.);
#4944 = DIRECTION('',(0.,0.,1.));
#4945 = PCURVE('',#4468,#4946);
#4946 = DEFINITIONAL_REPRESENTATION('',(#4947),#4951);
#4947 = LINE('',#4948,#4949);
#4948 = CARTESIAN_POINT('',(0.,27.));
#4949 = VECTOR('',#4950,1.);
#4950 = DIRECTION('',(1.,0.));
#4951 = ( GEOMETRIC_REPRESENTATION_CONTEXT(2) 
PARAMETRIC_REPRESENTATION_CONTEXT() REPRESENTATION_CONTEXT('2D SPACE',''
  ) );
#4952 = PCURVE('',#4440,#4953);
#4953 = DEFINITIONAL_REPRESENTATION('',(#4954),#4958);
#4954 = LINE('',#4955,#4956);
#4955 = CARTESIAN_POINT('',(1.570796326795,0.));
#4956 = VECTOR('',#4957,1.);
#4957 = DIRECTION('',(0.,1.));
#4958 = ( GEOMETRIC_REPRESENTATION_CONTEXT(2) 
PARAMETRIC_REPRESENTATION_CONTEXT() REPRESENTATION_CONTEXT('2D SPACE',''
  ) );
#4959 = ADVANCED_FACE('',(#4960),#4383,.T.);
#4960 = FACE_BOUND('',#4961,.F.);
#4961 = EDGE_LOOP('',(#4962,#4963,#4964,#4965));
#4962 = ORIENTED_EDGE('',*,*,#4731,.T.);
#4963 = ORIENTED_EDGE('',*,*,#4912,.T.);
#4964 = ORIENTED_EDGE('',*,*,#4362,.F.);
#4965 = ORIENTED_EDGE('',*,*,#4966,.F.);
#4966 = EDGE_CURVE('',#4732,#4363,#4967,.T.);
#4967 = SURFACE_CURVE('',#4968,(#4972,#4979),.PCURVE_S1.);
#4968 = LINE('',#4969,#4970);
#4969 = CARTESIAN_POINT('',(15.,-17.,10.5));
#4970 = VECTOR('',#4971,1.);
#4971 = DIRECTION('',(0.,0.,1.));
#4972 = PCURVE('',#4383,#4973);
#4973 = DEFINITIONAL_REPRESENTATION('',(#4974),#4978);
#4974 = LINE('',#4975,#4976);
#4975 = CARTESIAN_POINT('',(-0.,0.));
#4976 = VECTOR('',#4977,1.);
#4977 = DIRECTION('',(-0.,1.));
#4978 = ( GEOMETRIC_REPRESENTATION_CONTEXT(2) 
PARAMETRIC_REPRESENTATION_CONTEXT() REPRESENTATION_CONTEXT('2D SPACE',''
  ) );
#4979 = PCURVE('',#4411,#4980);
#4980 = DEFINITIONAL_REPRESENTATION('',(#4981),#4985);
#4981 = LINE('',#4982,#4983);
#4982 = CARTESIAN_POINT('',(0.,-3.));
#4983 = VECTOR('',#4984,1.);
#4984 = DIRECTION('',(1.,0.));
#4985 = ( GEOMETRIC_REPRESENTATION_CONTEXT(2) 
PARAMETRIC_REPRESENTATION_CONTEXT() REPRESENTATION_CONTEXT('2D SPACE',''
  ) );
#4986 = ADVANCED_FACE('',(#4987),#4440,.T.);
#4987 = FACE_BOUND('',#4988,.T.);
#4988 = EDGE_LOOP('',(#4989,#4990,#4991,#4992));
#4989 = ORIENTED_EDGE('',*,*,#4782,.T.);
#4990 = ORIENTED_EDGE('',*,*,#4939,.T.);
#4991 = ORIENTED_EDGE('',*,*,#4423,.F.);
#4992 = ORIENTED_EDGE('',*,*,#4993,.F.);
#4993 = EDGE_CURVE('',#4760,#4396,#4994,.T.);
#4994 = SURFACE_CURVE('',#4995,(#4999,#5006),.PCURVE_S1.);
#4995 = LINE('',#4996,#4997);
#4996 = CARTESIAN_POINT('',(15.,17.,10.5));
#4997 = VECTOR('',#4998,1.);
#4998 = DIRECTION('',(0.,0.,1.));
#4999 = PCURVE('',#4440,#5000);
#5000 = DEFINITIONAL_REPRESENTATION('',(#5001),#5005);
#5001 = LINE('',#5002,#5003);
#5002 = CARTESIAN_POINT('',(0.,0.));
#5003 = VECTOR('',#5004,1.);
#5004 = DIRECTION('',(0.,1.));
#5005 = ( GEOMETRIC_REPRESENTATION_CONTEXT(2) 
PARAMETRIC_REPRESENTATION_CONTEXT() REPRESENTATION_CONTEXT('2D SPACE',''
  ) );
#5006 = PCURVE('',#4411,#5007);
#5007 = DEFINITIONAL_REPRESENTATION('',(#5008),#5012);
#5008 = LINE('',#5009,#5010);
#5009 = CARTESIAN_POINT('',(0.,-37.));
#5010 = VECTOR('',#5011,1.);
#5011 = DIRECTION('',(1.,0.));
#5012 = ( GEOMETRIC_REPRESENTATION_CONTEXT(2) 
PARAMETRIC_REPRESENTATION_CONTEXT() REPRESENTATION_CONTEXT('2D SPACE',''
  ) );
#5013 = ADVANCED_FACE('',(#5014),#4411,.T.);
#5014 = FACE_BOUND('',#5015,.T.);
#5015 = EDGE_LOOP('',(#5016,#5017,#5018,#5019));
#5016 = ORIENTED_EDGE('',*,*,#4395,.F.);
#5017 = ORIENTED_EDGE('',*,*,#4966,.F.);
#5018 = ORIENTED_EDGE('',*,*,#4759,.T.);
#5019 = ORIENTED_EDGE('',*,*,#4993,.T.);
#5020 = ADVANCED_FACE('',(#5021),#4525,.F.);
#5021 = FACE_BOUND('',#5022,.F.);
#5022 = EDGE_LOOP('',(#5023,#5024,#5045,#5046));
#5023 = ORIENTED_EDGE('',*,*,#4508,.F.);
#5024 = ORIENTED_EDGE('',*,*,#5025,.F.);
#5025 = EDGE_CURVE('',#4831,#4509,#5026,.T.);
#5026 = SEAM_CURVE('',#5027,(#5031,#5038),.PCURVE_S1.);
#5027 = LINE('',#5028,#5029);
#5028 = CARTESIAN_POINT('',(1.1,-17.4,10.));
#5029 = VECTOR('',#5030,1.);
#5030 = DIRECTION('',(0.,0.,1.));
#5031 = PCURVE('',#4525,#5032);
#5032 = DEFINITIONAL_REPRESENTATION('',(#5033),#5037);
#5033 = LINE('',#5034,#5035);
#5034 = CARTESIAN_POINT('',(6.28318530718,-0.));
#5035 = VECTOR('',#5036,1.);
#5036 = DIRECTION('',(0.,1.));
#5037 = ( GEOMETRIC_REPRESENTATION_CONTEXT(2) 
PARAMETRIC_REPRESENTATION_CONTEXT() REPRESENTATION_CONTEXT('2D SPACE',''
  ) );
#5038 = PCURVE('',#4525,#5039);
#5039 = DEFINITIONAL_REPRESENTATION('',(#5040),#5044);
#5040 = LINE('',#5041,#5042);
#5041 = CARTESIAN_POINT('',(0.,-0.));
#5042 = VECTOR('',#5043,1.);
#5043 = DIRECTION('',(0.,1.));
#5044 = ( GEOMETRIC_REPRESENTATION_CONTEXT(2) 
PARAMETRIC_REPRESENTATION_CONTEXT() REPRESENTATION_CONTEXT('2D SPACE',''
  ) );
#5045 = ORIENTED_EDGE('',*,*,#4830,.T.);
#5046 = ORIENTED_EDGE('',*,*,#5025,.T.);
#5047 = ADVANCED_FACE('',(#5048),#4556,.F.);
#5048 = FACE_BOUND('',#5049,.F.);
#5049 = EDGE_LOOP('',(#5050,#5051,#5072,#5073));
#5050 = ORIENTED_EDGE('',*,*,#4539,.F.);
#5051 = ORIENTED_EDGE('',*,*,#5052,.F.);
#5052 = EDGE_CURVE('',#4857,#4540,#5053,.T.);
#5053 = SEAM_CURVE('',#5054,(#5058,#5065),.PCURVE_S1.);
#5054 = LINE('',#5055,#5056);
#5055 = CARTESIAN_POINT('',(1.,-6.5,10.));
#5056 = VECTOR('',#5057,1.);
#5057 = DIRECTION('',(0.,0.,1.));
#5058 = PCURVE('',#4556,#5059);
#5059 = DEFINITIONAL_REPRESENTATION('',(#5060),#5064);
#5060 = LINE('',#5061,#5062);
#5061 = CARTESIAN_POINT('',(6.28318530718,-0.));
#5062 = VECTOR('',#5063,1.);
#5063 = DIRECTION('',(0.,1.));
#5064 = ( GEOMETRIC_REPRESENTATION_CONTEXT(2) 
PARAMETRIC_REPRESENTATION_CONTEXT() REPRESENTATION_CONTEXT('2D SPACE',''
  ) );
#5065 = PCURVE('',#4556,#5066);
#5066 = DEFINITIONAL_REPRESENTATION('',(#5067),#5071);
#5067 = LINE('',#5068,#5069);
#5068 = CARTESIAN_POINT('',(0.,-0.));
#5069 = VECTOR('',#5070,1.);
#5070 = DIRECTION('',(0.,1.));
#5071 = ( GEOMETRIC_REPRESENTATION_CONTEXT(2) 
PARAMETRIC_REPRESENTATION_CONTEXT() REPRESENTATION_CONTEXT('2D SPACE',''
  ) );
#5072 = ORIENTED_EDGE('',*,*,#4856,.T.);
#5073 = ORIENTED_EDGE('',*,*,#5052,.T.);
#5074 = ADVANCED_FACE('',(#5075),#4587,.F.);
#5075 = FACE_BOUND('',#5076,.F.);
#5076 = EDGE_LOOP('',(#5077,#5078,#5099,#5100));
#5077 = ORIENTED_EDGE('',*,*,#4570,.F.);
#5078 = ORIENTED_EDGE('',*,*,#5079,.F.);
#5079 = EDGE_CURVE('',#4883,#4571,#5080,.T.);
#5080 = SEAM_CURVE('',#5081,(#5085,#5092),.PCURVE_S1.);
#5081 = LINE('',#5082,#5083);
#5082 = CARTESIAN_POINT('',(1.1,17.4,10.));
#5083 = VECTOR('',#5084,1.);
#5084 = DIRECTION('',(0.,0.,1.));
#5085 = PCURVE('',#4587,#5086);
#5086 = DEFINITIONAL_REPRESENTATION('',(#5087),#5091);
#5087 = LINE('',#5088,#5089);
#5088 = CARTESIAN_POINT('',(6.28318530718,-0.));
#5089 = VECTOR('',#5090,1.);
#5090 = DIRECTION('',(0.,1.));
#5091 = ( GEOMETRIC_REPRESENTATION_CONTEXT(2) 
PARAMETRIC_REPRESENTATION_CONTEXT() REPRESENTATION_CONTEXT('2D SPACE',''
  ) );
#5092 = PCURVE('',#4587,#5093);
#5093 = DEFINITIONAL_REPRESENTATION('',(#5094),#5098);
#5094 = LINE('',#5095,#5096);
#5095 = CARTESIAN_POINT('',(0.,-0.));
#5096 = VECTOR('',#5097,1.);
#5097 = DIRECTION('',(0.,1.));
#5098 = ( GEOMETRIC_REPRESENTATION_CONTEXT(2) 
PARAMETRIC_REPRESENTATION_CONTEXT() REPRESENTATION_CONTEXT('2D SPACE',''
  ) );
#5099 = ORIENTED_EDGE('',*,*,#4882,.T.);
#5100 = ORIENTED_EDGE('',*,*,#5079,.T.);
#5101 = ( GEOMETRIC_REPRESENTATION_CONTEXT(3) 
GLOBAL_UNCERTAINTY_ASSIGNED_CONTEXT((#5105)) 
GLOBAL_UNIT_ASSIGNED_CONTEXT((#5102,#5103,#5104)) REPRESENTATION_CONTEXT
('Context #1','3D Context with UNIT and UNCERTAINTY') );
#5102 = ( LENGTH_UNIT() NAMED_UNIT(*) SI_UNIT(.MILLI.,.METRE.) );
#5103 = ( NAMED_UNIT(*) PLANE_ANGLE_UNIT() SI_UNIT($,.RADIAN.) );
#5104 = ( NAMED_UNIT(*) SI_UNIT($,.STERADIAN.) SOLID_ANGLE_UNIT() );
#5105 = UNCERTAINTY_MEASURE_WITH_UNIT(LENGTH_MEASURE(1.E-07),#5102,
  'distance_accuracy_value','confusion accuracy');
#5106 = CONTEXT_DEPENDENT_SHAPE_REPRESENTATION(#5107,#5109);
#5107 = ( REPRESENTATION_RELATIONSHIP('','',#4182,#10) 
REPRESENTATION_RELATIONSHIP_WITH_TRANSFORMATION(#5108) 
SHAPE_REPRESENTATION_RELATIONSHIP() );
#5108 = ITEM_DEFINED_TRANSFORMATION('','',#11,#23);
#5109 = PRODUCT_DEFINITION_SHAPE('Placement','Placement of an item',
  #5110);
#5110 = NEXT_ASSEMBLY_USAGE_OCCURRENCE('10','=>[0:1:1:4]','',#5,#4177,$
  );
#5111 = PRODUCT_RELATED_PRODUCT_CATEGORY('part',$,(#4179));
#5112 = SHAPE_DEFINITION_REPRESENTATION(#5113,#5119);
#5113 = PRODUCT_DEFINITION_SHAPE('','',#5114);
#5114 = PRODUCT_DEFINITION('design','',#5115,#5118);
#5115 = PRODUCT_DEFINITION_FORMATION('','',#5116);
#5116 = PRODUCT('COMPOUND','COMPOUND','',(#5117));
#5117 = PRODUCT_CONTEXT('',#2,'mechanical');
#5118 = PRODUCT_DEFINITION_CONTEXT('part definition',#2,'design');
#5119 = ADVANCED_BREP_SHAPE_REPRESENTATION('',(#11,#5120),#5450);
#5120 = MANIFOLD_SOLID_BREP('',#5121);
#5121 = CLOSED_SHELL('',(#5122,#5242,#5342,#5389,#5436,#5443));
#5122 = ADVANCED_FACE('',(#5123),#5137,.F.);
#5123 = FACE_BOUND('',#5124,.F.);
#5124 = EDGE_LOOP('',(#5125,#5160,#5188,#5216));
#5125 = ORIENTED_EDGE('',*,*,#5126,.F.);
#5126 = EDGE_CURVE('',#5127,#5129,#5131,.T.);
#5127 = VERTEX_POINT('',#5128);
#5128 = CARTESIAN_POINT('',(-9.875,-13.01,-1.9));
#5129 = VERTEX_POINT('',#5130);
#5130 = CARTESIAN_POINT('',(-9.875,-13.01,1.9));
#5131 = SURFACE_CURVE('',#5132,(#5136,#5148),.PCURVE_S1.);
#5132 = LINE('',#5133,#5134);
#5133 = CARTESIAN_POINT('',(-9.875,-13.01,-1.9));
#5134 = VECTOR('',#5135,1.);
#5135 = DIRECTION('',(0.,0.,1.));
#5136 = PCURVE('',#5137,#5142);
#5137 = PLANE('',#5138);
#5138 = AXIS2_PLACEMENT_3D('',#5139,#5140,#5141);
#5139 = CARTESIAN_POINT('',(-9.875,-13.01,-1.9));
#5140 = DIRECTION('',(1.,0.,-0.));
#5141 = DIRECTION('',(0.,0.,1.));
#5142 = DEFINITIONAL_REPRESENTATION('',(#5143),#5147);
#5143 = LINE('',#5144,#5145);
#5144 = CARTESIAN_POINT('',(0.,0.));
#5145 = VECTOR('',#5146,1.);
#5146 = DIRECTION('',(1.,0.));
#5147 = ( GEOMETRIC_REPRESENTATION_CONTEXT(2) 
PARAMETRIC_REPRESENTATION_CONTEXT() REPRESENTATION_CONTEXT('2D SPACE',''
  ) );
#5148 = PCURVE('',#5149,#5154);
#5149 = PLANE('',#5150);
#5150 = AXIS2_PLACEMENT_3D('',#5151,#5152,#5153);
#5151 = CARTESIAN_POINT('',(-9.875,-13.01,-1.9));
#5152 = DIRECTION('',(-0.,1.,0.));
#5153 = DIRECTION('',(0.,0.,1.));
#5154 = DEFINITIONAL_REPRESENTATION('',(#5155),#5159);
#5155 = LINE('',#5156,#5157);
#5156 = CARTESIAN_POINT('',(0.,0.));
#5157 = VECTOR('',#5158,1.);
#5158 = DIRECTION('',(1.,0.));
#5159 = ( GEOMETRIC_REPRESENTATION_CONTEXT(2) 
PARAMETRIC_REPRESENTATION_CONTEXT() REPRESENTATION_CONTEXT('2D SPACE',''
  ) );
#5160 = ORIENTED_EDGE('',*,*,#5161,.T.);
#5161 = EDGE_CURVE('',#5127,#5162,#5164,.T.);
#5162 = VERTEX_POINT('',#5163);
#5163 = CARTESIAN_POINT('',(-9.875,13.01,-1.9));
#5164 = SURFACE_CURVE('',#5165,(#5169,#5176),.PCURVE_S1.);
#5165 = LINE('',#5166,#5167);
#5166 = CARTESIAN_POINT('',(-9.875,-13.01,-1.9));
#5167 = VECTOR('',#5168,1.);
#5168 = DIRECTION('',(-0.,1.,0.));
#5169 = PCURVE('',#5137,#5170);
#5170 = DEFINITIONAL_REPRESENTATION('',(#5171),#5175);
#5171 = LINE('',#5172,#5173);
#5172 = CARTESIAN_POINT('',(0.,0.));
#5173 = VECTOR('',#5174,1.);
#5174 = DIRECTION('',(0.,-1.));
#5175 = ( GEOMETRIC_REPRESENTATION_CONTEXT(2) 
PARAMETRIC_REPRESENTATION_CONTEXT() REPRESENTATION_CONTEXT('2D SPACE',''
  ) );
#5176 = PCURVE('',#5177,#5182);
#5177 = PLANE('',#5178);
#5178 = AXIS2_PLACEMENT_3D('',#5179,#5180,#5181);
#5179 = CARTESIAN_POINT('',(-9.875,-13.01,-1.9));
#5180 = DIRECTION('',(0.,0.,1.));
#5181 = DIRECTION('',(1.,0.,-0.));
#5182 = DEFINITIONAL_REPRESENTATION('',(#5183),#5187);
#5183 = LINE('',#5184,#5185);
#5184 = CARTESIAN_POINT('',(0.,0.));
#5185 = VECTOR('',#5186,1.);
#5186 = DIRECTION('',(0.,1.));
#5187 = ( GEOMETRIC_REPRESENTATION_CONTEXT(2) 
PARAMETRIC_REPRESENTATION_CONTEXT() REPRESENTATION_CONTEXT('2D SPACE',''
  ) );
#5188 = ORIENTED_EDGE('',*,*,#5189,.T.);
#5189 = EDGE_CURVE('',#5162,#5190,#5192,.T.);
#5190 = VERTEX_POINT('',#5191);
#5191 = CARTESIAN_POINT('',(-9.875,13.01,1.9));
#5192 = SURFACE_CURVE('',#5193,(#5197,#5204),.PCURVE_S1.);
#5193 = LINE('',#5194,#5195);
#5194 = CARTESIAN_POINT('',(-9.875,13.01,-1.9));
#5195 = VECTOR('',#5196,1.);
#5196 = DIRECTION('',(0.,0.,1.));
#5197 = PCURVE('',#5137,#5198);
#5198 = DEFINITIONAL_REPRESENTATION('',(#5199),#5203);
#5199 = LINE('',#5200,#5201);
#5200 = CARTESIAN_POINT('',(0.,-26.02));
#5201 = VECTOR('',#5202,1.);
#5202 = DIRECTION('',(1.,0.));
#5203 = ( GEOMETRIC_REPRESENTATION_CONTEXT(2) 
PARAMETRIC_REPRESENTATION_CONTEXT() REPRESENTATION_CONTEXT('2D SPACE',''
  ) );
#5204 = PCURVE('',#5205,#5210);
#5205 = PLANE('',#5206);
#5206 = AXIS2_PLACEMENT_3D('',#5207,#5208,#5209);
#5207 = CARTESIAN_POINT('',(-9.875,13.01,-1.9));
#5208 = DIRECTION('',(-0.,1.,0.));
#5209 = DIRECTION('',(0.,0.,1.));
#5210 = DEFINITIONAL_REPRESENTATION('',(#5211),#5215);
#5211 = LINE('',#5212,#5213);
#5212 = CARTESIAN_POINT('',(0.,0.));
#5213 = VECTOR('',#5214,1.);
#5214 = DIRECTION('',(1.,0.));
#5215 = ( GEOMETRIC_REPRESENTATION_CONTEXT(2) 
PARAMETRIC_REPRESENTATION_CONTEXT() REPRESENTATION_CONTEXT('2D SPACE',''
  ) );
#5216 = ORIENTED_EDGE('',*,*,#5217,.F.);
#5217 = EDGE_CURVE('',#5129,#5190,#5218,.T.);
#5218 = SURFACE_CURVE('',#5219,(#5223,#5230),.PCURVE_S1.);
#5219 = LINE('',#5220,#5221);
#5220 = CARTESIAN_POINT('',(-9.875,-13.01,1.9));
#5221 = VECTOR('',#5222,1.);
#5222 = DIRECTION('',(-0.,1.,0.));
#5223 = PCURVE('',#5137,#5224);
#5224 = DEFINITIONAL_REPRESENTATION('',(#5225),#5229);
#5225 = LINE('',#5226,#5227);
#5226 = CARTESIAN_POINT('',(3.8,0.));
#5227 = VECTOR('',#5228,1.);
#5228 = DIRECTION('',(0.,-1.));
#5229 = ( GEOMETRIC_REPRESENTATION_CONTEXT(2) 
PARAMETRIC_REPRESENTATION_CONTEXT() REPRESENTATION_CONTEXT('2D SPACE',''
  ) );
#5230 = PCURVE('',#5231,#5236);
#5231 = PLANE('',#5232);
#5232 = AXIS2_PLACEMENT_3D('',#5233,#5234,#5235);
#5233 = CARTESIAN_POINT('',(-9.875,-13.01,1.9));
#5234 = DIRECTION('',(0.,0.,1.));
#5235 = DIRECTION('',(1.,0.,-0.));
#5236 = DEFINITIONAL_REPRESENTATION('',(#5237),#5241);
#5237 = LINE('',#5238,#5239);
#5238 = CARTESIAN_POINT('',(0.,0.));
#5239 = VECTOR('',#5240,1.);
#5240 = DIRECTION('',(0.,1.));
#5241 = ( GEOMETRIC_REPRESENTATION_CONTEXT(2) 
PARAMETRIC_REPRESENTATION_CONTEXT() REPRESENTATION_CONTEXT('2D SPACE',''
  ) );
#5242 = ADVANCED_FACE('',(#5243),#5257,.T.);
#5243 = FACE_BOUND('',#5244,.T.);
#5244 = EDGE_LOOP('',(#5245,#5275,#5298,#5321));
#5245 = ORIENTED_EDGE('',*,*,#5246,.F.);
#5246 = EDGE_CURVE('',#5247,#5249,#5251,.T.);
#5247 = VERTEX_POINT('',#5248);
#5248 = CARTESIAN_POINT('',(9.875,-13.01,-1.9));
#5249 = VERTEX_POINT('',#5250);
#5250 = CARTESIAN_POINT('',(9.875,-13.01,1.9));
#5251 = SURFACE_CURVE('',#5252,(#5256,#5268),.PCURVE_S1.);
#5252 = LINE('',#5253,#5254);
#5253 = CARTESIAN_POINT('',(9.875,-13.01,-1.9));
#5254 = VECTOR('',#5255,1.);
#5255 = DIRECTION('',(0.,0.,1.));
#5256 = PCURVE('',#5257,#5262);
#5257 = PLANE('',#5258);
#5258 = AXIS2_PLACEMENT_3D('',#5259,#5260,#5261);
#5259 = CARTESIAN_POINT('',(9.875,-13.01,-1.9));
#5260 = DIRECTION('',(1.,0.,-0.));
#5261 = DIRECTION('',(0.,0.,1.));
#5262 = DEFINITIONAL_REPRESENTATION('',(#5263),#5267);
#5263 = LINE('',#5264,#5265);
#5264 = CARTESIAN_POINT('',(0.,0.));
#5265 = VECTOR('',#5266,1.);
#5266 = DIRECTION('',(1.,0.));
#5267 = ( GEOMETRIC_REPRESENTATION_CONTEXT(2) 
PARAMETRIC_REPRESENTATION_CONTEXT() REPRESENTATION_CONTEXT('2D SPACE',''
  ) );
#5268 = PCURVE('',#5149,#5269);
#5269 = DEFINITIONAL_REPRESENTATION('',(#5270),#5274);
#5270 = LINE('',#5271,#5272);
#5271 = CARTESIAN_POINT('',(0.,19.75));
#5272 = VECTOR('',#5273,1.);
#5273 = DIRECTION('',(1.,0.));
#5274 = ( GEOMETRIC_REPRESENTATION_CONTEXT(2) 
PARAMETRIC_REPRESENTATION_CONTEXT() REPRESENTATION_CONTEXT('2D SPACE',''
  ) );
#5275 = ORIENTED_EDGE('',*,*,#5276,.T.);
#5276 = EDGE_CURVE('',#5247,#5277,#5279,.T.);
#5277 = VERTEX_POINT('',#5278);
#5278 = CARTESIAN_POINT('',(9.875,13.01,-1.9));
#5279 = SURFACE_CURVE('',#5280,(#5284,#5291),.PCURVE_S1.);
#5280 = LINE('',#5281,#5282);
#5281 = CARTESIAN_POINT('',(9.875,-13.01,-1.9));
#5282 = VECTOR('',#5283,1.);
#5283 = DIRECTION('',(-0.,1.,0.));
#5284 = PCURVE('',#5257,#5285);
#5285 = DEFINITIONAL_REPRESENTATION('',(#5286),#5290);
#5286 = LINE('',#5287,#5288);
#5287 = CARTESIAN_POINT('',(0.,0.));
#5288 = VECTOR('',#5289,1.);
#5289 = DIRECTION('',(0.,-1.));
#5290 = ( GEOMETRIC_REPRESENTATION_CONTEXT(2) 
PARAMETRIC_REPRESENTATION_CONTEXT() REPRESENTATION_CONTEXT('2D SPACE',''
  ) );
#5291 = PCURVE('',#5177,#5292);
#5292 = DEFINITIONAL_REPRESENTATION('',(#5293),#5297);
#5293 = LINE('',#5294,#5295);
#5294 = CARTESIAN_POINT('',(19.75,0.));
#5295 = VECTOR('',#5296,1.);
#5296 = DIRECTION('',(0.,1.));
#5297 = ( GEOMETRIC_REPRESENTATION_CONTEXT(2) 
PARAMETRIC_REPRESENTATION_CONTEXT() REPRESENTATION_CONTEXT('2D SPACE',''
  ) );
#5298 = ORIENTED_EDGE('',*,*,#5299,.T.);
#5299 = EDGE_CURVE('',#5277,#5300,#5302,.T.);
#5300 = VERTEX_POINT('',#5301);
#5301 = CARTESIAN_POINT('',(9.875,13.01,1.9));
#5302 = SURFACE_CURVE('',#5303,(#5307,#5314),.PCURVE_S1.);
#5303 = LINE('',#5304,#5305);
#5304 = CARTESIAN_POINT('',(9.875,13.01,-1.9));
#5305 = VECTOR('',#5306,1.);
#5306 = DIRECTION('',(0.,0.,1.));
#5307 = PCURVE('',#5257,#5308);
#5308 = DEFINITIONAL_REPRESENTATION('',(#5309),#5313);
#5309 = LINE('',#5310,#5311);
#5310 = CARTESIAN_POINT('',(0.,-26.02));
#5311 = VECTOR('',#5312,1.);
#5312 = DIRECTION('',(1.,0.));
#5313 = ( GEOMETRIC_REPRESENTATION_CONTEXT(2) 
PARAMETRIC_REPRESENTATION_CONTEXT() REPRESENTATION_CONTEXT('2D SPACE',''
  ) );
#5314 = PCURVE('',#5205,#5315);
#5315 = DEFINITIONAL_REPRESENTATION('',(#5316),#5320);
#5316 = LINE('',#5317,#5318);
#5317 = CARTESIAN_POINT('',(0.,19.75));
#5318 = VECTOR('',#5319,1.);
#5319 = DIRECTION('',(1.,0.));
#5320 = ( GEOMETRIC_REPRESENTATION_CONTEXT(2) 
PARAMETRIC_REPRESENTATION_CONTEXT() REPRESENTATION_CONTEXT('2D SPACE',''
  ) );
#5321 = ORIENTED_EDGE('',*,*,#5322,.F.);
#5322 = EDGE_CURVE('',#5249,#5300,#5323,.T.);
#5323 = SURFACE_CURVE('',#5324,(#5328,#5335),.PCURVE_S1.);
#5324 = LINE('',#5325,#5326);
#5325 = CARTESIAN_POINT('',(9.875,-13.01,1.9));
#5326 = VECTOR('',#5327,1.);
#5327 = DIRECTION('',(-0.,1.,0.));
#5328 = PCURVE('',#5257,#5329);
#5329 = DEFINITIONAL_REPRESENTATION('',(#5330),#5334);
#5330 = LINE('',#5331,#5332);
#5331 = CARTESIAN_POINT('',(3.8,0.));
#5332 = VECTOR('',#5333,1.);
#5333 = DIRECTION('',(0.,-1.));
#5334 = ( GEOMETRIC_REPRESENTATION_CONTEXT(2) 
PARAMETRIC_REPRESENTATION_CONTEXT() REPRESENTATION_CONTEXT('2D SPACE',''
  ) );
#5335 = PCURVE('',#5231,#5336);
#5336 = DEFINITIONAL_REPRESENTATION('',(#5337),#5341);
#5337 = LINE('',#5338,#5339);
#5338 = CARTESIAN_POINT('',(19.75,0.));
#5339 = VECTOR('',#5340,1.);
#5340 = DIRECTION('',(0.,1.));
#5341 = ( GEOMETRIC_REPRESENTATION_CONTEXT(2) 
PARAMETRIC_REPRESENTATION_CONTEXT() REPRESENTATION_CONTEXT('2D SPACE',''
  ) );
#5342 = ADVANCED_FACE('',(#5343),#5149,.F.);
#5343 = FACE_BOUND('',#5344,.F.);
#5344 = EDGE_LOOP('',(#5345,#5366,#5367,#5388));
#5345 = ORIENTED_EDGE('',*,*,#5346,.F.);
#5346 = EDGE_CURVE('',#5127,#5247,#5347,.T.);
#5347 = SURFACE_CURVE('',#5348,(#5352,#5359),.PCURVE_S1.);
#5348 = LINE('',#5349,#5350);
#5349 = CARTESIAN_POINT('',(-9.875,-13.01,-1.9));
#5350 = VECTOR('',#5351,1.);
#5351 = DIRECTION('',(1.,0.,-0.));
#5352 = PCURVE('',#5149,#5353);
#5353 = DEFINITIONAL_REPRESENTATION('',(#5354),#5358);
#5354 = LINE('',#5355,#5356);
#5355 = CARTESIAN_POINT('',(0.,0.));
#5356 = VECTOR('',#5357,1.);
#5357 = DIRECTION('',(0.,1.));
#5358 = ( GEOMETRIC_REPRESENTATION_CONTEXT(2) 
PARAMETRIC_REPRESENTATION_CONTEXT() REPRESENTATION_CONTEXT('2D SPACE',''
  ) );
#5359 = PCURVE('',#5177,#5360);
#5360 = DEFINITIONAL_REPRESENTATION('',(#5361),#5365);
#5361 = LINE('',#5362,#5363);
#5362 = CARTESIAN_POINT('',(0.,0.));
#5363 = VECTOR('',#5364,1.);
#5364 = DIRECTION('',(1.,0.));
#5365 = ( GEOMETRIC_REPRESENTATION_CONTEXT(2) 
PARAMETRIC_REPRESENTATION_CONTEXT() REPRESENTATION_CONTEXT('2D SPACE',''
  ) );
#5366 = ORIENTED_EDGE('',*,*,#5126,.T.);
#5367 = ORIENTED_EDGE('',*,*,#5368,.T.);
#5368 = EDGE_CURVE('',#5129,#5249,#5369,.T.);
#5369 = SURFACE_CURVE('',#5370,(#5374,#5381),.PCURVE_S1.);
#5370 = LINE('',#5371,#5372);
#5371 = CARTESIAN_POINT('',(-9.875,-13.01,1.9));
#5372 = VECTOR('',#5373,1.);
#5373 = DIRECTION('',(1.,0.,-0.));
#5374 = PCURVE('',#5149,#5375);
#5375 = DEFINITIONAL_REPRESENTATION('',(#5376),#5380);
#5376 = LINE('',#5377,#5378);
#5377 = CARTESIAN_POINT('',(3.8,0.));
#5378 = VECTOR('',#5379,1.);
#5379 = DIRECTION('',(0.,1.));
#5380 = ( GEOMETRIC_REPRESENTATION_CONTEXT(2) 
PARAMETRIC_REPRESENTATION_CONTEXT() REPRESENTATION_CONTEXT('2D SPACE',''
  ) );
#5381 = PCURVE('',#5231,#5382);
#5382 = DEFINITIONAL_REPRESENTATION('',(#5383),#5387);
#5383 = LINE('',#5384,#5385);
#5384 = CARTESIAN_POINT('',(0.,0.));
#5385 = VECTOR('',#5386,1.);
#5386 = DIRECTION('',(1.,0.));
#5387 = ( GEOMETRIC_REPRESENTATION_CONTEXT(2) 
PARAMETRIC_REPRESENTATION_CONTEXT() REPRESENTATION_CONTEXT('2D SPACE',''
  ) );
#5388 = ORIENTED_EDGE('',*,*,#5246,.F.);
#5389 = ADVANCED_FACE('',(#5390),#5205,.T.);
#5390 = FACE_BOUND('',#5391,.T.);
#5391 = EDGE_LOOP('',(#5392,#5413,#5414,#5435));
#5392 = ORIENTED_EDGE('',*,*,#5393,.F.);
#5393 = EDGE_CURVE('',#5162,#5277,#5394,.T.);
#5394 = SURFACE_CURVE('',#5395,(#5399,#5406),.PCURVE_S1.);
#5395 = LINE('',#5396,#5397);
#5396 = CARTESIAN_POINT('',(-9.875,13.01,-1.9));
#5397 = VECTOR('',#5398,1.);
#5398 = DIRECTION('',(1.,0.,-0.));
#5399 = PCURVE('',#5205,#5400);
#5400 = DEFINITIONAL_REPRESENTATION('',(#5401),#5405);
#5401 = LINE('',#5402,#5403);
#5402 = CARTESIAN_POINT('',(0.,0.));
#5403 = VECTOR('',#5404,1.);
#5404 = DIRECTION('',(0.,1.));
#5405 = ( GEOMETRIC_REPRESENTATION_CONTEXT(2) 
PARAMETRIC_REPRESENTATION_CONTEXT() REPRESENTATION_CONTEXT('2D SPACE',''
  ) );
#5406 = PCURVE('',#5177,#5407);
#5407 = DEFINITIONAL_REPRESENTATION('',(#5408),#5412);
#5408 = LINE('',#5409,#5410);
#5409 = CARTESIAN_POINT('',(0.,26.02));
#5410 = VECTOR('',#5411,1.);
#5411 = DIRECTION('',(1.,0.));
#5412 = ( GEOMETRIC_REPRESENTATION_CONTEXT(2) 
PARAMETRIC_REPRESENTATION_CONTEXT() REPRESENTATION_CONTEXT('2D SPACE',''
  ) );
#5413 = ORIENTED_EDGE('',*,*,#5189,.T.);
#5414 = ORIENTED_EDGE('',*,*,#5415,.T.);
#5415 = EDGE_CURVE('',#5190,#5300,#5416,.T.);
#5416 = SURFACE_CURVE('',#5417,(#5421,#5428),.PCURVE_S1.);
#5417 = LINE('',#5418,#5419);
#5418 = CARTESIAN_POINT('',(-9.875,13.01,1.9));
#5419 = VECTOR('',#5420,1.);
#5420 = DIRECTION('',(1.,0.,-0.));
#5421 = PCURVE('',#5205,#5422);
#5422 = DEFINITIONAL_REPRESENTATION('',(#5423),#5427);
#5423 = LINE('',#5424,#5425);
#5424 = CARTESIAN_POINT('',(3.8,0.));
#5425 = VECTOR('',#5426,1.);
#5426 = DIRECTION('',(0.,1.));
#5427 = ( GEOMETRIC_REPRESENTATION_CONTEXT(2) 
PARAMETRIC_REPRESENTATION_CONTEXT() REPRESENTATION_CONTEXT('2D SPACE',''
  ) );
#5428 = PCURVE('',#5231,#5429);
#5429 = DEFINITIONAL_REPRESENTATION('',(#5430),#5434);
#5430 = LINE('',#5431,#5432);
#5431 = CARTESIAN_POINT('',(0.,26.02));
#5432 = VECTOR('',#5433,1.);
#5433 = DIRECTION('',(1.,0.));
#5434 = ( GEOMETRIC_REPRESENTATION_CONTEXT(2) 
PARAMETRIC_REPRESENTATION_CONTEXT() REPRESENTATION_CONTEXT('2D SPACE',''
  ) );
#5435 = ORIENTED_EDGE('',*,*,#5299,.F.);
#5436 = ADVANCED_FACE('',(#5437),#5177,.F.);
#5437 = FACE_BOUND('',#5438,.F.);
#5438 = EDGE_LOOP('',(#5439,#5440,#5441,#5442));
#5439 = ORIENTED_EDGE('',*,*,#5161,.F.);
#5440 = ORIENTED_EDGE('',*,*,#5346,.T.);
#5441 = ORIENTED_EDGE('',*,*,#5276,.T.);
#5442 = ORIENTED_EDGE('',*,*,#5393,.F.);
#5443 = ADVANCED_FACE('',(#5444),#5231,.T.);
#5444 = FACE_BOUND('',#5445,.T.);
#5445 = EDGE_LOOP('',(#5446,#5447,#5448,#5449));
#5446 = ORIENTED_EDGE('',*,*,#5217,.F.);
#5447 = ORIENTED_EDGE('',*,*,#5368,.T.);
#5448 = ORIENTED_EDGE('',*,*,#5322,.T.);
#5449 = ORIENTED_EDGE('',*,*,#5415,.F.);
#5450 = ( GEOMETRIC_REPRESENTATION_CONTEXT(3) 
GLOBAL_UNCERTAINTY_ASSIGNED_CONTEXT((#5454)) 
GLOBAL_UNIT_ASSIGNED_CONTEXT((#5451,#5452,#5453)) REPRESENTATION_CONTEXT
('Context #1','3D Context with UNIT and UNCERTAINTY') );
#5451 = ( LENGTH_UNIT() NAMED_UNIT(*) SI_UNIT(.MILLI.,.METRE.) );
#5452 = ( NAMED_UNIT(*) PLANE_ANGLE_UNIT() SI_UNIT($,.RADIAN.) );
#5453 = ( NAMED_UNIT(*) SI_UNIT($,.STERADIAN.) SOLID_ANGLE_UNIT() );
#5454 = UNCERTAINTY_MEASURE_WITH_UNIT(LENGTH_MEASURE(1.E-07),#5451,
  'distance_accuracy_value','confusion accuracy');
#5455 = CONTEXT_DEPENDENT_SHAPE_REPRESENTATION(#5456,#5458);
#5456 = ( REPRESENTATION_RELATIONSHIP('','',#5119,#10) 
REPRESENTATION_RELATIONSHIP_WITH_TRANSFORMATION(#5457) 
SHAPE_REPRESENTATION_RELATIONSHIP() );
#5457 = ITEM_DEFINED_TRANSFORMATION('','',#11,#27);
#5458 = PRODUCT_DEFINITION_SHAPE('Placement','Placement of an item',
  #5459);
#5459 = NEXT_ASSEMBLY_USAGE_OCCURRENCE('11','=>[0:1:1:5]','',#5,#5114,$
  );
#5460 = PRODUCT_RELATED_PRODUCT_CATEGORY('part',$,(#5116));
#5461 = SHAPE_DEFINITION_REPRESENTATION(#5462,#5468);
#5462 = PRODUCT_DEFINITION_SHAPE('','',#5463);
#5463 = PRODUCT_DEFINITION('design','',#5464,#5467);
#5464 = PRODUCT_DEFINITION_FORMATION('','',#5465);
#5465 = PRODUCT('COMPOUND','COMPOUND','',(#5466));
#5466 = PRODUCT_CONTEXT('',#2,'mechanical');
#5467 = PRODUCT_DEFINITION_CONTEXT('part definition',#2,'design');
#5468 = ADVANCED_BREP_SHAPE_REPRESENTATION('',(#11,#5469),#5799);
#5469 = MANIFOLD_SOLID_BREP('',#5470);
#5470 = CLOSED_SHELL('',(#5471,#5591,#5691,#5738,#5785,#5792));
#5471 = ADVANCED_FACE('',(#5472),#5486,.F.);
#5472 = FACE_BOUND('',#5473,.F.);
#5473 = EDGE_LOOP('',(#5474,#5509,#5537,#5565));
#5474 = ORIENTED_EDGE('',*,*,#5475,.F.);
#5475 = EDGE_CURVE('',#5476,#5478,#5480,.T.);
#5476 = VERTEX_POINT('',#5477);
#5477 = CARTESIAN_POINT('',(-8.9,-10.5,-1.75));
#5478 = VERTEX_POINT('',#5479);
#5479 = CARTESIAN_POINT('',(-8.9,-10.5,1.75));
#5480 = SURFACE_CURVE('',#5481,(#5485,#5497),.PCURVE_S1.);
#5481 = LINE('',#5482,#5483);
#5482 = CARTESIAN_POINT('',(-8.9,-10.5,-1.75));
#5483 = VECTOR('',#5484,1.);
#5484 = DIRECTION('',(0.,0.,1.));
#5485 = PCURVE('',#5486,#5491);
#5486 = PLANE('',#5487);
#5487 = AXIS2_PLACEMENT_3D('',#5488,#5489,#5490);
#5488 = CARTESIAN_POINT('',(-8.9,-10.5,-1.75));
#5489 = DIRECTION('',(1.,0.,-0.));
#5490 = DIRECTION('',(0.,0.,1.));
#5491 = DEFINITIONAL_REPRESENTATION('',(#5492),#5496);
#5492 = LINE('',#5493,#5494);
#5493 = CARTESIAN_POINT('',(0.,0.));
#5494 = VECTOR('',#5495,1.);
#5495 = DIRECTION('',(1.,0.));
#5496 = ( GEOMETRIC_REPRESENTATION_CONTEXT(2) 
PARAMETRIC_REPRESENTATION_CONTEXT() REPRESENTATION_CONTEXT('2D SPACE',''
  ) );
#5497 = PCURVE('',#5498,#5503);
#5498 = PLANE('',#5499);
#5499 = AXIS2_PLACEMENT_3D('',#5500,#5501,#5502);
#5500 = CARTESIAN_POINT('',(-8.9,-10.5,-1.75));
#5501 = DIRECTION('',(-0.,1.,0.));
#5502 = DIRECTION('',(0.,0.,1.));
#5503 = DEFINITIONAL_REPRESENTATION('',(#5504),#5508);
#5504 = LINE('',#5505,#5506);
#5505 = CARTESIAN_POINT('',(0.,0.));
#5506 = VECTOR('',#5507,1.);
#5507 = DIRECTION('',(1.,0.));
#5508 = ( GEOMETRIC_REPRESENTATION_CONTEXT(2) 
PARAMETRIC_REPRESENTATION_CONTEXT() REPRESENTATION_CONTEXT('2D SPACE',''
  ) );
#5509 = ORIENTED_EDGE('',*,*,#5510,.T.);
#5510 = EDGE_CURVE('',#5476,#5511,#5513,.T.);
#5511 = VERTEX_POINT('',#5512);
#5512 = CARTESIAN_POINT('',(-8.9,10.5,-1.75));
#5513 = SURFACE_CURVE('',#5514,(#5518,#5525),.PCURVE_S1.);
#5514 = LINE('',#5515,#5516);
#5515 = CARTESIAN_POINT('',(-8.9,-10.5,-1.75));
#5516 = VECTOR('',#5517,1.);
#5517 = DIRECTION('',(-0.,1.,0.));
#5518 = PCURVE('',#5486,#5519);
#5519 = DEFINITIONAL_REPRESENTATION('',(#5520),#5524);
#5520 = LINE('',#5521,#5522);
#5521 = CARTESIAN_POINT('',(0.,0.));
#5522 = VECTOR('',#5523,1.);
#5523 = DIRECTION('',(0.,-1.));
#5524 = ( GEOMETRIC_REPRESENTATION_CONTEXT(2) 
PARAMETRIC_REPRESENTATION_CONTEXT() REPRESENTATION_CONTEXT('2D SPACE',''
  ) );
#5525 = PCURVE('',#5526,#5531);
#5526 = PLANE('',#5527);
#5527 = AXIS2_PLACEMENT_3D('',#5528,#5529,#5530);
#5528 = CARTESIAN_POINT('',(-8.9,-10.5,-1.75));
#5529 = DIRECTION('',(0.,0.,1.));
#5530 = DIRECTION('',(1.,0.,-0.));
#5531 = DEFINITIONAL_REPRESENTATION('',(#5532),#5536);
#5532 = LINE('',#5533,#5534);
#5533 = CARTESIAN_POINT('',(0.,0.));
#5534 = VECTOR('',#5535,1.);
#5535 = DIRECTION('',(0.,1.));
#5536 = ( GEOMETRIC_REPRESENTATION_CONTEXT(2) 
PARAMETRIC_REPRESENTATION_CONTEXT() REPRESENTATION_CONTEXT('2D SPACE',''
  ) );
#5537 = ORIENTED_EDGE('',*,*,#5538,.T.);
#5538 = EDGE_CURVE('',#5511,#5539,#5541,.T.);
#5539 = VERTEX_POINT('',#5540);
#5540 = CARTESIAN_POINT('',(-8.9,10.5,1.75));
#5541 = SURFACE_CURVE('',#5542,(#5546,#5553),.PCURVE_S1.);
#5542 = LINE('',#5543,#5544);
#5543 = CARTESIAN_POINT('',(-8.9,10.5,-1.75));
#5544 = VECTOR('',#5545,1.);
#5545 = DIRECTION('',(0.,0.,1.));
#5546 = PCURVE('',#5486,#5547);
#5547 = DEFINITIONAL_REPRESENTATION('',(#5548),#5552);
#5548 = LINE('',#5549,#5550);
#5549 = CARTESIAN_POINT('',(0.,-21.));
#5550 = VECTOR('',#5551,1.);
#5551 = DIRECTION('',(1.,0.));
#5552 = ( GEOMETRIC_REPRESENTATION_CONTEXT(2) 
PARAMETRIC_REPRESENTATION_CONTEXT() REPRESENTATION_CONTEXT('2D SPACE',''
  ) );
#5553 = PCURVE('',#5554,#5559);
#5554 = PLANE('',#5555);
#5555 = AXIS2_PLACEMENT_3D('',#5556,#5557,#5558);
#5556 = CARTESIAN_POINT('',(-8.9,10.5,-1.75));
#5557 = DIRECTION('',(-0.,1.,0.));
#5558 = DIRECTION('',(0.,0.,1.));
#5559 = DEFINITIONAL_REPRESENTATION('',(#5560),#5564);
#5560 = LINE('',#5561,#5562);
#5561 = CARTESIAN_POINT('',(0.,0.));
#5562 = VECTOR('',#5563,1.);
#5563 = DIRECTION('',(1.,0.));
#5564 = ( GEOMETRIC_REPRESENTATION_CONTEXT(2) 
PARAMETRIC_REPRESENTATION_CONTEXT() REPRESENTATION_CONTEXT('2D SPACE',''
  ) );
#5565 = ORIENTED_EDGE('',*,*,#5566,.F.);
#5566 = EDGE_CURVE('',#5478,#5539,#5567,.T.);
#5567 = SURFACE_CURVE('',#5568,(#5572,#5579),.PCURVE_S1.);
#5568 = LINE('',#5569,#5570);
#5569 = CARTESIAN_POINT('',(-8.9,-10.5,1.75));
#5570 = VECTOR('',#5571,1.);
#5571 = DIRECTION('',(-0.,1.,0.));
#5572 = PCURVE('',#5486,#5573);
#5573 = DEFINITIONAL_REPRESENTATION('',(#5574),#5578);
#5574 = LINE('',#5575,#5576);
#5575 = CARTESIAN_POINT('',(3.5,0.));
#5576 = VECTOR('',#5577,1.);
#5577 = DIRECTION('',(0.,-1.));
#5578 = ( GEOMETRIC_REPRESENTATION_CONTEXT(2) 
PARAMETRIC_REPRESENTATION_CONTEXT() REPRESENTATION_CONTEXT('2D SPACE',''
  ) );
#5579 = PCURVE('',#5580,#5585);
#5580 = PLANE('',#5581);
#5581 = AXIS2_PLACEMENT_3D('',#5582,#5583,#5584);
#5582 = CARTESIAN_POINT('',(-8.9,-10.5,1.75));
#5583 = DIRECTION('',(0.,0.,1.));
#5584 = DIRECTION('',(1.,0.,-0.));
#5585 = DEFINITIONAL_REPRESENTATION('',(#5586),#5590);
#5586 = LINE('',#5587,#5588);
#5587 = CARTESIAN_POINT('',(0.,0.));
#5588 = VECTOR('',#5589,1.);
#5589 = DIRECTION('',(0.,1.));
#5590 = ( GEOMETRIC_REPRESENTATION_CONTEXT(2) 
PARAMETRIC_REPRESENTATION_CONTEXT() REPRESENTATION_CONTEXT('2D SPACE',''
  ) );
#5591 = ADVANCED_FACE('',(#5592),#5606,.T.);
#5592 = FACE_BOUND('',#5593,.T.);
#5593 = EDGE_LOOP('',(#5594,#5624,#5647,#5670));
#5594 = ORIENTED_EDGE('',*,*,#5595,.F.);
#5595 = EDGE_CURVE('',#5596,#5598,#5600,.T.);
#5596 = VERTEX_POINT('',#5597);
#5597 = CARTESIAN_POINT('',(8.9,-10.5,-1.75));
#5598 = VERTEX_POINT('',#5599);
#5599 = CARTESIAN_POINT('',(8.9,-10.5,1.75));
#5600 = SURFACE_CURVE('',#5601,(#5605,#5617),.PCURVE_S1.);
#5601 = LINE('',#5602,#5603);
#5602 = CARTESIAN_POINT('',(8.9,-10.5,-1.75));
#5603 = VECTOR('',#5604,1.);
#5604 = DIRECTION('',(0.,0.,1.));
#5605 = PCURVE('',#5606,#5611);
#5606 = PLANE('',#5607);
#5607 = AXIS2_PLACEMENT_3D('',#5608,#5609,#5610);
#5608 = CARTESIAN_POINT('',(8.9,-10.5,-1.75));
#5609 = DIRECTION('',(1.,0.,-0.));
#5610 = DIRECTION('',(0.,0.,1.));
#5611 = DEFINITIONAL_REPRESENTATION('',(#5612),#5616);
#5612 = LINE('',#5613,#5614);
#5613 = CARTESIAN_POINT('',(0.,0.));
#5614 = VECTOR('',#5615,1.);
#5615 = DIRECTION('',(1.,0.));
#5616 = ( GEOMETRIC_REPRESENTATION_CONTEXT(2) 
PARAMETRIC_REPRESENTATION_CONTEXT() REPRESENTATION_CONTEXT('2D SPACE',''
  ) );
#5617 = PCURVE('',#5498,#5618);
#5618 = DEFINITIONAL_REPRESENTATION('',(#5619),#5623);
#5619 = LINE('',#5620,#5621);
#5620 = CARTESIAN_POINT('',(0.,17.8));
#5621 = VECTOR('',#5622,1.);
#5622 = DIRECTION('',(1.,0.));
#5623 = ( GEOMETRIC_REPRESENTATION_CONTEXT(2) 
PARAMETRIC_REPRESENTATION_CONTEXT() REPRESENTATION_CONTEXT('2D SPACE',''
  ) );
#5624 = ORIENTED_EDGE('',*,*,#5625,.T.);
#5625 = EDGE_CURVE('',#5596,#5626,#5628,.T.);
#5626 = VERTEX_POINT('',#5627);
#5627 = CARTESIAN_POINT('',(8.9,10.5,-1.75));
#5628 = SURFACE_CURVE('',#5629,(#5633,#5640),.PCURVE_S1.);
#5629 = LINE('',#5630,#5631);
#5630 = CARTESIAN_POINT('',(8.9,-10.5,-1.75));
#5631 = VECTOR('',#5632,1.);
#5632 = DIRECTION('',(-0.,1.,0.));
#5633 = PCURVE('',#5606,#5634);
#5634 = DEFINITIONAL_REPRESENTATION('',(#5635),#5639);
#5635 = LINE('',#5636,#5637);
#5636 = CARTESIAN_POINT('',(0.,0.));
#5637 = VECTOR('',#5638,1.);
#5638 = DIRECTION('',(0.,-1.));
#5639 = ( GEOMETRIC_REPRESENTATION_CONTEXT(2) 
PARAMETRIC_REPRESENTATION_CONTEXT() REPRESENTATION_CONTEXT('2D SPACE',''
  ) );
#5640 = PCURVE('',#5526,#5641);
#5641 = DEFINITIONAL_REPRESENTATION('',(#5642),#5646);
#5642 = LINE('',#5643,#5644);
#5643 = CARTESIAN_POINT('',(17.8,0.));
#5644 = VECTOR('',#5645,1.);
#5645 = DIRECTION('',(0.,1.));
#5646 = ( GEOMETRIC_REPRESENTATION_CONTEXT(2) 
PARAMETRIC_REPRESENTATION_CONTEXT() REPRESENTATION_CONTEXT('2D SPACE',''
  ) );
#5647 = ORIENTED_EDGE('',*,*,#5648,.T.);
#5648 = EDGE_CURVE('',#5626,#5649,#5651,.T.);
#5649 = VERTEX_POINT('',#5650);
#5650 = CARTESIAN_POINT('',(8.9,10.5,1.75));
#5651 = SURFACE_CURVE('',#5652,(#5656,#5663),.PCURVE_S1.);
#5652 = LINE('',#5653,#5654);
#5653 = CARTESIAN_POINT('',(8.9,10.5,-1.75));
#5654 = VECTOR('',#5655,1.);
#5655 = DIRECTION('',(0.,0.,1.));
#5656 = PCURVE('',#5606,#5657);
#5657 = DEFINITIONAL_REPRESENTATION('',(#5658),#5662);
#5658 = LINE('',#5659,#5660);
#5659 = CARTESIAN_POINT('',(0.,-21.));
#5660 = VECTOR('',#5661,1.);
#5661 = DIRECTION('',(1.,0.));
#5662 = ( GEOMETRIC_REPRESENTATION_CONTEXT(2) 
PARAMETRIC_REPRESENTATION_CONTEXT() REPRESENTATION_CONTEXT('2D SPACE',''
  ) );
#5663 = PCURVE('',#5554,#5664);
#5664 = DEFINITIONAL_REPRESENTATION('',(#5665),#5669);
#5665 = LINE('',#5666,#5667);
#5666 = CARTESIAN_POINT('',(0.,17.8));
#5667 = VECTOR('',#5668,1.);
#5668 = DIRECTION('',(1.,0.));
#5669 = ( GEOMETRIC_REPRESENTATION_CONTEXT(2) 
PARAMETRIC_REPRESENTATION_CONTEXT() REPRESENTATION_CONTEXT('2D SPACE',''
  ) );
#5670 = ORIENTED_EDGE('',*,*,#5671,.F.);
#5671 = EDGE_CURVE('',#5598,#5649,#5672,.T.);
#5672 = SURFACE_CURVE('',#5673,(#5677,#5684),.PCURVE_S1.);
#5673 = LINE('',#5674,#5675);
#5674 = CARTESIAN_POINT('',(8.9,-10.5,1.75));
#5675 = VECTOR('',#5676,1.);
#5676 = DIRECTION('',(-0.,1.,0.));
#5677 = PCURVE('',#5606,#5678);
#5678 = DEFINITIONAL_REPRESENTATION('',(#5679),#5683);
#5679 = LINE('',#5680,#5681);
#5680 = CARTESIAN_POINT('',(3.5,0.));
#5681 = VECTOR('',#5682,1.);
#5682 = DIRECTION('',(0.,-1.));
#5683 = ( GEOMETRIC_REPRESENTATION_CONTEXT(2) 
PARAMETRIC_REPRESENTATION_CONTEXT() REPRESENTATION_CONTEXT('2D SPACE',''
  ) );
#5684 = PCURVE('',#5580,#5685);
#5685 = DEFINITIONAL_REPRESENTATION('',(#5686),#5690);
#5686 = LINE('',#5687,#5688);
#5687 = CARTESIAN_POINT('',(17.8,0.));
#5688 = VECTOR('',#5689,1.);
#5689 = DIRECTION('',(0.,1.));
#5690 = ( GEOMETRIC_REPRESENTATION_CONTEXT(2) 
PARAMETRIC_REPRESENTATION_CONTEXT() REPRESENTATION_CONTEXT('2D SPACE',''
  ) );
#5691 = ADVANCED_FACE('',(#5692),#5498,.F.);
#5692 = FACE_BOUND('',#5693,.F.);
#5693 = EDGE_LOOP('',(#5694,#5715,#5716,#5737));
#5694 = ORIENTED_EDGE('',*,*,#5695,.F.);
#5695 = EDGE_CURVE('',#5476,#5596,#5696,.T.);
#5696 = SURFACE_CURVE('',#5697,(#5701,#5708),.PCURVE_S1.);
#5697 = LINE('',#5698,#5699);
#5698 = CARTESIAN_POINT('',(-8.9,-10.5,-1.75));
#5699 = VECTOR('',#5700,1.);
#5700 = DIRECTION('',(1.,0.,-0.));
#5701 = PCURVE('',#5498,#5702);
#5702 = DEFINITIONAL_REPRESENTATION('',(#5703),#5707);
#5703 = LINE('',#5704,#5705);
#5704 = CARTESIAN_POINT('',(0.,0.));
#5705 = VECTOR('',#5706,1.);
#5706 = DIRECTION('',(0.,1.));
#5707 = ( GEOMETRIC_REPRESENTATION_CONTEXT(2) 
PARAMETRIC_REPRESENTATION_CONTEXT() REPRESENTATION_CONTEXT('2D SPACE',''
  ) );
#5708 = PCURVE('',#5526,#5709);
#5709 = DEFINITIONAL_REPRESENTATION('',(#5710),#5714);
#5710 = LINE('',#5711,#5712);
#5711 = CARTESIAN_POINT('',(0.,0.));
#5712 = VECTOR('',#5713,1.);
#5713 = DIRECTION('',(1.,0.));
#5714 = ( GEOMETRIC_REPRESENTATION_CONTEXT(2) 
PARAMETRIC_REPRESENTATION_CONTEXT() REPRESENTATION_CONTEXT('2D SPACE',''
  ) );
#5715 = ORIENTED_EDGE('',*,*,#5475,.T.);
#5716 = ORIENTED_EDGE('',*,*,#5717,.T.);
#5717 = EDGE_CURVE('',#5478,#5598,#5718,.T.);
#5718 = SURFACE_CURVE('',#5719,(#5723,#5730),.PCURVE_S1.);
#5719 = LINE('',#5720,#5721);
#5720 = CARTESIAN_POINT('',(-8.9,-10.5,1.75));
#5721 = VECTOR('',#5722,1.);
#5722 = DIRECTION('',(1.,0.,-0.));
#5723 = PCURVE('',#5498,#5724);
#5724 = DEFINITIONAL_REPRESENTATION('',(#5725),#5729);
#5725 = LINE('',#5726,#5727);
#5726 = CARTESIAN_POINT('',(3.5,0.));
#5727 = VECTOR('',#5728,1.);
#5728 = DIRECTION('',(0.,1.));
#5729 = ( GEOMETRIC_REPRESENTATION_CONTEXT(2) 
PARAMETRIC_REPRESENTATION_CONTEXT() REPRESENTATION_CONTEXT('2D SPACE',''
  ) );
#5730 = PCURVE('',#5580,#5731);
#5731 = DEFINITIONAL_REPRESENTATION('',(#5732),#5736);
#5732 = LINE('',#5733,#5734);
#5733 = CARTESIAN_POINT('',(0.,0.));
#5734 = VECTOR('',#5735,1.);
#5735 = DIRECTION('',(1.,0.));
#5736 = ( GEOMETRIC_REPRESENTATION_CONTEXT(2) 
PARAMETRIC_REPRESENTATION_CONTEXT() REPRESENTATION_CONTEXT('2D SPACE',''
  ) );
#5737 = ORIENTED_EDGE('',*,*,#5595,.F.);
#5738 = ADVANCED_FACE('',(#5739),#5554,.T.);
#5739 = FACE_BOUND('',#5740,.T.);
#5740 = EDGE_LOOP('',(#5741,#5762,#5763,#5784));
#5741 = ORIENTED_EDGE('',*,*,#5742,.F.);
#5742 = EDGE_CURVE('',#5511,#5626,#5743,.T.);
#5743 = SURFACE_CURVE('',#5744,(#5748,#5755),.PCURVE_S1.);
#5744 = LINE('',#5745,#5746);
#5745 = CARTESIAN_POINT('',(-8.9,10.5,-1.75));
#5746 = VECTOR('',#5747,1.);
#5747 = DIRECTION('',(1.,0.,-0.));
#5748 = PCURVE('',#5554,#5749);
#5749 = DEFINITIONAL_REPRESENTATION('',(#5750),#5754);
#5750 = LINE('',#5751,#5752);
#5751 = CARTESIAN_POINT('',(0.,0.));
#5752 = VECTOR('',#5753,1.);
#5753 = DIRECTION('',(0.,1.));
#5754 = ( GEOMETRIC_REPRESENTATION_CONTEXT(2) 
PARAMETRIC_REPRESENTATION_CONTEXT() REPRESENTATION_CONTEXT('2D SPACE',''
  ) );
#5755 = PCURVE('',#5526,#5756);
#5756 = DEFINITIONAL_REPRESENTATION('',(#5757),#5761);
#5757 = LINE('',#5758,#5759);
#5758 = CARTESIAN_POINT('',(0.,21.));
#5759 = VECTOR('',#5760,1.);
#5760 = DIRECTION('',(1.,0.));
#5761 = ( GEOMETRIC_REPRESENTATION_CONTEXT(2) 
PARAMETRIC_REPRESENTATION_CONTEXT() REPRESENTATION_CONTEXT('2D SPACE',''
  ) );
#5762 = ORIENTED_EDGE('',*,*,#5538,.T.);
#5763 = ORIENTED_EDGE('',*,*,#5764,.T.);
#5764 = EDGE_CURVE('',#5539,#5649,#5765,.T.);
#5765 = SURFACE_CURVE('',#5766,(#5770,#5777),.PCURVE_S1.);
#5766 = LINE('',#5767,#5768);
#5767 = CARTESIAN_POINT('',(-8.9,10.5,1.75));
#5768 = VECTOR('',#5769,1.);
#5769 = DIRECTION('',(1.,0.,-0.));
#5770 = PCURVE('',#5554,#5771);
#5771 = DEFINITIONAL_REPRESENTATION('',(#5772),#5776);
#5772 = LINE('',#5773,#5774);
#5773 = CARTESIAN_POINT('',(3.5,0.));
#5774 = VECTOR('',#5775,1.);
#5775 = DIRECTION('',(0.,1.));
#5776 = ( GEOMETRIC_REPRESENTATION_CONTEXT(2) 
PARAMETRIC_REPRESENTATION_CONTEXT() REPRESENTATION_CONTEXT('2D SPACE',''
  ) );
#5777 = PCURVE('',#5580,#5778);
#5778 = DEFINITIONAL_REPRESENTATION('',(#5779),#5783);
#5779 = LINE('',#5780,#5781);
#5780 = CARTESIAN_POINT('',(0.,21.));
#5781 = VECTOR('',#5782,1.);
#5782 = DIRECTION('',(1.,0.));
#5783 = ( GEOMETRIC_REPRESENTATION_CONTEXT(2) 
PARAMETRIC_REPRESENTATION_CONTEXT() REPRESENTATION_CONTEXT('2D SPACE',''
  ) );
#5784 = ORIENTED_EDGE('',*,*,#5648,.F.);
#5785 = ADVANCED_FACE('',(#5786),#5526,.F.);
#5786 = FACE_BOUND('',#5787,.F.);
#5787 = EDGE_LOOP('',(#5788,#5789,#5790,#5791));
#5788 = ORIENTED_EDGE('',*,*,#5510,.F.);
#5789 = ORIENTED_EDGE('',*,*,#5695,.T.);
#5790 = ORIENTED_EDGE('',*,*,#5625,.T.);
#5791 = ORIENTED_EDGE('',*,*,#5742,.F.);
#5792 = ADVANCED_FACE('',(#5793),#5580,.T.);
#5793 = FACE_BOUND('',#5794,.T.);
#5794 = EDGE_LOOP('',(#5795,#5796,#5797,#5798));
#5795 = ORIENTED_EDGE('',*,*,#5566,.F.);
#5796 = ORIENTED_EDGE('',*,*,#5717,.T.);
#5797 = ORIENTED_EDGE('',*,*,#5671,.T.);
#5798 = ORIENTED_EDGE('',*,*,#5764,.F.);
#5799 = ( GEOMETRIC_REPRESENTATION_CONTEXT(3) 
GLOBAL_UNCERTAINTY_ASSIGNED_CONTEXT((#5803)) 
GLOBAL_UNIT_ASSIGNED_CONTEXT((#5800,#5801,#5802)) REPRESENTATION_CONTEXT
('Context #1','3D Context with UNIT and UNCERTAINTY') );
#5800 = ( LENGTH_UNIT() NAMED_UNIT(*) SI_UNIT(.MILLI.,.METRE.) );
#5801 = ( NAMED_UNIT(*) PLANE_ANGLE_UNIT() SI_UNIT($,.RADIAN.) );
#5802 = ( NAMED_UNIT(*) SI_UNIT($,.STERADIAN.) SOLID_ANGLE_UNIT() );
#5803 = UNCERTAINTY_MEASURE_WITH_UNIT(LENGTH_MEASURE(1.E-07),#5800,
  'distance_accuracy_value','confusion accuracy');
#5804 = CONTEXT_DEPENDENT_SHAPE_REPRESENTATION(#5805,#5807);
#5805 = ( REPRESENTATION_RELATIONSHIP('','',#5468,#10) 
REPRESENTATION_RELATIONSHIP_WITH_TRANSFORMATION(#5806) 
SHAPE_REPRESENTATION_RELATIONSHIP() );
#5806 = ITEM_DEFINED_TRANSFORMATION('','',#11,#31);
#5807 = PRODUCT_DEFINITION_SHAPE('Placement','Placement of an item',
  #5808);
#5808 = NEXT_ASSEMBLY_USAGE_OCCURRENCE('12','=>[0:1:1:6]','',#5,#5463,$
  );
#5809 = PRODUCT_RELATED_PRODUCT_CATEGORY('part',$,(#5465));
#5810 = SHAPE_DEFINITION_REPRESENTATION(#5811,#5817);
#5811 = PRODUCT_DEFINITION_SHAPE('','',#5812);
#5812 = PRODUCT_DEFINITION('design','',#5813,#5816);
#5813 = PRODUCT_DEFINITION_FORMATION('','',#5814);
#5814 = PRODUCT('COMPOUND','COMPOUND','',(#5815));
#5815 = PRODUCT_CONTEXT('',#2,'mechanical');
#5816 = PRODUCT_DEFINITION_CONTEXT('part definition',#2,'design');
#5817 = ADVANCED_BREP_SHAPE_REPRESENTATION('',(#11,#5818),#6148);
#5818 = MANIFOLD_SOLID_BREP('',#5819);
#5819 = CLOSED_SHELL('',(#5820,#5940,#6040,#6087,#6134,#6141));
#5820 = ADVANCED_FACE('',(#5821),#5835,.F.);
#5821 = FACE_BOUND('',#5822,.F.);
#5822 = EDGE_LOOP('',(#5823,#5858,#5886,#5914));
#5823 = ORIENTED_EDGE('',*,*,#5824,.F.);
#5824 = EDGE_CURVE('',#5825,#5827,#5829,.T.);
#5825 = VERTEX_POINT('',#5826);
#5826 = CARTESIAN_POINT('',(-2.,-4.,-1.5));
#5827 = VERTEX_POINT('',#5828);
#5828 = CARTESIAN_POINT('',(-2.,-4.,1.5));
#5829 = SURFACE_CURVE('',#5830,(#5834,#5846),.PCURVE_S1.);
#5830 = LINE('',#5831,#5832);
#5831 = CARTESIAN_POINT('',(-2.,-4.,-1.5));
#5832 = VECTOR('',#5833,1.);
#5833 = DIRECTION('',(0.,0.,1.));
#5834 = PCURVE('',#5835,#5840);
#5835 = PLANE('',#5836);
#5836 = AXIS2_PLACEMENT_3D('',#5837,#5838,#5839);
#5837 = CARTESIAN_POINT('',(-2.,-4.,-1.5));
#5838 = DIRECTION('',(1.,0.,-0.));
#5839 = DIRECTION('',(0.,0.,1.));
#5840 = DEFINITIONAL_REPRESENTATION('',(#5841),#5845);
#5841 = LINE('',#5842,#5843);
#5842 = CARTESIAN_POINT('',(0.,0.));
#5843 = VECTOR('',#5844,1.);
#5844 = DIRECTION('',(1.,0.));
#5845 = ( GEOMETRIC_REPRESENTATION_CONTEXT(2) 
PARAMETRIC_REPRESENTATION_CONTEXT() REPRESENTATION_CONTEXT('2D SPACE',''
  ) );
#5846 = PCURVE('',#5847,#5852);
#5847 = PLANE('',#5848);
#5848 = AXIS2_PLACEMENT_3D('',#5849,#5850,#5851);
#5849 = CARTESIAN_POINT('',(-2.,-4.,-1.5));
#5850 = DIRECTION('',(-0.,1.,0.));
#5851 = DIRECTION('',(0.,0.,1.));
#5852 = DEFINITIONAL_REPRESENTATION('',(#5853),#5857);
#5853 = LINE('',#5854,#5855);
#5854 = CARTESIAN_POINT('',(0.,0.));
#5855 = VECTOR('',#5856,1.);
#5856 = DIRECTION('',(1.,0.));
#5857 = ( GEOMETRIC_REPRESENTATION_CONTEXT(2) 
PARAMETRIC_REPRESENTATION_CONTEXT() REPRESENTATION_CONTEXT('2D SPACE',''
  ) );
#5858 = ORIENTED_EDGE('',*,*,#5859,.T.);
#5859 = EDGE_CURVE('',#5825,#5860,#5862,.T.);
#5860 = VERTEX_POINT('',#5861);
#5861 = CARTESIAN_POINT('',(-2.,4.,-1.5));
#5862 = SURFACE_CURVE('',#5863,(#5867,#5874),.PCURVE_S1.);
#5863 = LINE('',#5864,#5865);
#5864 = CARTESIAN_POINT('',(-2.,-4.,-1.5));
#5865 = VECTOR('',#5866,1.);
#5866 = DIRECTION('',(-0.,1.,0.));
#5867 = PCURVE('',#5835,#5868);
#5868 = DEFINITIONAL_REPRESENTATION('',(#5869),#5873);
#5869 = LINE('',#5870,#5871);
#5870 = CARTESIAN_POINT('',(0.,0.));
#5871 = VECTOR('',#5872,1.);
#5872 = DIRECTION('',(0.,-1.));
#5873 = ( GEOMETRIC_REPRESENTATION_CONTEXT(2) 
PARAMETRIC_REPRESENTATION_CONTEXT() REPRESENTATION_CONTEXT('2D SPACE',''
  ) );
#5874 = PCURVE('',#5875,#5880);
#5875 = PLANE('',#5876);
#5876 = AXIS2_PLACEMENT_3D('',#5877,#5878,#5879);
#5877 = CARTESIAN_POINT('',(-2.,-4.,-1.5));
#5878 = DIRECTION('',(0.,0.,1.));
#5879 = DIRECTION('',(1.,0.,-0.));
#5880 = DEFINITIONAL_REPRESENTATION('',(#5881),#5885);
#5881 = LINE('',#5882,#5883);
#5882 = CARTESIAN_POINT('',(0.,0.));
#5883 = VECTOR('',#5884,1.);
#5884 = DIRECTION('',(0.,1.));
#5885 = ( GEOMETRIC_REPRESENTATION_CONTEXT(2) 
PARAMETRIC_REPRESENTATION_CONTEXT() REPRESENTATION_CONTEXT('2D SPACE',''
  ) );
#5886 = ORIENTED_EDGE('',*,*,#5887,.T.);
#5887 = EDGE_CURVE('',#5860,#5888,#5890,.T.);
#5888 = VERTEX_POINT('',#5889);
#5889 = CARTESIAN_POINT('',(-2.,4.,1.5));
#5890 = SURFACE_CURVE('',#5891,(#5895,#5902),.PCURVE_S1.);
#5891 = LINE('',#5892,#5893);
#5892 = CARTESIAN_POINT('',(-2.,4.,-1.5));
#5893 = VECTOR('',#5894,1.);
#5894 = DIRECTION('',(0.,0.,1.));
#5895 = PCURVE('',#5835,#5896);
#5896 = DEFINITIONAL_REPRESENTATION('',(#5897),#5901);
#5897 = LINE('',#5898,#5899);
#5898 = CARTESIAN_POINT('',(0.,-8.));
#5899 = VECTOR('',#5900,1.);
#5900 = DIRECTION('',(1.,0.));
#5901 = ( GEOMETRIC_REPRESENTATION_CONTEXT(2) 
PARAMETRIC_REPRESENTATION_CONTEXT() REPRESENTATION_CONTEXT('2D SPACE',''
  ) );
#5902 = PCURVE('',#5903,#5908);
#5903 = PLANE('',#5904);
#5904 = AXIS2_PLACEMENT_3D('',#5905,#5906,#5907);
#5905 = CARTESIAN_POINT('',(-2.,4.,-1.5));
#5906 = DIRECTION('',(-0.,1.,0.));
#5907 = DIRECTION('',(0.,0.,1.));
#5908 = DEFINITIONAL_REPRESENTATION('',(#5909),#5913);
#5909 = LINE('',#5910,#5911);
#5910 = CARTESIAN_POINT('',(0.,0.));
#5911 = VECTOR('',#5912,1.);
#5912 = DIRECTION('',(1.,0.));
#5913 = ( GEOMETRIC_REPRESENTATION_CONTEXT(2) 
PARAMETRIC_REPRESENTATION_CONTEXT() REPRESENTATION_CONTEXT('2D SPACE',''
  ) );
#5914 = ORIENTED_EDGE('',*,*,#5915,.F.);
#5915 = EDGE_CURVE('',#5827,#5888,#5916,.T.);
#5916 = SURFACE_CURVE('',#5917,(#5921,#5928),.PCURVE_S1.);
#5917 = LINE('',#5918,#5919);
#5918 = CARTESIAN_POINT('',(-2.,-4.,1.5));
#5919 = VECTOR('',#5920,1.);
#5920 = DIRECTION('',(-0.,1.,0.));
#5921 = PCURVE('',#5835,#5922);
#5922 = DEFINITIONAL_REPRESENTATION('',(#5923),#5927);
#5923 = LINE('',#5924,#5925);
#5924 = CARTESIAN_POINT('',(3.,0.));
#5925 = VECTOR('',#5926,1.);
#5926 = DIRECTION('',(0.,-1.));
#5927 = ( GEOMETRIC_REPRESENTATION_CONTEXT(2) 
PARAMETRIC_REPRESENTATION_CONTEXT() REPRESENTATION_CONTEXT('2D SPACE',''
  ) );
#5928 = PCURVE('',#5929,#5934);
#5929 = PLANE('',#5930);
#5930 = AXIS2_PLACEMENT_3D('',#5931,#5932,#5933);
#5931 = CARTESIAN_POINT('',(-2.,-4.,1.5));
#5932 = DIRECTION('',(0.,0.,1.));
#5933 = DIRECTION('',(1.,0.,-0.));
#5934 = DEFINITIONAL_REPRESENTATION('',(#5935),#5939);
#5935 = LINE('',#5936,#5937);
#5936 = CARTESIAN_POINT('',(0.,0.));
#5937 = VECTOR('',#5938,1.);
#5938 = DIRECTION('',(0.,1.));
#5939 = ( GEOMETRIC_REPRESENTATION_CONTEXT(2) 
PARAMETRIC_REPRESENTATION_CONTEXT() REPRESENTATION_CONTEXT('2D SPACE',''
  ) );
#5940 = ADVANCED_FACE('',(#5941),#5955,.T.);
#5941 = FACE_BOUND('',#5942,.T.);
#5942 = EDGE_LOOP('',(#5943,#5973,#5996,#6019));
#5943 = ORIENTED_EDGE('',*,*,#5944,.F.);
#5944 = EDGE_CURVE('',#5945,#5947,#5949,.T.);
#5945 = VERTEX_POINT('',#5946);
#5946 = CARTESIAN_POINT('',(2.,-4.,-1.5));
#5947 = VERTEX_POINT('',#5948);
#5948 = CARTESIAN_POINT('',(2.,-4.,1.5));
#5949 = SURFACE_CURVE('',#5950,(#5954,#5966),.PCURVE_S1.);
#5950 = LINE('',#5951,#5952);
#5951 = CARTESIAN_POINT('',(2.,-4.,-1.5));
#5952 = VECTOR('',#5953,1.);
#5953 = DIRECTION('',(0.,0.,1.));
#5954 = PCURVE('',#5955,#5960);
#5955 = PLANE('',#5956);
#5956 = AXIS2_PLACEMENT_3D('',#5957,#5958,#5959);
#5957 = CARTESIAN_POINT('',(2.,-4.,-1.5));
#5958 = DIRECTION('',(1.,0.,-0.));
#5959 = DIRECTION('',(0.,0.,1.));
#5960 = DEFINITIONAL_REPRESENTATION('',(#5961),#5965);
#5961 = LINE('',#5962,#5963);
#5962 = CARTESIAN_POINT('',(0.,0.));
#5963 = VECTOR('',#5964,1.);
#5964 = DIRECTION('',(1.,0.));
#5965 = ( GEOMETRIC_REPRESENTATION_CONTEXT(2) 
PARAMETRIC_REPRESENTATION_CONTEXT() REPRESENTATION_CONTEXT('2D SPACE',''
  ) );
#5966 = PCURVE('',#5847,#5967);
#5967 = DEFINITIONAL_REPRESENTATION('',(#5968),#5972);
#5968 = LINE('',#5969,#5970);
#5969 = CARTESIAN_POINT('',(0.,4.));
#5970 = VECTOR('',#5971,1.);
#5971 = DIRECTION('',(1.,0.));
#5972 = ( GEOMETRIC_REPRESENTATION_CONTEXT(2) 
PARAMETRIC_REPRESENTATION_CONTEXT() REPRESENTATION_CONTEXT('2D SPACE',''
  ) );
#5973 = ORIENTED_EDGE('',*,*,#5974,.T.);
#5974 = EDGE_CURVE('',#5945,#5975,#5977,.T.);
#5975 = VERTEX_POINT('',#5976);
#5976 = CARTESIAN_POINT('',(2.,4.,-1.5));
#5977 = SURFACE_CURVE('',#5978,(#5982,#5989),.PCURVE_S1.);
#5978 = LINE('',#5979,#5980);
#5979 = CARTESIAN_POINT('',(2.,-4.,-1.5));
#5980 = VECTOR('',#5981,1.);
#5981 = DIRECTION('',(-0.,1.,0.));
#5982 = PCURVE('',#5955,#5983);
#5983 = DEFINITIONAL_REPRESENTATION('',(#5984),#5988);
#5984 = LINE('',#5985,#5986);
#5985 = CARTESIAN_POINT('',(0.,0.));
#5986 = VECTOR('',#5987,1.);
#5987 = DIRECTION('',(0.,-1.));
#5988 = ( GEOMETRIC_REPRESENTATION_CONTEXT(2) 
PARAMETRIC_REPRESENTATION_CONTEXT() REPRESENTATION_CONTEXT('2D SPACE',''
  ) );
#5989 = PCURVE('',#5875,#5990);
#5990 = DEFINITIONAL_REPRESENTATION('',(#5991),#5995);
#5991 = LINE('',#5992,#5993);
#5992 = CARTESIAN_POINT('',(4.,0.));
#5993 = VECTOR('',#5994,1.);
#5994 = DIRECTION('',(0.,1.));
#5995 = ( GEOMETRIC_REPRESENTATION_CONTEXT(2) 
PARAMETRIC_REPRESENTATION_CONTEXT() REPRESENTATION_CONTEXT('2D SPACE',''
  ) );
#5996 = ORIENTED_EDGE('',*,*,#5997,.T.);
#5997 = EDGE_CURVE('',#5975,#5998,#6000,.T.);
#5998 = VERTEX_POINT('',#5999);
#5999 = CARTESIAN_POINT('',(2.,4.,1.5));
#6000 = SURFACE_CURVE('',#6001,(#6005,#6012),.PCURVE_S1.);
#6001 = LINE('',#6002,#6003);
#6002 = CARTESIAN_POINT('',(2.,4.,-1.5));
#6003 = VECTOR('',#6004,1.);
#6004 = DIRECTION('',(0.,0.,1.));
#6005 = PCURVE('',#5955,#6006);
#6006 = DEFINITIONAL_REPRESENTATION('',(#6007),#6011);
#6007 = LINE('',#6008,#6009);
#6008 = CARTESIAN_POINT('',(0.,-8.));
#6009 = VECTOR('',#6010,1.);
#6010 = DIRECTION('',(1.,0.));
#6011 = ( GEOMETRIC_REPRESENTATION_CONTEXT(2) 
PARAMETRIC_REPRESENTATION_CONTEXT() REPRESENTATION_CONTEXT('2D SPACE',''
  ) );
#6012 = PCURVE('',#5903,#6013);
#6013 = DEFINITIONAL_REPRESENTATION('',(#6014),#6018);
#6014 = LINE('',#6015,#6016);
#6015 = CARTESIAN_POINT('',(0.,4.));
#6016 = VECTOR('',#6017,1.);
#6017 = DIRECTION('',(1.,0.));
#6018 = ( GEOMETRIC_REPRESENTATION_CONTEXT(2) 
PARAMETRIC_REPRESENTATION_CONTEXT() REPRESENTATION_CONTEXT('2D SPACE',''
  ) );
#6019 = ORIENTED_EDGE('',*,*,#6020,.F.);
#6020 = EDGE_CURVE('',#5947,#5998,#6021,.T.);
#6021 = SURFACE_CURVE('',#6022,(#6026,#6033),.PCURVE_S1.);
#6022 = LINE('',#6023,#6024);
#6023 = CARTESIAN_POINT('',(2.,-4.,1.5));
#6024 = VECTOR('',#6025,1.);
#6025 = DIRECTION('',(-0.,1.,0.));
#6026 = PCURVE('',#5955,#6027);
#6027 = DEFINITIONAL_REPRESENTATION('',(#6028),#6032);
#6028 = LINE('',#6029,#6030);
#6029 = CARTESIAN_POINT('',(3.,0.));
#6030 = VECTOR('',#6031,1.);
#6031 = DIRECTION('',(0.,-1.));
#6032 = ( GEOMETRIC_REPRESENTATION_CONTEXT(2) 
PARAMETRIC_REPRESENTATION_CONTEXT() REPRESENTATION_CONTEXT('2D SPACE',''
  ) );
#6033 = PCURVE('',#5929,#6034);
#6034 = DEFINITIONAL_REPRESENTATION('',(#6035),#6039);
#6035 = LINE('',#6036,#6037);
#6036 = CARTESIAN_POINT('',(4.,0.));
#6037 = VECTOR('',#6038,1.);
#6038 = DIRECTION('',(0.,1.));
#6039 = ( GEOMETRIC_REPRESENTATION_CONTEXT(2) 
PARAMETRIC_REPRESENTATION_CONTEXT() REPRESENTATION_CONTEXT('2D SPACE',''
  ) );
#6040 = ADVANCED_FACE('',(#6041),#5847,.F.);
#6041 = FACE_BOUND('',#6042,.F.);
#6042 = EDGE_LOOP('',(#6043,#6064,#6065,#6086));
#6043 = ORIENTED_EDGE('',*,*,#6044,.F.);
#6044 = EDGE_CURVE('',#5825,#5945,#6045,.T.);
#6045 = SURFACE_CURVE('',#6046,(#6050,#6057),.PCURVE_S1.);
#6046 = LINE('',#6047,#6048);
#6047 = CARTESIAN_POINT('',(-2.,-4.,-1.5));
#6048 = VECTOR('',#6049,1.);
#6049 = DIRECTION('',(1.,0.,-0.));
#6050 = PCURVE('',#5847,#6051);
#6051 = DEFINITIONAL_REPRESENTATION('',(#6052),#6056);
#6052 = LINE('',#6053,#6054);
#6053 = CARTESIAN_POINT('',(0.,0.));
#6054 = VECTOR('',#6055,1.);
#6055 = DIRECTION('',(0.,1.));
#6056 = ( GEOMETRIC_REPRESENTATION_CONTEXT(2) 
PARAMETRIC_REPRESENTATION_CONTEXT() REPRESENTATION_CONTEXT('2D SPACE',''
  ) );
#6057 = PCURVE('',#5875,#6058);
#6058 = DEFINITIONAL_REPRESENTATION('',(#6059),#6063);
#6059 = LINE('',#6060,#6061);
#6060 = CARTESIAN_POINT('',(0.,0.));
#6061 = VECTOR('',#6062,1.);
#6062 = DIRECTION('',(1.,0.));
#6063 = ( GEOMETRIC_REPRESENTATION_CONTEXT(2) 
PARAMETRIC_REPRESENTATION_CONTEXT() REPRESENTATION_CONTEXT('2D SPACE',''
  ) );
#6064 = ORIENTED_EDGE('',*,*,#5824,.T.);
#6065 = ORIENTED_EDGE('',*,*,#6066,.T.);
#6066 = EDGE_CURVE('',#5827,#5947,#6067,.T.);
#6067 = SURFACE_CURVE('',#6068,(#6072,#6079),.PCURVE_S1.);
#6068 = LINE('',#6069,#6070);
#6069 = CARTESIAN_POINT('',(-2.,-4.,1.5));
#6070 = VECTOR('',#6071,1.);
#6071 = DIRECTION('',(1.,0.,-0.));
#6072 = PCURVE('',#5847,#6073);
#6073 = DEFINITIONAL_REPRESENTATION('',(#6074),#6078);
#6074 = LINE('',#6075,#6076);
#6075 = CARTESIAN_POINT('',(3.,0.));
#6076 = VECTOR('',#6077,1.);
#6077 = DIRECTION('',(0.,1.));
#6078 = ( GEOMETRIC_REPRESENTATION_CONTEXT(2) 
PARAMETRIC_REPRESENTATION_CONTEXT() REPRESENTATION_CONTEXT('2D SPACE',''
  ) );
#6079 = PCURVE('',#5929,#6080);
#6080 = DEFINITIONAL_REPRESENTATION('',(#6081),#6085);
#6081 = LINE('',#6082,#6083);
#6082 = CARTESIAN_POINT('',(0.,0.));
#6083 = VECTOR('',#6084,1.);
#6084 = DIRECTION('',(1.,0.));
#6085 = ( GEOMETRIC_REPRESENTATION_CONTEXT(2) 
PARAMETRIC_REPRESENTATION_CONTEXT() REPRESENTATION_CONTEXT('2D SPACE',''
  ) );
#6086 = ORIENTED_EDGE('',*,*,#5944,.F.);
#6087 = ADVANCED_FACE('',(#6088),#5903,.T.);
#6088 = FACE_BOUND('',#6089,.T.);
#6089 = EDGE_LOOP('',(#6090,#6111,#6112,#6133));
#6090 = ORIENTED_EDGE('',*,*,#6091,.F.);
#6091 = EDGE_CURVE('',#5860,#5975,#6092,.T.);
#6092 = SURFACE_CURVE('',#6093,(#6097,#6104),.PCURVE_S1.);
#6093 = LINE('',#6094,#6095);
#6094 = CARTESIAN_POINT('',(-2.,4.,-1.5));
#6095 = VECTOR('',#6096,1.);
#6096 = DIRECTION('',(1.,0.,-0.));
#6097 = PCURVE('',#5903,#6098);
#6098 = DEFINITIONAL_REPRESENTATION('',(#6099),#6103);
#6099 = LINE('',#6100,#6101);
#6100 = CARTESIAN_POINT('',(0.,0.));
#6101 = VECTOR('',#6102,1.);
#6102 = DIRECTION('',(0.,1.));
#6103 = ( GEOMETRIC_REPRESENTATION_CONTEXT(2) 
PARAMETRIC_REPRESENTATION_CONTEXT() REPRESENTATION_CONTEXT('2D SPACE',''
  ) );
#6104 = PCURVE('',#5875,#6105);
#6105 = DEFINITIONAL_REPRESENTATION('',(#6106),#6110);
#6106 = LINE('',#6107,#6108);
#6107 = CARTESIAN_POINT('',(0.,8.));
#6108 = VECTOR('',#6109,1.);
#6109 = DIRECTION('',(1.,0.));
#6110 = ( GEOMETRIC_REPRESENTATION_CONTEXT(2) 
PARAMETRIC_REPRESENTATION_CONTEXT() REPRESENTATION_CONTEXT('2D SPACE',''
  ) );
#6111 = ORIENTED_EDGE('',*,*,#5887,.T.);
#6112 = ORIENTED_EDGE('',*,*,#6113,.T.);
#6113 = EDGE_CURVE('',#5888,#5998,#6114,.T.);
#6114 = SURFACE_CURVE('',#6115,(#6119,#6126),.PCURVE_S1.);
#6115 = LINE('',#6116,#6117);
#6116 = CARTESIAN_POINT('',(-2.,4.,1.5));
#6117 = VECTOR('',#6118,1.);
#6118 = DIRECTION('',(1.,0.,-0.));
#6119 = PCURVE('',#5903,#6120);
#6120 = DEFINITIONAL_REPRESENTATION('',(#6121),#6125);
#6121 = LINE('',#6122,#6123);
#6122 = CARTESIAN_POINT('',(3.,0.));
#6123 = VECTOR('',#6124,1.);
#6124 = DIRECTION('',(0.,1.));
#6125 = ( GEOMETRIC_REPRESENTATION_CONTEXT(2) 
PARAMETRIC_REPRESENTATION_CONTEXT() REPRESENTATION_CONTEXT('2D SPACE',''
  ) );
#6126 = PCURVE('',#5929,#6127);
#6127 = DEFINITIONAL_REPRESENTATION('',(#6128),#6132);
#6128 = LINE('',#6129,#6130);
#6129 = CARTESIAN_POINT('',(0.,8.));
#6130 = VECTOR('',#6131,1.);
#6131 = DIRECTION('',(1.,0.));
#6132 = ( GEOMETRIC_REPRESENTATION_CONTEXT(2) 
PARAMETRIC_REPRESENTATION_CONTEXT() REPRESENTATION_CONTEXT('2D SPACE',''
  ) );
#6133 = ORIENTED_EDGE('',*,*,#5997,.F.);
#6134 = ADVANCED_FACE('',(#6135),#5875,.F.);
#6135 = FACE_BOUND('',#6136,.F.);
#6136 = EDGE_LOOP('',(#6137,#6138,#6139,#6140));
#6137 = ORIENTED_EDGE('',*,*,#5859,.F.);
#6138 = ORIENTED_EDGE('',*,*,#6044,.T.);
#6139 = ORIENTED_EDGE('',*,*,#5974,.T.);
#6140 = ORIENTED_EDGE('',*,*,#6091,.F.);
#6141 = ADVANCED_FACE('',(#6142),#5929,.T.);
#6142 = FACE_BOUND('',#6143,.T.);
#6143 = EDGE_LOOP('',(#6144,#6145,#6146,#6147));
#6144 = ORIENTED_EDGE('',*,*,#5915,.F.);
#6145 = ORIENTED_EDGE('',*,*,#6066,.T.);
#6146 = ORIENTED_EDGE('',*,*,#6020,.T.);
#6147 = ORIENTED_EDGE('',*,*,#6113,.F.);
#6148 = ( GEOMETRIC_REPRESENTATION_CONTEXT(3) 
GLOBAL_UNCERTAINTY_ASSIGNED_CONTEXT((#6152)) 
GLOBAL_UNIT_ASSIGNED_CONTEXT((#6149,#6150,#6151)) REPRESENTATION_CONTEXT
('Context #1','3D Context with UNIT and UNCERTAINTY') );
#6149 = ( LENGTH_UNIT() NAMED_UNIT(*) SI_UNIT(.MILLI.,.METRE.) );
#6150 = ( NAMED_UNIT(*) PLANE_ANGLE_UNIT() SI_UNIT($,.RADIAN.) );
#6151 = ( NAMED_UNIT(*) SI_UNIT($,.STERADIAN.) SOLID_ANGLE_UNIT() );
#6152 = UNCERTAINTY_MEASURE_WITH_UNIT(LENGTH_MEASURE(1.E-07),#6149,
  'distance_accuracy_value','confusion accuracy');
#6153 = CONTEXT_DEPENDENT_SHAPE_REPRESENTATION(#6154,#6156);
#6154 = ( REPRESENTATION_RELATIONSHIP('','',#5817,#10) 
REPRESENTATION_RELATIONSHIP_WITH_TRANSFORMATION(#6155) 
SHAPE_REPRESENTATION_RELATIONSHIP() );
#6155 = ITEM_DEFINED_TRANSFORMATION('','',#11,#35);
#6156 = PRODUCT_DEFINITION_SHAPE('Placement','Placement of an item',
  #6157);
#6157 = NEXT_ASSEMBLY_USAGE_OCCURRENCE('13','=>[0:1:1:7]','',#5,#5812,$
  );
#6158 = PRODUCT_RELATED_PRODUCT_CATEGORY('part',$,(#5814));
#6159 = SHAPE_DEFINITION_REPRESENTATION(#6160,#6166);
#6160 = PRODUCT_DEFINITION_SHAPE('','',#6161);
#6161 = PRODUCT_DEFINITION('design','',#6162,#6165);
#6162 = PRODUCT_DEFINITION_FORMATION('','',#6163);
#6163 = PRODUCT('COMPOUND','COMPOUND','',(#6164));
#6164 = PRODUCT_CONTEXT('',#2,'mechanical');
#6165 = PRODUCT_DEFINITION_CONTEXT('part definition',#2,'design');
#6166 = SHAPE_REPRESENTATION('',(#11,#6167,#6265),#6363);
#6167 = MANIFOLD_SOLID_BREP('',#6168);
#6168 = CLOSED_SHELL('',(#6169,#6257,#6261));
#6169 = ADVANCED_FACE('',(#6170),#6183,.T.);
#6170 = FACE_BOUND('',#6171,.T.);
#6171 = EDGE_LOOP('',(#6172,#6206,#6229,#6256));
#6172 = ORIENTED_EDGE('',*,*,#6173,.F.);
#6173 = EDGE_CURVE('',#6174,#6174,#6176,.T.);
#6174 = VERTEX_POINT('',#6175);
#6175 = CARTESIAN_POINT('',(12.5,-18.,2.25));
#6176 = SURFACE_CURVE('',#6177,(#6182,#6194),.PCURVE_S1.);
#6177 = CIRCLE('',#6178,0.75);
#6178 = AXIS2_PLACEMENT_3D('',#6179,#6180,#6181);
#6179 = CARTESIAN_POINT('',(12.5,-18.,3.));
#6180 = DIRECTION('',(1.,-0.,2.22044604925E-16));
#6181 = DIRECTION('',(2.22044604925E-16,0.,-1.));
#6182 = PCURVE('',#6183,#6188);
#6183 = CYLINDRICAL_SURFACE('',#6184,0.75);
#6184 = AXIS2_PLACEMENT_3D('',#6185,#6186,#6187);
#6185 = CARTESIAN_POINT('',(-12.5,-18.,3.));
#6186 = DIRECTION('',(1.,0.,2.22044604925E-16));
#6187 = DIRECTION('',(2.22044604925E-16,0.,-1.));
#6188 = DEFINITIONAL_REPRESENTATION('',(#6189),#6193);
#6189 = LINE('',#6190,#6191);
#6190 = CARTESIAN_POINT('',(0.,25.));
#6191 = VECTOR('',#6192,1.);
#6192 = DIRECTION('',(1.,0.));
#6193 = ( GEOMETRIC_REPRESENTATION_CONTEXT(2) 
PARAMETRIC_REPRESENTATION_CONTEXT() REPRESENTATION_CONTEXT('2D SPACE',''
  ) );
#6194 = PCURVE('',#6195,#6200);
#6195 = PLANE('',#6196);
#6196 = AXIS2_PLACEMENT_3D('',#6197,#6198,#6199);
#6197 = CARTESIAN_POINT('',(12.5,-18.,3.));
#6198 = DIRECTION('',(1.,0.,2.22044604925E-16));
#6199 = DIRECTION('',(2.22044604925E-16,0.,-1.));
#6200 = DEFINITIONAL_REPRESENTATION('',(#6201),#6205);
#6201 = CIRCLE('',#6202,0.75);
#6202 = AXIS2_PLACEMENT_2D('',#6203,#6204);
#6203 = CARTESIAN_POINT('',(0.,0.));
#6204 = DIRECTION('',(1.,0.));
#6205 = ( GEOMETRIC_REPRESENTATION_CONTEXT(2) 
PARAMETRIC_REPRESENTATION_CONTEXT() REPRESENTATION_CONTEXT('2D SPACE',''
  ) );
#6206 = ORIENTED_EDGE('',*,*,#6207,.F.);
#6207 = EDGE_CURVE('',#6208,#6174,#6210,.T.);
#6208 = VERTEX_POINT('',#6209);
#6209 = CARTESIAN_POINT('',(-12.5,-18.,2.25));
#6210 = SEAM_CURVE('',#6211,(#6215,#6222),.PCURVE_S1.);
#6211 = LINE('',#6212,#6213);
#6212 = CARTESIAN_POINT('',(-12.5,-18.,2.25));
#6213 = VECTOR('',#6214,1.);
#6214 = DIRECTION('',(1.,0.,2.22044604925E-16));
#6215 = PCURVE('',#6183,#6216);
#6216 = DEFINITIONAL_REPRESENTATION('',(#6217),#6221);
#6217 = LINE('',#6218,#6219);
#6218 = CARTESIAN_POINT('',(6.28318530718,-0.));
#6219 = VECTOR('',#6220,1.);
#6220 = DIRECTION('',(0.,1.));
#6221 = ( GEOMETRIC_REPRESENTATION_CONTEXT(2) 
PARAMETRIC_REPRESENTATION_CONTEXT() REPRESENTATION_CONTEXT('2D SPACE',''
  ) );
#6222 = PCURVE('',#6183,#6223);
#6223 = DEFINITIONAL_REPRESENTATION('',(#6224),#6228);
#6224 = LINE('',#6225,#6226);
#6225 = CARTESIAN_POINT('',(0.,-0.));
#6226 = VECTOR('',#6227,1.);
#6227 = DIRECTION('',(0.,1.));
#6228 = ( GEOMETRIC_REPRESENTATION_CONTEXT(2) 
PARAMETRIC_REPRESENTATION_CONTEXT() REPRESENTATION_CONTEXT('2D SPACE',''
  ) );
#6229 = ORIENTED_EDGE('',*,*,#6230,.T.);
#6230 = EDGE_CURVE('',#6208,#6208,#6231,.T.);
#6231 = SURFACE_CURVE('',#6232,(#6237,#6244),.PCURVE_S1.);
#6232 = CIRCLE('',#6233,0.75);
#6233 = AXIS2_PLACEMENT_3D('',#6234,#6235,#6236);
#6234 = CARTESIAN_POINT('',(-12.5,-18.,3.));
#6235 = DIRECTION('',(1.,-0.,2.22044604925E-16));
#6236 = DIRECTION('',(2.22044604925E-16,0.,-1.));
#6237 = PCURVE('',#6183,#6238);
#6238 = DEFINITIONAL_REPRESENTATION('',(#6239),#6243);
#6239 = LINE('',#6240,#6241);
#6240 = CARTESIAN_POINT('',(0.,0.));
#6241 = VECTOR('',#6242,1.);
#6242 = DIRECTION('',(1.,0.));
#6243 = ( GEOMETRIC_REPRESENTATION_CONTEXT(2) 
PARAMETRIC_REPRESENTATION_CONTEXT() REPRESENTATION_CONTEXT('2D SPACE',''
  ) );
#6244 = PCURVE('',#6245,#6250);
#6245 = PLANE('',#6246);
#6246 = AXIS2_PLACEMENT_3D('',#6247,#6248,#6249);
#6247 = CARTESIAN_POINT('',(-12.5,-18.,3.));
#6248 = DIRECTION('',(1.,0.,2.22044604925E-16));
#6249 = DIRECTION('',(2.22044604925E-16,0.,-1.));
#6250 = DEFINITIONAL_REPRESENTATION('',(#6251),#6255);
#6251 = CIRCLE('',#6252,0.75);
#6252 = AXIS2_PLACEMENT_2D('',#6253,#6254);
#6253 = CARTESIAN_POINT('',(0.,0.));
#6254 = DIRECTION('',(1.,0.));
#6255 = ( GEOMETRIC_REPRESENTATION_CONTEXT(2) 
PARAMETRIC_REPRESENTATION_CONTEXT() REPRESENTATION_CONTEXT('2D SPACE',''
  ) );
#6256 = ORIENTED_EDGE('',*,*,#6207,.T.);
#6257 = ADVANCED_FACE('',(#6258),#6195,.T.);
#6258 = FACE_BOUND('',#6259,.T.);
#6259 = EDGE_LOOP('',(#6260));
#6260 = ORIENTED_EDGE('',*,*,#6173,.T.);
#6261 = ADVANCED_FACE('',(#6262),#6245,.F.);
#6262 = FACE_BOUND('',#6263,.T.);
#6263 = EDGE_LOOP('',(#6264));
#6264 = ORIENTED_EDGE('',*,*,#6230,.F.);
#6265 = MANIFOLD_SOLID_BREP('',#6266);
#6266 = CLOSED_SHELL('',(#6267,#6355,#6359));
#6267 = ADVANCED_FACE('',(#6268),#6281,.T.);
#6268 = FACE_BOUND('',#6269,.T.);
#6269 = EDGE_LOOP('',(#6270,#6304,#6327,#6354));
#6270 = ORIENTED_EDGE('',*,*,#6271,.F.);
#6271 = EDGE_CURVE('',#6272,#6272,#6274,.T.);
#6272 = VERTEX_POINT('',#6273);
#6273 = CARTESIAN_POINT('',(12.5,18.,2.25));
#6274 = SURFACE_CURVE('',#6275,(#6280,#6292),.PCURVE_S1.);
#6275 = CIRCLE('',#6276,0.75);
#6276 = AXIS2_PLACEMENT_3D('',#6277,#6278,#6279);
#6277 = CARTESIAN_POINT('',(12.5,18.,3.));
#6278 = DIRECTION('',(1.,-0.,2.22044604925E-16));
#6279 = DIRECTION('',(2.22044604925E-16,0.,-1.));
#6280 = PCURVE('',#6281,#6286);
#6281 = CYLINDRICAL_SURFACE('',#6282,0.75);
#6282 = AXIS2_PLACEMENT_3D('',#6283,#6284,#6285);
#6283 = CARTESIAN_POINT('',(-12.5,18.,3.));
#6284 = DIRECTION('',(1.,0.,2.22044604925E-16));
#6285 = DIRECTION('',(2.22044604925E-16,0.,-1.));
#6286 = DEFINITIONAL_REPRESENTATION('',(#6287),#6291);
#6287 = LINE('',#6288,#6289);
#6288 = CARTESIAN_POINT('',(0.,25.));
#6289 = VECTOR('',#6290,1.);
#6290 = DIRECTION('',(1.,0.));
#6291 = ( GEOMETRIC_REPRESENTATION_CONTEXT(2) 
PARAMETRIC_REPRESENTATION_CONTEXT() REPRESENTATION_CONTEXT('2D SPACE',''
  ) );
#6292 = PCURVE('',#6293,#6298);
#6293 = PLANE('',#6294);
#6294 = AXIS2_PLACEMENT_3D('',#6295,#6296,#6297);
#6295 = CARTESIAN_POINT('',(12.5,18.,3.));
#6296 = DIRECTION('',(1.,0.,2.22044604925E-16));
#6297 = DIRECTION('',(2.22044604925E-16,0.,-1.));
#6298 = DEFINITIONAL_REPRESENTATION('',(#6299),#6303);
#6299 = CIRCLE('',#6300,0.75);
#6300 = AXIS2_PLACEMENT_2D('',#6301,#6302);
#6301 = CARTESIAN_POINT('',(0.,0.));
#6302 = DIRECTION('',(1.,0.));
#6303 = ( GEOMETRIC_REPRESENTATION_CONTEXT(2) 
PARAMETRIC_REPRESENTATION_CONTEXT() REPRESENTATION_CONTEXT('2D SPACE',''
  ) );
#6304 = ORIENTED_EDGE('',*,*,#6305,.F.);
#6305 = EDGE_CURVE('',#6306,#6272,#6308,.T.);
#6306 = VERTEX_POINT('',#6307);
#6307 = CARTESIAN_POINT('',(-12.5,18.,2.25));
#6308 = SEAM_CURVE('',#6309,(#6313,#6320),.PCURVE_S1.);
#6309 = LINE('',#6310,#6311);
#6310 = CARTESIAN_POINT('',(-12.5,18.,2.25));
#6311 = VECTOR('',#6312,1.);
#6312 = DIRECTION('',(1.,0.,2.22044604925E-16));
#6313 = PCURVE('',#6281,#6314);
#6314 = DEFINITIONAL_REPRESENTATION('',(#6315),#6319);
#6315 = LINE('',#6316,#6317);
#6316 = CARTESIAN_POINT('',(6.28318530718,-0.));
#6317 = VECTOR('',#6318,1.);
#6318 = DIRECTION('',(0.,1.));
#6319 = ( GEOMETRIC_REPRESENTATION_CONTEXT(2) 
PARAMETRIC_REPRESENTATION_CONTEXT() REPRESENTATION_CONTEXT('2D SPACE',''
  ) );
#6320 = PCURVE('',#6281,#6321);
#6321 = DEFINITIONAL_REPRESENTATION('',(#6322),#6326);
#6322 = LINE('',#6323,#6324);
#6323 = CARTESIAN_POINT('',(0.,-0.));
#6324 = VECTOR('',#6325,1.);
#6325 = DIRECTION('',(0.,1.));
#6326 = ( GEOMETRIC_REPRESENTATION_CONTEXT(2) 
PARAMETRIC_REPRESENTATION_CONTEXT() REPRESENTATION_CONTEXT('2D SPACE',''
  ) );
#6327 = ORIENTED_EDGE('',*,*,#6328,.T.);
#6328 = EDGE_CURVE('',#6306,#6306,#6329,.T.);
#6329 = SURFACE_CURVE('',#6330,(#6335,#6342),.PCURVE_S1.);
#6330 = CIRCLE('',#6331,0.75);
#6331 = AXIS2_PLACEMENT_3D('',#6332,#6333,#6334);
#6332 = CARTESIAN_POINT('',(-12.5,18.,3.));
#6333 = DIRECTION('',(1.,-0.,2.22044604925E-16));
#6334 = DIRECTION('',(2.22044604925E-16,0.,-1.));
#6335 = PCURVE('',#6281,#6336);
#6336 = DEFINITIONAL_REPRESENTATION('',(#6337),#6341);
#6337 = LINE('',#6338,#6339);
#6338 = CARTESIAN_POINT('',(0.,0.));
#6339 = VECTOR('',#6340,1.);
#6340 = DIRECTION('',(1.,0.));
#6341 = ( GEOMETRIC_REPRESENTATION_CONTEXT(2) 
PARAMETRIC_REPRESENTATION_CONTEXT() REPRESENTATION_CONTEXT('2D SPACE',''
  ) );
#6342 = PCURVE('',#6343,#6348);
#6343 = PLANE('',#6344);
#6344 = AXIS2_PLACEMENT_3D('',#6345,#6346,#6347);
#6345 = CARTESIAN_POINT('',(-12.5,18.,3.));
#6346 = DIRECTION('',(1.,0.,2.22044604925E-16));
#6347 = DIRECTION('',(2.22044604925E-16,0.,-1.));
#6348 = DEFINITIONAL_REPRESENTATION('',(#6349),#6353);
#6349 = CIRCLE('',#6350,0.75);
#6350 = AXIS2_PLACEMENT_2D('',#6351,#6352);
#6351 = CARTESIAN_POINT('',(0.,0.));
#6352 = DIRECTION('',(1.,0.));
#6353 = ( GEOMETRIC_REPRESENTATION_CONTEXT(2) 
PARAMETRIC_REPRESENTATION_CONTEXT() REPRESENTATION_CONTEXT('2D SPACE',''
  ) );
#6354 = ORIENTED_EDGE('',*,*,#6305,.T.);
#6355 = ADVANCED_FACE('',(#6356),#6293,.T.);
#6356 = FACE_BOUND('',#6357,.T.);
#6357 = EDGE_LOOP('',(#6358));
#6358 = ORIENTED_EDGE('',*,*,#6271,.T.);
#6359 = ADVANCED_FACE('',(#6360),#6343,.F.);
#6360 = FACE_BOUND('',#6361,.T.);
#6361 = EDGE_LOOP('',(#6362));
#6362 = ORIENTED_EDGE('',*,*,#6328,.F.);
#6363 = ( GEOMETRIC_REPRESENTATION_CONTEXT(3) 
GLOBAL_UNCERTAINTY_ASSIGNED_CONTEXT((#6367)) 
GLOBAL_UNIT_ASSIGNED_CONTEXT((#6364,#6365,#6366)) REPRESENTATION_CONTEXT
('Context #1','3D Context with UNIT and UNCERTAINTY') );
#6364 = ( LENGTH_UNIT() NAMED_UNIT(*) SI_UNIT(.MILLI.,.METRE.) );
#6365 = ( NAMED_UNIT(*) PLANE_ANGLE_UNIT() SI_UNIT($,.RADIAN.) );
#6366 = ( NAMED_UNIT(*) SI_UNIT($,.STERADIAN.) SOLID_ANGLE_UNIT() );
#6367 = UNCERTAINTY_MEASURE_WITH_UNIT(LENGTH_MEASURE(1.E-07),#6364,
  'distance_accuracy_value','confusion accuracy');
#6368 = CONTEXT_DEPENDENT_SHAPE_REPRESENTATION(#6369,#6371);
#6369 = ( REPRESENTATION_RELATIONSHIP('','',#6166,#10) 
REPRESENTATION_RELATIONSHIP_WITH_TRANSFORMATION(#6370) 
SHAPE_REPRESENTATION_RELATIONSHIP() );
#6370 = ITEM_DEFINED_TRANSFORMATION('','',#11,#39);
#6371 = PRODUCT_DEFINITION_SHAPE('Placement','Placement of an item',
  #6372);
#6372 = NEXT_ASSEMBLY_USAGE_OCCURRENCE('14','=>[0:1:1:8]','',#5,#6161,$
  );
#6373 = PRODUCT_RELATED_PRODUCT_CATEGORY('part',$,(#6163));
#6374 = SHAPE_DEFINITION_REPRESENTATION(#6375,#6381);
#6375 = PRODUCT_DEFINITION_SHAPE('','',#6376);
#6376 = PRODUCT_DEFINITION('design','',#6377,#6380);
#6377 = PRODUCT_DEFINITION_FORMATION('','',#6378);
#6378 = PRODUCT('COMPOUND','COMPOUND','',(#6379));
#6379 = PRODUCT_CONTEXT('',#2,'mechanical');
#6380 = PRODUCT_DEFINITION_CONTEXT('part definition',#2,'design');
#6381 = ADVANCED_BREP_SHAPE_REPRESENTATION('',(#11,#6382),#6708);
#6382 = MANIFOLD_SOLID_BREP('',#6383);
#6383 = CLOSED_SHELL('',(#6384,#6506,#6576,#6651,#6676,#6701));
#6384 = ADVANCED_FACE('',(#6385),#6400,.T.);
#6385 = FACE_BOUND('',#6386,.T.);
#6386 = EDGE_LOOP('',(#6387,#6423,#6449,#6482));
#6387 = ORIENTED_EDGE('',*,*,#6388,.T.);
#6388 = EDGE_CURVE('',#6389,#6391,#6393,.T.);
#6389 = VERTEX_POINT('',#6390);
#6390 = CARTESIAN_POINT('',(-11.,-17.,-1.479173895444));
#6391 = VERTEX_POINT('',#6392);
#6392 = CARTESIAN_POINT('',(-11.,17.,-1.479173895444));
#6393 = SURFACE_CURVE('',#6394,(#6399,#6411),.PCURVE_S1.);
#6394 = CIRCLE('',#6395,34.5);
#6395 = AXIS2_PLACEMENT_3D('',#6396,#6397,#6398);
#6396 = CARTESIAN_POINT('',(-11.,0.,-31.5));
#6397 = DIRECTION('',(1.,-5.426503791328E-17,2.059544161623E-16));
#6398 = DIRECTION('',(-2.059544161623E-16,-0.492753623188,0.870168872596
    ));
#6399 = PCURVE('',#6400,#6405);
#6400 = CYLINDRICAL_SURFACE('',#6401,34.5);
#6401 = AXIS2_PLACEMENT_3D('',#6402,#6403,#6404);
#6402 = CARTESIAN_POINT('',(-11.,0.,-31.5));
#6403 = DIRECTION('',(1.,0.,2.22044604925E-16));
#6404 = DIRECTION('',(2.22044604925E-16,0.,-1.));
#6405 = DEFINITIONAL_REPRESENTATION('',(#6406),#6410);
#6406 = LINE('',#6407,#6408);
#6407 = CARTESIAN_POINT('',(3.656844051439,0.));
#6408 = VECTOR('',#6409,1.);
#6409 = DIRECTION('',(1.,0.));
#6410 = ( GEOMETRIC_REPRESENTATION_CONTEXT(2) 
PARAMETRIC_REPRESENTATION_CONTEXT() REPRESENTATION_CONTEXT('2D SPACE',''
  ) );
#6411 = PCURVE('',#6412,#6417);
#6412 = PLANE('',#6413);
#6413 = AXIS2_PLACEMENT_3D('',#6414,#6415,#6416);
#6414 = CARTESIAN_POINT('',(-11.,0.,-31.5));
#6415 = DIRECTION('',(1.,0.,2.22044604925E-16));
#6416 = DIRECTION('',(2.22044604925E-16,0.,-1.));
#6417 = DEFINITIONAL_REPRESENTATION('',(#6418),#6422);
#6418 = CIRCLE('',#6419,34.5);
#6419 = AXIS2_PLACEMENT_2D('',#6420,#6421);
#6420 = CARTESIAN_POINT('',(0.,0.));
#6421 = DIRECTION('',(-0.870168872596,-0.492753623188));
#6422 = ( GEOMETRIC_REPRESENTATION_CONTEXT(2) 
PARAMETRIC_REPRESENTATION_CONTEXT() REPRESENTATION_CONTEXT('2D SPACE',''
  ) );
#6423 = ORIENTED_EDGE('',*,*,#6424,.T.);
#6424 = EDGE_CURVE('',#6391,#6425,#6427,.T.);
#6425 = VERTEX_POINT('',#6426);
#6426 = CARTESIAN_POINT('',(11.,17.,-1.479173895444));
#6427 = SURFACE_CURVE('',#6428,(#6432,#6438),.PCURVE_S1.);
#6428 = LINE('',#6429,#6430);
#6429 = CARTESIAN_POINT('',(-11.,17.,-1.479173895444));
#6430 = VECTOR('',#6431,1.);
#6431 = DIRECTION('',(1.,0.,2.22044604925E-16));
#6432 = PCURVE('',#6400,#6433);
#6433 = DEFINITIONAL_REPRESENTATION('',(#6434),#6437);
#6434 = B_SPLINE_CURVE_WITH_KNOTS('',1,(#6435,#6436),.UNSPECIFIED.,.F.,
  .F.,(2,2),(-7.88860905221E-31,22.),.PIECEWISE_BEZIER_KNOTS.);
#6435 = CARTESIAN_POINT('',(8.90952656292,-4.394648856918E-16));
#6436 = CARTESIAN_POINT('',(8.90952656292,22.));
#6437 = ( GEOMETRIC_REPRESENTATION_CONTEXT(2) 
PARAMETRIC_REPRESENTATION_CONTEXT() REPRESENTATION_CONTEXT('2D SPACE',''
  ) );
#6438 = PCURVE('',#6439,#6444);
#6439 = PLANE('',#6440);
#6440 = AXIS2_PLACEMENT_3D('',#6441,#6442,#6443);
#6441 = CARTESIAN_POINT('',(-12.,17.,-10.));
#6442 = DIRECTION('',(-0.,1.,0.));
#6443 = DIRECTION('',(0.,0.,1.));
#6444 = DEFINITIONAL_REPRESENTATION('',(#6445),#6448);
#6445 = B_SPLINE_CURVE_WITH_KNOTS('',1,(#6446,#6447),.UNSPECIFIED.,.F.,
  .F.,(2,2),(-5.999999999062E-07,22.0000006),.PIECEWISE_BEZIER_KNOTS.);
#6446 = CARTESIAN_POINT('',(8.520826104556,0.9999994));
#6447 = CARTESIAN_POINT('',(8.520826104556,23.0000006));
#6448 = ( GEOMETRIC_REPRESENTATION_CONTEXT(2) 
PARAMETRIC_REPRESENTATION_CONTEXT() REPRESENTATION_CONTEXT('2D SPACE',''
  ) );
#6449 = ORIENTED_EDGE('',*,*,#6450,.T.);
#6450 = EDGE_CURVE('',#6425,#6451,#6453,.T.);
#6451 = VERTEX_POINT('',#6452);
#6452 = CARTESIAN_POINT('',(11.,-17.,-1.479173895444));
#6453 = SURFACE_CURVE('',#6454,(#6459,#6466),.PCURVE_S1.);
#6454 = CIRCLE('',#6455,34.5);
#6455 = AXIS2_PLACEMENT_3D('',#6456,#6457,#6458);
#6456 = CARTESIAN_POINT('',(11.,0.,-31.5));
#6457 = DIRECTION('',(-1.,-5.426503791328E-17,-2.059544161623E-16));
#6458 = DIRECTION('',(-2.059544161623E-16,0.492753623188,0.870168872596)
  );
#6459 = PCURVE('',#6400,#6460);
#6460 = DEFINITIONAL_REPRESENTATION('',(#6461),#6465);
#6461 = LINE('',#6462,#6463);
#6462 = CARTESIAN_POINT('',(8.90952656292,22.));
#6463 = VECTOR('',#6464,1.);
#6464 = DIRECTION('',(-1.,-0.));
#6465 = ( GEOMETRIC_REPRESENTATION_CONTEXT(2) 
PARAMETRIC_REPRESENTATION_CONTEXT() REPRESENTATION_CONTEXT('2D SPACE',''
  ) );
#6466 = PCURVE('',#6467,#6472);
#6467 = PLANE('',#6468);
#6468 = AXIS2_PLACEMENT_3D('',#6469,#6470,#6471);
#6469 = CARTESIAN_POINT('',(11.,0.,-31.5));
#6470 = DIRECTION('',(1.,0.,2.22044604925E-16));
#6471 = DIRECTION('',(2.22044604925E-16,0.,-1.));
#6472 = DEFINITIONAL_REPRESENTATION('',(#6473),#6481);
#6473 = ( BOUNDED_CURVE() B_SPLINE_CURVE(2,(#6474,#6475,#6476,#6477,
#6478,#6479,#6480),.UNSPECIFIED.,.T.,.F.) B_SPLINE_CURVE_WITH_KNOTS((1,2
    ,2,2,2,1),(-2.094395102393,0.,2.094395102393,4.188790204786,
6.28318530718,8.377580409573),.UNSPECIFIED.) CURVE() 
GEOMETRIC_REPRESENTATION_ITEM() RATIONAL_B_SPLINE_CURVE((1.,0.5,1.,0.5,
1.,0.5,1.)) REPRESENTATION_ITEM('') );
#6474 = CARTESIAN_POINT('',(-30.02082610455,17.));
#6475 = CARTESIAN_POINT('',(-0.575962375885,68.997596098281));
#6476 = CARTESIAN_POINT('',(29.732844916614,17.498798049141));
#6477 = CARTESIAN_POINT('',(60.041652209112,-34.));
#6478 = CARTESIAN_POINT('',(0.287981187943,-34.49879804914));
#6479 = CARTESIAN_POINT('',(-59.46568983322,-34.99759609828));
#6480 = CARTESIAN_POINT('',(-30.02082610455,17.));
#6481 = ( GEOMETRIC_REPRESENTATION_CONTEXT(2) 
PARAMETRIC_REPRESENTATION_CONTEXT() REPRESENTATION_CONTEXT('2D SPACE',''
  ) );
#6482 = ORIENTED_EDGE('',*,*,#6483,.F.);
#6483 = EDGE_CURVE('',#6389,#6451,#6484,.T.);
#6484 = SURFACE_CURVE('',#6485,(#6489,#6495),.PCURVE_S1.);
#6485 = LINE('',#6486,#6487);
#6486 = CARTESIAN_POINT('',(-11.,-17.,-1.479173895444));
#6487 = VECTOR('',#6488,1.);
#6488 = DIRECTION('',(1.,0.,2.22044604925E-16));
#6489 = PCURVE('',#6400,#6490);
#6490 = DEFINITIONAL_REPRESENTATION('',(#6491),#6494);
#6491 = B_SPLINE_CURVE_WITH_KNOTS('',1,(#6492,#6493),.UNSPECIFIED.,.F.,
  .F.,(2,2),(0.,22.),.PIECEWISE_BEZIER_KNOTS.);
#6492 = CARTESIAN_POINT('',(3.656844051439,-4.394648856918E-16));
#6493 = CARTESIAN_POINT('',(3.656844051439,22.));
#6494 = ( GEOMETRIC_REPRESENTATION_CONTEXT(2) 
PARAMETRIC_REPRESENTATION_CONTEXT() REPRESENTATION_CONTEXT('2D SPACE',''
  ) );
#6495 = PCURVE('',#6496,#6501);
#6496 = PLANE('',#6497);
#6497 = AXIS2_PLACEMENT_3D('',#6498,#6499,#6500);
#6498 = CARTESIAN_POINT('',(-12.,-17.,-10.));
#6499 = DIRECTION('',(-0.,1.,0.));
#6500 = DIRECTION('',(0.,0.,1.));
#6501 = DEFINITIONAL_REPRESENTATION('',(#6502),#6505);
#6502 = B_SPLINE_CURVE_WITH_KNOTS('',1,(#6503,#6504),.UNSPECIFIED.,.F.,
  .F.,(2,2),(-5.999999999062E-07,22.0000006),.PIECEWISE_BEZIER_KNOTS.);
#6503 = CARTESIAN_POINT('',(8.520826104556,0.9999994));
#6504 = CARTESIAN_POINT('',(8.520826104556,23.0000006));
#6505 = ( GEOMETRIC_REPRESENTATION_CONTEXT(2) 
PARAMETRIC_REPRESENTATION_CONTEXT() REPRESENTATION_CONTEXT('2D SPACE',''
  ) );
#6506 = ADVANCED_FACE('',(#6507),#6496,.T.);
#6507 = FACE_BOUND('',#6508,.T.);
#6508 = EDGE_LOOP('',(#6509,#6530,#6531,#6552));
#6509 = ORIENTED_EDGE('',*,*,#6510,.T.);
#6510 = EDGE_CURVE('',#6511,#6389,#6513,.T.);
#6511 = VERTEX_POINT('',#6512);
#6512 = CARTESIAN_POINT('',(-11.,-17.,-4.389116576548));
#6513 = SURFACE_CURVE('',#6514,(#6518,#6524),.PCURVE_S1.);
#6514 = LINE('',#6515,#6516);
#6515 = CARTESIAN_POINT('',(-11.,-17.,-20.75));
#6516 = VECTOR('',#6517,1.);
#6517 = DIRECTION('',(-2.22044604925E-16,-0.,1.));
#6518 = PCURVE('',#6496,#6519);
#6519 = DEFINITIONAL_REPRESENTATION('',(#6520),#6523);
#6520 = B_SPLINE_CURVE_WITH_KNOTS('',1,(#6521,#6522),.UNSPECIFIED.,.F.,
  .F.,(2,2),(10.75,23.75),.PIECEWISE_BEZIER_KNOTS.);
#6521 = CARTESIAN_POINT('',(0.,1.));
#6522 = CARTESIAN_POINT('',(13.,1.));
#6523 = ( GEOMETRIC_REPRESENTATION_CONTEXT(2) 
PARAMETRIC_REPRESENTATION_CONTEXT() REPRESENTATION_CONTEXT('2D SPACE',''
  ) );
#6524 = PCURVE('',#6412,#6525);
#6525 = DEFINITIONAL_REPRESENTATION('',(#6526),#6529);
#6526 = B_SPLINE_CURVE_WITH_KNOTS('',1,(#6527,#6528),.UNSPECIFIED.,.F.,
  .F.,(2,2),(10.75,23.75),.PIECEWISE_BEZIER_KNOTS.);
#6527 = CARTESIAN_POINT('',(-21.5,-17.));
#6528 = CARTESIAN_POINT('',(-34.5,-17.));
#6529 = ( GEOMETRIC_REPRESENTATION_CONTEXT(2) 
PARAMETRIC_REPRESENTATION_CONTEXT() REPRESENTATION_CONTEXT('2D SPACE',''
  ) );
#6530 = ORIENTED_EDGE('',*,*,#6483,.T.);
#6531 = ORIENTED_EDGE('',*,*,#6532,.F.);
#6532 = EDGE_CURVE('',#6533,#6451,#6535,.T.);
#6533 = VERTEX_POINT('',#6534);
#6534 = CARTESIAN_POINT('',(11.,-17.,-4.389116576548));
#6535 = SURFACE_CURVE('',#6536,(#6540,#6546),.PCURVE_S1.);
#6536 = LINE('',#6537,#6538);
#6537 = CARTESIAN_POINT('',(11.,-17.,-20.75));
#6538 = VECTOR('',#6539,1.);
#6539 = DIRECTION('',(-2.22044604925E-16,-0.,1.));
#6540 = PCURVE('',#6496,#6541);
#6541 = DEFINITIONAL_REPRESENTATION('',(#6542),#6545);
#6542 = B_SPLINE_CURVE_WITH_KNOTS('',1,(#6543,#6544),.UNSPECIFIED.,.F.,
  .F.,(2,2),(10.75,23.75),.PIECEWISE_BEZIER_KNOTS.);
#6543 = CARTESIAN_POINT('',(0.,23.));
#6544 = CARTESIAN_POINT('',(13.,23.));
#6545 = ( GEOMETRIC_REPRESENTATION_CONTEXT(2) 
PARAMETRIC_REPRESENTATION_CONTEXT() REPRESENTATION_CONTEXT('2D SPACE',''
  ) );
#6546 = PCURVE('',#6467,#6547);
#6547 = DEFINITIONAL_REPRESENTATION('',(#6548),#6551);
#6548 = B_SPLINE_CURVE_WITH_KNOTS('',1,(#6549,#6550),.UNSPECIFIED.,.F.,
  .F.,(2,2),(10.75,23.75),.PIECEWISE_BEZIER_KNOTS.);
#6549 = CARTESIAN_POINT('',(-21.5,-17.));
#6550 = CARTESIAN_POINT('',(-34.5,-17.));
#6551 = ( GEOMETRIC_REPRESENTATION_CONTEXT(2) 
PARAMETRIC_REPRESENTATION_CONTEXT() REPRESENTATION_CONTEXT('2D SPACE',''
  ) );
#6552 = ORIENTED_EDGE('',*,*,#6553,.F.);
#6553 = EDGE_CURVE('',#6511,#6533,#6554,.T.);
#6554 = SURFACE_CURVE('',#6555,(#6559,#6565),.PCURVE_S1.);
#6555 = LINE('',#6556,#6557);
#6556 = CARTESIAN_POINT('',(-11.5,-17.,-4.389116576548));
#6557 = VECTOR('',#6558,1.);
#6558 = DIRECTION('',(1.,0.,2.22044604925E-16));
#6559 = PCURVE('',#6496,#6560);
#6560 = DEFINITIONAL_REPRESENTATION('',(#6561),#6564);
#6561 = B_SPLINE_CURVE_WITH_KNOTS('',1,(#6562,#6563),.UNSPECIFIED.,.F.,
  .F.,(2,2),(0.4999994,22.5000006),.PIECEWISE_BEZIER_KNOTS.);
#6562 = CARTESIAN_POINT('',(5.610883423452,0.9999994));
#6563 = CARTESIAN_POINT('',(5.610883423452,23.0000006));
#6564 = ( GEOMETRIC_REPRESENTATION_CONTEXT(2) 
PARAMETRIC_REPRESENTATION_CONTEXT() REPRESENTATION_CONTEXT('2D SPACE',''
  ) );
#6565 = PCURVE('',#6566,#6571);
#6566 = CYLINDRICAL_SURFACE('',#6567,32.);
#6567 = AXIS2_PLACEMENT_3D('',#6568,#6569,#6570);
#6568 = CARTESIAN_POINT('',(-11.5,0.,-31.5));
#6569 = DIRECTION('',(1.,0.,2.22044604925E-16));
#6570 = DIRECTION('',(2.22044604925E-16,0.,-1.));
#6571 = DEFINITIONAL_REPRESENTATION('',(#6572),#6575);
#6572 = B_SPLINE_CURVE_WITH_KNOTS('',1,(#6573,#6574),.UNSPECIFIED.,.F.,
  .F.,(2,2),(0.5,22.5),.PIECEWISE_BEZIER_KNOTS.);
#6573 = CARTESIAN_POINT('',(3.701667959816,0.5));
#6574 = CARTESIAN_POINT('',(3.701667959816,22.5));
#6575 = ( GEOMETRIC_REPRESENTATION_CONTEXT(2) 
PARAMETRIC_REPRESENTATION_CONTEXT() REPRESENTATION_CONTEXT('2D SPACE',''
  ) );
#6576 = ADVANCED_FACE('',(#6577),#6566,.F.);
#6577 = FACE_BOUND('',#6578,.F.);
#6578 = EDGE_LOOP('',(#6579,#6603,#6624,#6650));
#6579 = ORIENTED_EDGE('',*,*,#6580,.T.);
#6580 = EDGE_CURVE('',#6511,#6581,#6583,.T.);
#6581 = VERTEX_POINT('',#6582);
#6582 = CARTESIAN_POINT('',(-11.,17.,-4.389116576548));
#6583 = SURFACE_CURVE('',#6584,(#6589,#6596),.PCURVE_S1.);
#6584 = CIRCLE('',#6585,32.);
#6585 = AXIS2_PLACEMENT_3D('',#6586,#6587,#6588);
#6586 = CARTESIAN_POINT('',(-11.,0.,-31.5));
#6587 = DIRECTION('',(1.,4.063264004284E-17,2.22044604925E-16));
#6588 = DIRECTION('',(-1.665334536938E-16,-0.53125,0.847215106983));
#6589 = PCURVE('',#6566,#6590);
#6590 = DEFINITIONAL_REPRESENTATION('',(#6591),#6595);
#6591 = LINE('',#6592,#6593);
#6592 = CARTESIAN_POINT('',(3.701667959816,0.5));
#6593 = VECTOR('',#6594,1.);
#6594 = DIRECTION('',(1.,0.));
#6595 = ( GEOMETRIC_REPRESENTATION_CONTEXT(2) 
PARAMETRIC_REPRESENTATION_CONTEXT() REPRESENTATION_CONTEXT('2D SPACE',''
  ) );
#6596 = PCURVE('',#6412,#6597);
#6597 = DEFINITIONAL_REPRESENTATION('',(#6598),#6602);
#6598 = CIRCLE('',#6599,32.);
#6599 = AXIS2_PLACEMENT_2D('',#6600,#6601);
#6600 = CARTESIAN_POINT('',(0.,0.));
#6601 = DIRECTION('',(-0.847215106983,-0.53125));
#6602 = ( GEOMETRIC_REPRESENTATION_CONTEXT(2) 
PARAMETRIC_REPRESENTATION_CONTEXT() REPRESENTATION_CONTEXT('2D SPACE',''
  ) );
#6603 = ORIENTED_EDGE('',*,*,#6604,.T.);
#6604 = EDGE_CURVE('',#6581,#6605,#6607,.T.);
#6605 = VERTEX_POINT('',#6606);
#6606 = CARTESIAN_POINT('',(11.,17.,-4.389116576548));
#6607 = SURFACE_CURVE('',#6608,(#6612,#6618),.PCURVE_S1.);
#6608 = LINE('',#6609,#6610);
#6609 = CARTESIAN_POINT('',(-11.5,17.,-4.389116576548));
#6610 = VECTOR('',#6611,1.);
#6611 = DIRECTION('',(1.,0.,2.22044604925E-16));
#6612 = PCURVE('',#6566,#6613);
#6613 = DEFINITIONAL_REPRESENTATION('',(#6614),#6617);
#6614 = B_SPLINE_CURVE_WITH_KNOTS('',1,(#6615,#6616),.UNSPECIFIED.,.F.,
  .F.,(2,2),(0.5,22.5),.PIECEWISE_BEZIER_KNOTS.);
#6615 = CARTESIAN_POINT('',(8.864702654543,0.5));
#6616 = CARTESIAN_POINT('',(8.864702654543,22.5));
#6617 = ( GEOMETRIC_REPRESENTATION_CONTEXT(2) 
PARAMETRIC_REPRESENTATION_CONTEXT() REPRESENTATION_CONTEXT('2D SPACE',''
  ) );
#6618 = PCURVE('',#6439,#6619);
#6619 = DEFINITIONAL_REPRESENTATION('',(#6620),#6623);
#6620 = B_SPLINE_CURVE_WITH_KNOTS('',1,(#6621,#6622),.UNSPECIFIED.,.F.,
  .F.,(2,2),(0.4999994,22.5000006),.PIECEWISE_BEZIER_KNOTS.);
#6621 = CARTESIAN_POINT('',(5.610883423452,0.9999994));
#6622 = CARTESIAN_POINT('',(5.610883423452,23.0000006));
#6623 = ( GEOMETRIC_REPRESENTATION_CONTEXT(2) 
PARAMETRIC_REPRESENTATION_CONTEXT() REPRESENTATION_CONTEXT('2D SPACE',''
  ) );
#6624 = ORIENTED_EDGE('',*,*,#6625,.T.);
#6625 = EDGE_CURVE('',#6605,#6533,#6626,.T.);
#6626 = SURFACE_CURVE('',#6627,(#6632,#6639),.PCURVE_S1.);
#6627 = CIRCLE('',#6628,32.);
#6628 = AXIS2_PLACEMENT_3D('',#6629,#6630,#6631);
#6629 = CARTESIAN_POINT('',(11.,0.,-31.5));
#6630 = DIRECTION('',(-1.,4.063264004284E-17,-2.22044604925E-16));
#6631 = DIRECTION('',(-1.665334536938E-16,0.53125,0.847215106983));
#6632 = PCURVE('',#6566,#6633);
#6633 = DEFINITIONAL_REPRESENTATION('',(#6634),#6638);
#6634 = LINE('',#6635,#6636);
#6635 = CARTESIAN_POINT('',(8.864702654543,22.5));
#6636 = VECTOR('',#6637,1.);
#6637 = DIRECTION('',(-1.,-0.));
#6638 = ( GEOMETRIC_REPRESENTATION_CONTEXT(2) 
PARAMETRIC_REPRESENTATION_CONTEXT() REPRESENTATION_CONTEXT('2D SPACE',''
  ) );
#6639 = PCURVE('',#6467,#6640);
#6640 = DEFINITIONAL_REPRESENTATION('',(#6641),#6649);
#6641 = ( BOUNDED_CURVE() B_SPLINE_CURVE(2,(#6642,#6643,#6644,#6645,
#6646,#6647,#6648),.UNSPECIFIED.,.T.,.F.) B_SPLINE_CURVE_WITH_KNOTS((1,2
    ,2,2,2,1),(-2.094395102393,0.,2.094395102393,4.188790204786,
6.28318530718,8.377580409573),.UNSPECIFIED.) CURVE() 
GEOMETRIC_REPRESENTATION_ITEM() RATIONAL_B_SPLINE_CURVE((1.,0.5,1.,0.5,
1.,0.5,1.)) REPRESENTATION_ITEM('') );
#6642 = CARTESIAN_POINT('',(-27.11088342345,17.));
#6643 = CARTESIAN_POINT('',(2.333980305219,63.957427527496));
#6644 = CARTESIAN_POINT('',(28.277873576061,14.978713763748));
#6645 = CARTESIAN_POINT('',(54.221766846904,-34.));
#6646 = CARTESIAN_POINT('',(-1.166990152609,-31.97871376374));
#6647 = CARTESIAN_POINT('',(-56.55574715212,-29.95742752749));
#6648 = CARTESIAN_POINT('',(-27.11088342345,17.));
#6649 = ( GEOMETRIC_REPRESENTATION_CONTEXT(2) 
PARAMETRIC_REPRESENTATION_CONTEXT() REPRESENTATION_CONTEXT('2D SPACE',''
  ) );
#6650 = ORIENTED_EDGE('',*,*,#6553,.F.);
#6651 = ADVANCED_FACE('',(#6652),#6467,.T.);
#6652 = FACE_BOUND('',#6653,.T.);
#6653 = EDGE_LOOP('',(#6654,#6655,#6656,#6675));
#6654 = ORIENTED_EDGE('',*,*,#6532,.T.);
#6655 = ORIENTED_EDGE('',*,*,#6450,.F.);
#6656 = ORIENTED_EDGE('',*,*,#6657,.F.);
#6657 = EDGE_CURVE('',#6605,#6425,#6658,.T.);
#6658 = SURFACE_CURVE('',#6659,(#6663,#6669),.PCURVE_S1.);
#6659 = LINE('',#6660,#6661);
#6660 = CARTESIAN_POINT('',(11.,17.,-20.75));
#6661 = VECTOR('',#6662,1.);
#6662 = DIRECTION('',(-2.22044604925E-16,-0.,1.));
#6663 = PCURVE('',#6467,#6664);
#6664 = DEFINITIONAL_REPRESENTATION('',(#6665),#6668);
#6665 = B_SPLINE_CURVE_WITH_KNOTS('',1,(#6666,#6667),.UNSPECIFIED.,.F.,
  .F.,(2,2),(10.75,23.75),.PIECEWISE_BEZIER_KNOTS.);
#6666 = CARTESIAN_POINT('',(-21.5,17.));
#6667 = CARTESIAN_POINT('',(-34.5,17.));
#6668 = ( GEOMETRIC_REPRESENTATION_CONTEXT(2) 
PARAMETRIC_REPRESENTATION_CONTEXT() REPRESENTATION_CONTEXT('2D SPACE',''
  ) );
#6669 = PCURVE('',#6439,#6670);
#6670 = DEFINITIONAL_REPRESENTATION('',(#6671),#6674);
#6671 = B_SPLINE_CURVE_WITH_KNOTS('',1,(#6672,#6673),.UNSPECIFIED.,.F.,
  .F.,(2,2),(10.75,23.75),.PIECEWISE_BEZIER_KNOTS.);
#6672 = CARTESIAN_POINT('',(0.,23.));
#6673 = CARTESIAN_POINT('',(13.,23.));
#6674 = ( GEOMETRIC_REPRESENTATION_CONTEXT(2) 
PARAMETRIC_REPRESENTATION_CONTEXT() REPRESENTATION_CONTEXT('2D SPACE',''
  ) );
#6675 = ORIENTED_EDGE('',*,*,#6625,.T.);
#6676 = ADVANCED_FACE('',(#6677),#6439,.F.);
#6677 = FACE_BOUND('',#6678,.F.);
#6678 = EDGE_LOOP('',(#6679,#6698,#6699,#6700));
#6679 = ORIENTED_EDGE('',*,*,#6680,.T.);
#6680 = EDGE_CURVE('',#6581,#6391,#6681,.T.);
#6681 = SURFACE_CURVE('',#6682,(#6686,#6692),.PCURVE_S1.);
#6682 = LINE('',#6683,#6684);
#6683 = CARTESIAN_POINT('',(-11.,17.,-20.75));
#6684 = VECTOR('',#6685,1.);
#6685 = DIRECTION('',(-2.22044604925E-16,-0.,1.));
#6686 = PCURVE('',#6439,#6687);
#6687 = DEFINITIONAL_REPRESENTATION('',(#6688),#6691);
#6688 = B_SPLINE_CURVE_WITH_KNOTS('',1,(#6689,#6690),.UNSPECIFIED.,.F.,
  .F.,(2,2),(10.75,23.75),.PIECEWISE_BEZIER_KNOTS.);
#6689 = CARTESIAN_POINT('',(0.,1.));
#6690 = CARTESIAN_POINT('',(13.,1.));
#6691 = ( GEOMETRIC_REPRESENTATION_CONTEXT(2) 
PARAMETRIC_REPRESENTATION_CONTEXT() REPRESENTATION_CONTEXT('2D SPACE',''
  ) );
#6692 = PCURVE('',#6412,#6693);
#6693 = DEFINITIONAL_REPRESENTATION('',(#6694),#6697);
#6694 = B_SPLINE_CURVE_WITH_KNOTS('',1,(#6695,#6696),.UNSPECIFIED.,.F.,
  .F.,(2,2),(10.75,23.75),.PIECEWISE_BEZIER_KNOTS.);
#6695 = CARTESIAN_POINT('',(-21.5,17.));
#6696 = CARTESIAN_POINT('',(-34.5,17.));
#6697 = ( GEOMETRIC_REPRESENTATION_CONTEXT(2) 
PARAMETRIC_REPRESENTATION_CONTEXT() REPRESENTATION_CONTEXT('2D SPACE',''
  ) );
#6698 = ORIENTED_EDGE('',*,*,#6424,.T.);
#6699 = ORIENTED_EDGE('',*,*,#6657,.F.);
#6700 = ORIENTED_EDGE('',*,*,#6604,.F.);
#6701 = ADVANCED_FACE('',(#6702),#6412,.F.);
#6702 = FACE_BOUND('',#6703,.F.);
#6703 = EDGE_LOOP('',(#6704,#6705,#6706,#6707));
#6704 = ORIENTED_EDGE('',*,*,#6388,.T.);
#6705 = ORIENTED_EDGE('',*,*,#6680,.F.);
#6706 = ORIENTED_EDGE('',*,*,#6580,.F.);
#6707 = ORIENTED_EDGE('',*,*,#6510,.T.);
#6708 = ( GEOMETRIC_REPRESENTATION_CONTEXT(3) 
GLOBAL_UNCERTAINTY_ASSIGNED_CONTEXT((#6712)) 
GLOBAL_UNIT_ASSIGNED_CONTEXT((#6709,#6710,#6711)) REPRESENTATION_CONTEXT
('Context #1','3D Context with UNIT and UNCERTAINTY') );
#6709 = ( LENGTH_UNIT() NAMED_UNIT(*) SI_UNIT(.MILLI.,.METRE.) );
#6710 = ( NAMED_UNIT(*) PLANE_ANGLE_UNIT() SI_UNIT($,.RADIAN.) );
#6711 = ( NAMED_UNIT(*) SI_UNIT($,.STERADIAN.) SOLID_ANGLE_UNIT() );
#6712 = UNCERTAINTY_MEASURE_WITH_UNIT(LENGTH_MEASURE(2.E-07),#6709,
  'distance_accuracy_value','confusion accuracy');
#6713 = CONTEXT_DEPENDENT_SHAPE_REPRESENTATION(#6714,#6716);
#6714 = ( REPRESENTATION_RELATIONSHIP('','',#6381,#10) 
REPRESENTATION_RELATIONSHIP_WITH_TRANSFORMATION(#6715) 
SHAPE_REPRESENTATION_RELATIONSHIP() );
#6715 = ITEM_DEFINED_TRANSFORMATION('','',#11,#43);
#6716 = PRODUCT_DEFINITION_SHAPE('Placement','Placement of an item',
  #6717);
#6717 = NEXT_ASSEMBLY_USAGE_OCCURRENCE('15','=>[0:1:1:9]','',#5,#6376,$
  );
#6718 = PRODUCT_RELATED_PRODUCT_CATEGORY('part',$,(#6378));
ENDSEC;
END-ISO-10303-21;
